version,policy,threshold,model,tasks,enabled,both_better,any_worse,mse_decrease_pct,mae_decrease_pct,mse_decrease_vs_v1_pct,mae_decrease_vs_v1_pct,mse_decrease_vs_matched_v1_pct,mae_decrease_vs_matched_v1_pct
reference_v1,tau0_original,0.0,TaTS,36,19,16,3,2.6795986284100914,2.0174568481475905,0.0,0.0,0.4716710417348471,0.44793191688044737
reference_v1,tau0_original,0.0,MM-TSFlib,36,20,19,1,5.321007826913224,3.764614652929421,0.0,0.0,1.529779802354366,1.1895578984301192
reference_v1,tau0_original,0.0,SpecTF,36,11,10,1,0.5911231950663117,0.39901117185828294,0.0,0.0,-0.02108432089930797,0.07818535193551844
reference_v1,tau0_original,0.0,CFA,36,10,6,4,0.4216012339099008,0.2523336249103515,0.0,0.0,0.12058426345551584,0.04998899702845042
reference_v1,tau0_original,0.0,Aurora,36,16,11,5,4.531891795733616,2.1131322184184462,0.0,0.0,1.538675333594861,0.7259650348384966
reference_v1,tau0_dense,0.0,TaTS,36,19,16,3,2.6919927926733638,2.017984363779899,0.012866629175383356,0.000508980972514629,0.4845414367999574,0.4484871824357892
reference_v1,tau0_dense,0.0,MM-TSFlib,36,20,19,1,5.276441970234183,3.7457944061926196,-0.050468185804341786,-0.021577729724059667,1.4825848975067502,1.1695601865254572
reference_v1,tau0_dense,0.0,SpecTF,36,11,10,1,0.6863407958520411,0.39501402151244924,0.10141152103837665,-0.0040568040480409235,0.08460930811559106,0.07416433425138523
reference_v1,tau0_dense,0.0,CFA,36,10,6,4,0.3804474726615276,0.2530621403379393,-0.04649832557209126,0.0005521365320118907,0.0746343698988393,0.05049911454450581
reference_v1,tau0_dense,0.0,Aurora,36,16,11,5,4.524857171781715,2.097237036582638,-0.0067129141355663936,-0.013889070342491046,1.5319100520066207,0.7114053323902044
reference_v1,tau0.0025_original,0.0025,TaTS,36,18,15,3,2.608676005555627,1.9696837998891732,-0.07414403186693014,-0.049994117519121715,0.3998384110761187,0.3996399117175595
reference_v1,tau0.0025_original,0.0025,MM-TSFlib,36,18,17,1,5.316549561819127,3.757844291976654,-0.00446050526690605,-0.006777927810468055,1.5253176942926983,1.1827786539217255
reference_v1,tau0.0025_original,0.0025,SpecTF,36,10,9,1,0.5920515283388686,0.399492017769534,0.0009222228600357867,0.0004856213804912659,-0.020159996096611517,0.07866090786399925
reference_v1,tau0.0025_original,0.0025,CFA,36,8,6,2,0.40590941848183554,0.22138484582093623,-0.015806960502018044,-0.03130642232838592,0.10477413085334983,0.018682117498328155
reference_v1,tau0.0025_original,0.0025,Aurora,36,11,10,1,4.55920197298846,2.1547410616158835,0.027107549351021134,0.04110275680334557,1.5659449685908982,0.7675250919394571
reference_v1,tau0.0025_dense,0.0025,TaTS,36,18,15,3,2.6363569705882437,1.9831389672016324,-0.044876096031852705,-0.035790546505893674,0.4282770008514073,0.413297889385557
reference_v1,tau0.0025_dense,0.0025,MM-TSFlib,36,18,17,1,5.271983708313123,3.7390240492019027,-0.054928687884893565,-0.028355653534167493,1.478122792625343,1.1627809459965346
reference_v1,tau0.0025_dense,0.0025,SpecTF,36,10,9,1,0.6881749345789813,0.3959477591488616,0.1032427019405458,-0.003116513913121547,0.08643993728844736,0.07509480994754446
reference_v1,tau0.0025_dense,0.0025,CFA,36,8,6,2,0.376488106881282,0.22010737802223634,-0.05050853573601731,-0.032823892473052285,0.07062098763476526,0.017122628337705295
reference_v1,tau0.0025_dense,0.0025,Aurora,36,12,10,2,4.529356219011396,2.1015800297519927,-0.0022344255089302833,-0.009561566842588513,1.536388540633257,0.7157328358901069
reference_v1,tau0.005_original,0.005,TaTS,36,18,15,3,2.521306502966284,1.8978186218205835,-0.16796230816594512,-0.12614841532825388,0.3108376151886117,0.32679598375947605
reference_v1,tau0.005_original,0.005,MM-TSFlib,36,17,17,0,5.287174466317533,3.7484683024496825,-0.035187792344291514,-0.016395920413202973,1.495942564110048,1.1734003441459864
reference_v1,tau0.005_original,0.005,SpecTF,36,9,8,1,0.5828885075268381,0.3899722918589899,-0.00827112393006387,-0.009066841789265312,-0.029328128172107257,0.06910401065988016
reference_v1,tau0.005_original,0.005,CFA,36,6,4,2,0.386430057766425,0.17034724760720357,-0.03610673179053799,-0.08317562023254263,0.08452835829228787,-0.033175723893934715
reference_v1,tau0.005_original,0.005,Aurora,36,11,10,1,4.55920197298846,2.1547410616158835,0.027107549351021134,0.04110275680334557,1.5659449685908982,0.7675250919394571
reference_v1,tau0.005_dense,0.005,TaTS,36,18,15,3,2.5436857930948444,1.907432149716209,-0.14472986883791358,-0.11624639478299989,0.33377567873375263,0.33650986705146174
reference_v1,tau0.005_dense,0.005,MM-TSFlib,36,17,17,0,5.266656821023374,3.740134285883132,-0.06048989040892652,-0.027281721620652725,1.472795870654539,1.163888862428997
reference_v1,tau0.005_dense,0.005,SpecTF,36,9,8,1,0.6775674413966787,0.3847451630578693,0.09260010214741962,-0.014357634463276696,0.07582652709542577,0.06384847152699213
reference_v1,tau0.005_dense,0.005,CFA,36,6,4,2,0.3409778014614306,0.16639089055343245,-0.08683681259066638,-0.08737826789294517,0.03434670950757421,-0.03742039057029375
reference_v1,tau0.005_dense,0.005,Aurora,36,11,10,1,4.545118575730683,2.1269625055799195,0.013401745478853262,0.015486517103644829,1.5521386810487519,0.7410939287829562
reference_v1,tau0.01_original,0.01,TaTS,36,14,11,3,2.4170245492569844,1.809554924509353,-0.27487019543828584,-0.21634159909541661,0.20561403143219784,0.23786749747555358
reference_v1,tau0.01_original,0.01,MM-TSFlib,36,17,17,0,5.266557660494424,3.73954191885238,-0.05676296642769128,-0.025497404372303176,1.4753257582869381,1.164473960548684
reference_v1,tau0.01_original,0.01,SpecTF,36,9,8,1,0.5828885075268381,0.3899722918589899,-0.00827112393006387,-0.009066841789265312,-0.029328128172107257,0.06910401065988016
reference_v1,tau0.01_original,0.01,CFA,36,5,4,1,0.4089839115872962,0.17050475940426327,-0.013887994555383809,-0.08301798822046044,0.10674709552744205,-0.03301809188185253
reference_v1,tau0.01_original,0.01,Aurora,36,10,9,1,4.384728454085449,1.995028401102007,-0.15878615275664956,-0.12707058966691478,1.3908672622836808,0.6074035486089665
reference_v1,tau0.01_dense,0.01,TaTS,36,14,11,3,2.4292412623484574,1.8079850975294498,-0.2621812690362842,-0.2179400930451467,0.2183067175923842,0.2363138983919704
reference_v1,tau0.01_dense,0.01,MM-TSFlib,36,17,17,0,5.2478386174409835,3.732580885611666,-0.08018285457177686,-0.034983289748219404,1.453977667072148,1.1563354621575301
reference_v1,tau0.01_dense,0.01,SpecTF,36,9,8,1,0.6575135659363801,0.38343821684336127,0.07162749383153341,-0.01567397985555811,0.05479983750969938,0.06252882133001476
reference_v1,tau0.01_dense,0.01,CFA,36,5,4,1,0.36074348627512054,0.16397049557615972,-0.0673941578771579,-0.08980053651318116,0.05380101229332431,-0.03984205168221665
reference_v1,tau0.01_dense,0.01,Aurora,36,10,9,1,4.370645056827673,1.9672498450660427,-0.17249195662881744,-0.15268682936661554,1.3770609747415345,0.5809723854524657
reference_v1,tau0.02_original,0.02,TaTS,36,13,11,2,2.465785021788935,1.800224613782834,-0.2263343553914483,-0.22563732048942586,0.25421245236753964,0.22856807869824664
reference_v1,tau0.02_original,0.02,MM-TSFlib,36,16,16,0,5.173482940359985,3.6902141626568885,-0.151827716612755,-0.07537478362242525,1.3810214589089143,1.114782946245846
reference_v1,tau0.02_original,0.02,SpecTF,36,7,6,1,0.2649320642958774,0.3060242396631336,-0.34425929420894064,-0.09470936913084001,-0.3752245342538816,-0.016418590721935397
reference_v1,tau0.02_original,0.02,CFA,36,5,3,2,0.27858071246221017,0.13785312018532203,-0.1585943448779529,-0.11651822131199283,-0.0364439833242315,-0.06665005066116497
reference_v1,tau0.02_original,0.02,Aurora,36,7,6,1,4.2633939321688485,1.8417164098597176,-0.28401331151530823,-0.28464770200044626,1.26840337768905,0.45245857865546096
reference_v1,tau0.02_dense,0.02,TaTS,36,13,11,2,2.4741882617609825,1.7979507637521028,-0.21766133120917502,-0.22797348526136207,0.26288923630799765,0.22627680879245726
reference_v1,tau0.02_dense,0.02,MM-TSFlib,36,16,16,0,5.142991929514526,3.676956422009737,-0.18779590207667157,-0.09130752743379883,1.3479947702742736,1.1003687420579462
reference_v1,tau0.02_dense,0.02,SpecTF,36,7,6,1,0.2616601535653348,0.3055349321442469,-0.34754138387307926,-0.09520089266732516,-0.37850662391802015,-0.016910114258420546
reference_v1,tau0.02_dense,0.02,CFA,36,5,3,2,0.35481815487204255,0.15945762751923645,-0.07337744934379528,-0.09431700511630854,0.047875680890246346,-0.044354919739139936
reference_v1,tau0.02_dense,0.02,Aurora,36,7,6,1,4.249310534911071,1.8139378538237534,-0.2977191153874761,-0.31026394170014693,1.254597090146904,0.42602741549896006
matched_v1,tau0_original,0.0,TaTS,36,17,16,1,2.2323120816526494,1.5799004879677618,-0.49108688569170966,-0.4625023279151301,0.0,0.0
matched_v1,tau0_original,0.0,MM-TSFlib,36,19,17,2,3.928798878110259,2.6746866040151347,-1.6479453381539426,-1.3151653733431758,0.0,0.0
matched_v1,tau0_original,0.0,SpecTF,36,11,10,1,0.5969574834916216,0.32093636921431845,0.009983345985083016,-0.07937737665178746,0.0,0.0
matched_v1,tau0_original,0.0,CFA,36,9,5,4,0.3045277814939904,0.20236896434656496,-0.12470813108178362,-0.05167856131218044,0.0,0.0
matched_v1,tau0_original,0.0,Aurora,36,15,10,5,3.1810009247775266,1.4293441502615096,-1.7189795019461107,-0.7789038623890626,0.0,0.0
matched_v1,tau0_dense,0.0,TaTS,36,17,16,1,2.243237248316662,1.5812103837205862,-0.4796389878432961,-0.46115897754825635,0.011436423191886943,0.0013349286289194974
matched_v1,tau0_dense,0.0,MM-TSFlib,36,19,17,2,3.9122131373246924,2.664241281811553,-1.6677819195112789,-1.3267421107001258,-0.018462736536327868,-0.011094549015539277
matched_v1,tau0_dense,0.0,SpecTF,36,11,10,1,0.585242939131703,0.3380554880861327,-0.003060219500382476,-0.06208067914235085,-0.0152605694985856,0.017239903174862743
matched_v1,tau0_dense,0.0,CFA,36,9,5,4,0.2677508055898883,0.19579958534385072,-0.16655933319475888,-0.05858015594829322,-0.041362027242938186,-0.006945570867572835
matched_v1,tau0_dense,0.0,Aurora,36,15,10,5,3.181395062745052,1.4295266712800043,-1.7185879737866447,-0.7787233977238484,0.00039152815946574826,0.00018046466521426385
matched_v1,tau0.0025_original,0.0025,TaTS,36,14,13,1,2.1295198996995377,1.515850319562557,-0.5980822476263038,-0.5288753720586792,-0.104346877823235,-0.06471469179498979
matched_v1,tau0.0025_original,0.0025,MM-TSFlib,36,15,14,1,3.8973091902116703,2.6510908889579046,-1.6800419996136151,-1.3389686667411427,-0.03175916707041063,-0.023707132991864405
matched_v1,tau0.0025_original,0.0025,SpecTF,36,8,8,0,0.59601815247173,0.316557755922273,0.009037656586805628,-0.08376705068148156,-0.0009445390416782137,-0.00440190769076655
matched_v1,tau0.0025_original,0.0025,CFA,36,6,4,2,0.2766996818535514,0.15954559177588615,-0.15299906335919963,-0.09506847518622463,-0.02805797810793431,-0.04325428231465188
matched_v1,tau0.0025_original,0.0025,Aurora,36,10,9,1,3.1880486416999494,1.4362117181665444,-1.7119722015637762,-0.772084695012634,0.007022878683985496,0.006848048868206742
matched_v1,tau0.0025_dense,0.0025,TaTS,36,14,13,1,2.1385175220225157,1.5162723571789227,-0.588608652234612,-0.5284371065459939,-0.09487328243154322,-0.06427642628230436
matched_v1,tau0.0025_dense,0.0025,MM-TSFlib,36,15,14,1,3.8823391392298023,2.6416491924877588,-1.69822674582568,-1.3495298477674018,-0.048590336538193814,-0.033791940145440194
matched_v1,tau0.0025_dense,0.0025,SpecTF,36,8,8,0,0.5714167676464288,0.3334377221436261,-0.01747373369352132,-0.06671412851588757,-0.029707510629759886,0.012592138397802329
matched_v1,tau0.0025_dense,0.0025,CFA,36,6,4,2,0.2565578312003316,0.15456343257009472,-0.17795862529855674,-0.10032924411240399,-0.05266059699036615,-0.04864014754081855
matched_v1,tau0.0025_dense,0.0025,Aurora,36,10,9,1,3.1880486416999494,1.4362117181665444,-1.7119722015637762,-0.772084695012634,0.007022878683985496,0.006848048868206742
matched_v1,tau0.005_original,0.005,TaTS,36,14,13,1,2.1295198996995377,1.515850319562557,-0.5980822476263038,-0.5288753720586792,-0.104346877823235,-0.06471469179498979
matched_v1,tau0.005_original,0.005,MM-TSFlib,36,14,14,0,3.8429708710065578,2.624443093765883,-1.741755718400636,-1.3677041659579945,-0.08939769483290172,-0.05123744206350059
matched_v1,tau0.005_original,0.005,SpecTF,36,8,8,0,0.5955247008471757,0.3137342000971257,0.008542571832364152,-0.08660031639531854,-0.0014382659205743515,-0.007236488541580001
matched_v1,tau0.005_original,0.005,CFA,36,3,2,1,0.2567267163472182,0.10816380370499085,-0.1737983264923131,-0.14728775023847654,-0.048803332346899736,-0.09546224498001483
matched_v1,tau0.005_original,0.005,Aurora,36,9,8,1,3.1604964055137934,1.4118155850673748,-1.7405582984527959,-0.7973609143545094,-0.020805380580051398,-0.017764244352224307
matched_v1,tau0.005_dense,0.005,TaTS,36,14,13,1,2.1385175220225157,1.5162723571789227,-0.588608652234612,-0.5284371065459939,-0.09487328243154322,-0.06427642628230436
matched_v1,tau0.005_dense,0.005,MM-TSFlib,36,14,14,0,3.8278975310868244,2.614978906136812,-1.7600493102618997,-1.378288498221465,-0.1063329443260205,-0.06134483249565873
matched_v1,tau0.005_dense,0.005,SpecTF,36,8,8,0,0.5712452243561322,0.3292647793243783,-0.017645844724322672,-0.07090142161286753,-0.02987914960934584,0.00840290165538271
matched_v1,tau0.005_dense,0.005,CFA,36,3,2,1,0.21358498324239458,0.09554821757121652,-0.22200941668681484,-0.1603246987806697,-0.09648314171351652,-0.10853105334294455
matched_v1,tau0.005_dense,0.005,Aurora,36,9,8,1,3.1604964055137934,1.4118155850673748,-1.7405582984527959,-0.7973609143545094,-0.020805380580051398,-0.017764244352224307
matched_v1,tau0.01_original,0.01,TaTS,36,12,11,1,2.0853357403824933,1.4897478398438961,-0.6427363394980525,-0.5551779149345046,-0.1490009696949836,-0.09101723467081521
matched_v1,tau0.01_original,0.01,MM-TSFlib,36,14,14,0,3.8429708710065578,2.624443093765883,-1.741755718400636,-1.3677041659579945,-0.08939769483290172,-0.05123744206350059
matched_v1,tau0.01_original,0.01,SpecTF,36,7,7,0,0.5128528266103818,0.32271766552925224,-0.07967367604111092,-0.07748360705410585,-0.09408719201764264,0.001813327090815436
matched_v1,tau0.01_original,0.01,CFA,36,2,2,0,0.24053755753245346,0.09474029376089889,-0.19473229315987656,-0.16111178456861028,-0.06928416166597476,-0.10935021523853228
matched_v1,tau0.01_original,0.01,Aurora,36,9,8,1,3.1614881438575364,1.4448332845913119,-1.742542150967144,-0.7697428643269904,-0.02084269007325433,0.01221790439428093
matched_v1,tau0.01_dense,0.01,TaTS,36,12,11,1,2.094333362705471,1.4901698774602619,-0.6332627441063606,-0.5547396494218193,-0.13952737430329185,-0.09057896915812978
matched_v1,tau0.01_dense,0.01,MM-TSFlib,36,14,14,0,3.8278975310868244,2.614978906136812,-1.7600493102618997,-1.378288498221465,-0.1063329443260205,-0.06134483249565873
matched_v1,tau0.01_dense,0.01,SpecTF,36,7,7,0,0.5557123741031098,0.3235043228529414,-0.033849294821149276,-0.07668863396258373,-0.04611923153044977,0.002609187945731839
matched_v1,tau0.01_dense,0.01,CFA,36,2,2,0,0.23454146537406906,0.09388926397057111,-0.20136431658308027,-0.1619849185159653,-0.07583804160978197,-0.11019127307824018
matched_v1,tau0.01_dense,0.01,Aurora,36,9,8,1,3.1614881438575364,1.4448332845913119,-1.742542150967144,-0.7697428643269904,-0.02084269007325433,0.01221790439428093
matched_v1,tau0.02_original,0.02,TaTS,36,10,10,0,2.1096738265431907,1.4566657876016516,-0.6193631852788796,-0.588988728446059,-0.12490756658756948,-0.12425630711510902
matched_v1,tau0.02_original,0.02,MM-TSFlib,36,14,14,0,3.812778327106079,2.608858307460834,-1.772537516333238,-1.3834398998381126,-0.12018140750925389,-0.06697568966084416
matched_v1,tau0.02_original,0.02,SpecTF,36,5,5,0,0.14389073978472136,0.23392259766873919,-0.46997678659206105,-0.16799868061280415,-0.49671535545224427,-0.08861017148622098
matched_v1,tau0.02_original,0.02,CFA,36,2,2,0,0.07467115782240877,0.03471794709390809,-0.37947744195385036,-0.22290481017225983,-0.2520893410188839,-0.17142581048466093
matched_v1,tau0.02_original,0.02,Aurora,36,7,6,1,3.1608397043266145,1.4353664288685415,-1.743855715985859,-0.7836541053551364,-0.02201196292808405,-0.00031081669125872696
matched_v1,tau0.02_dense,0.02,TaTS,36,10,10,0,2.1147981627687904,1.456719253981863,-0.6139667560200445,-0.5889461733227939,-0.11951078126262635,-0.12421693390158214
matched_v1,tau0.02_dense,0.02,MM-TSFlib,36,14,14,0,3.797704987186345,2.5993941198317625,-1.7908311081945019,-1.3940242321015832,-0.13711665700237263,-0.0770830800930023
matched_v1,tau0.02_dense,0.02,SpecTF,36,5,5,0,0.14061882905417877,0.23343329014985248,-0.47325887625619956,-0.16849020414928928,-0.49999744511638283,-0.08910169502270612
matched_v1,tau0.02_dense,0.02,CFA,36,2,2,0,0.10102670227140774,0.04125887370193753,-0.3500755975822031,-0.2161679225801547,-0.2229877371352767,-0.16462204737114566
matched_v1,tau0.02_dense,0.02,Aurora,36,7,6,1,3.1608397043266145,1.4353664288685415,-1.743855715985859,-0.7836541053551364,-0.02201196292808405,-0.00031081669125872696
V1-P1,tau0_original,0.0,TaTS,36,19,17,2,2.90751261737805,2.181571859951026,0.22848050072185197,0.1654821912419009,0.6995316862686137,0.613420604230843
V1-P1,tau0_original,0.0,MM-TSFlib,36,19,18,1,4.818738330672236,3.4576301718489106,-0.5769331472747253,-0.3825537114338273,1.0013957802967726,0.8529664986123207
V1-P1,tau0_original,0.0,SpecTF,36,9,7,2,0.6409168307967766,0.3885051648146386,0.05271307172947721,-0.009517310989740993,0.03275038998333135,0.06870607795150376
V1-P1,tau0_original,0.0,CFA,36,8,4,4,0.4223861371582511,0.23612161164960435,0.00023625446790761137,-0.016552170566269366,0.12328791714938363,0.034369686974944975
V1-P1,tau0_original,0.0,Aurora,36,17,12,5,4.893876140256519,2.4759072083447635,0.32368669630520996,0.3486131168641101,1.8914240332977634,1.0876897540231156
V1-P1,tau0_dense,0.0,TaTS,36,19,17,2,2.9075289356187795,2.183263035031101,0.22849656064357593,0.16718217392431756,0.6995477497463947,0.6151218265932895
V1-P1,tau0_dense,0.0,MM-TSFlib,36,21,20,1,4.8359496404831,3.45726970759809,-0.5608902200218076,-0.38370804742227127,1.0174611406434309,0.8521055282581504
V1-P1,tau0_dense,0.0,SpecTF,36,10,9,1,0.7516975832121902,0.3853841294449545,0.17031444191733186,-0.012695431439557758,0.1550516169399018,0.06556662696704672
V1-P1,tau0_dense,0.0,CFA,36,9,6,3,0.3718099046573022,0.23590922094595987,-0.056000797393097414,-0.017021191390097376,0.06757293107519596,0.03380439190100849
V1-P1,tau0_dense,0.0,Aurora,36,17,12,5,4.901612686722077,2.4904334032584163,0.3311098928892044,0.36139356582635207,1.8988858340803152,1.1010344917233565
V1-P1,tau0.0025_original,0.0025,TaTS,36,16,14,2,2.784305552386534,2.0921327414431006,0.10020501517324822,0.0726468647854821,0.5747206167301934,0.5230311717853782
V1-P1,tau0.0025_original,0.0025,MM-TSFlib,36,17,16,1,4.80766014656739,3.4406292623647428,-0.5880192778318565,-0.3995730304767144,0.9903096497404498,0.8359471795699427
V1-P1,tau0.0025_original,0.0025,SpecTF,36,8,6,2,0.6390853732939877,0.38582494547038226,0.05088039377473849,-0.012199905861662617,0.03091771202859264,0.06602348307958213
V1-P1,tau0.0025_original,0.0025,CFA,36,6,3,3,0.39595738061109187,0.17889820362700895,-0.026415827069872777,-0.07458069118801795,0.09657133146006393,-0.02367708275648781
V1-P1,tau0.0025_original,0.0025,Aurora,36,14,12,2,4.883148236509862,2.4599759344581247,0.3130108372150859,0.3328782610468869,1.8806721199852179,1.0717385760556513
V1-P1,tau0.0025_dense,0.0025,TaTS,36,16,14,2,2.808672658694742,2.1156310982551396,0.12669401562706506,0.09769073565054663,0.5996373644104716,0.5468877640370736
V1-P1,tau0.0025_dense,0.0025,MM-TSFlib,36,17,16,1,4.8027374880591776,3.430836266895091,-0.5952579375338751,-0.4104169649109495,0.9841757492212976,0.8256393500218551
V1-P1,tau0.0025_dense,0.0025,SpecTF,36,8,7,1,0.7481667200738592,0.38172582031657054,0.1667853420310771,-0.01635842960535372,0.15152123129335038,0.06190697665889527
V1-P1,tau0.0025_dense,0.0025,CFA,36,6,4,2,0.347533142587767,0.16840041966982794,-0.0805573294009179,-0.08544949219812464,0.04302054023637055,-0.034605244207587385
V1-P1,tau0.0025_dense,0.0025,Aurora,36,14,12,2,4.896684109953363,2.484825349136255,0.32616280422317634,0.3558113936344913,1.8939256924604184,1.0953950193306454
V1-P1,tau0.005_original,0.005,TaTS,36,15,13,2,2.715736454058527,2.028071885274165,0.025923317414726175,0.004808185878777787,0.5046684909968355,0.4580633927933073
V1-P1,tau0.005_original,0.005,MM-TSFlib,36,15,15,0,4.805478611014265,3.44173138196786,-0.5902006834254835,-0.39847556485826446,0.9881282663374468,0.8370455118050969
V1-P1,tau0.005_original,0.005,SpecTF,36,7,6,1,0.6398808329951874,0.38275094471617216,0.05167832815576404,-0.015287828412506125,0.03171564640961819,0.06293556052873862
V1-P1,tau0.005_original,0.005,CFA,36,5,2,3,0.375682644246517,0.161903646829089,-0.04701469797577148,-0.0918379644316964,0.07597053807023701,-0.04093624613789099
V1-P1,tau0.005_original,0.005,Aurora,36,13,12,1,4.899749988036543,2.4860694892801627,0.329479683225292,0.35862805614445237,1.8972610046517113,1.097810148909007
V1-P1,tau0.005_dense,0.005,TaTS,36,15,13,2,2.715736454058527,2.028071885274165,0.025923317414726175,0.004808185878777787,0.5046684909968355,0.4580633927933073
V1-P1,tau0.005_dense,0.005,MM-TSFlib,36,15,15,0,4.799560953925461,3.430622071353102,-0.5984343417080928,-0.4106358144376059,0.980999367237704,0.825421367111903
V1-P1,tau0.005_dense,0.005,SpecTF,36,7,6,1,0.7476835985885836,0.37875838914413545,0.16630071755200926,-0.01933929993301732,0.15103660681428255,0.058926106331231666
V1-P1,tau0.005_dense,0.005,CFA,36,5,2,3,0.3278839223481707,0.15329287196483576,-0.10054493763895284,-0.10081268817558856,0.023031114813163507,-0.04997027942142191
V1-P1,tau0.005_dense,0.005,Aurora,36,13,12,1,4.913285861480045,2.5109189039582924,0.3426316502333824,0.38156118873205686,1.9105145771269116,1.1214665921840012
V1-P1,tau0.01_original,0.01,TaTS,36,13,11,2,2.5309084915115116,1.873157572976664,-0.16986136286007025,-0.1578368310896515,0.31708362049312033,0.30136647429429586
V1-P1,tau0.01_original,0.01,MM-TSFlib,36,14,14,0,4.726546940887042,3.362800154239301,-0.6706500164574819,-0.479149059541469,0.9082215285001287,0.757299235324429
V1-P1,tau0.01_original,0.01,SpecTF,36,7,6,1,0.6398808329951874,0.38275094471617216,0.05167832815576404,-0.015287828412506125,0.03171564640961819,0.06293556052873862
V1-P1,tau0.01_original,0.01,CFA,36,3,3,0,0.40326450935519975,0.17015615191159564,-0.019803540016290352,-0.08357915495530474,0.10318169602971812,-0.03267743666149933
V1-P1,tau0.01_original,0.01,Aurora,36,12,11,1,4.897271721577569,2.4822970423836646,0.3269985019902725,0.35485125333267226,1.894779823416692,1.094033346097227
V1-P1,tau0.01_dense,0.01,TaTS,36,13,11,2,2.5309084915115116,1.873157572976664,-0.16986136286007025,-0.1578368310896515,0.31708362049312033,0.30136647429429586
V1-P1,tau0.01_dense,0.01,MM-TSFlib,36,15,15,0,4.773613643143782,3.4082453122107155,-0.6248438165245528,-0.43340301073106524,0.9544965896801421,0.802786378533818
V1-P1,tau0.01_dense,0.01,SpecTF,36,7,6,1,0.725308679883904,0.37608175076813993,0.14290073149833796,-0.02203518791519563,0.12757628010383817,0.05622345007735563
V1-P1,tau0.01_dense,0.01,CFA,36,3,2,1,0.35280833782521515,0.15675334375403163,-0.07600873386431524,-0.09735588334211448,0.047567318587801104,-0.04651347458794783
V1-P1,tau0.01_dense,0.01,Aurora,36,12,11,1,4.91080759502107,2.5071464570617947,0.34015046899836293,0.3777843859202767,1.9080333958918922,1.117689789372221
V1-P1,tau0.02_original,0.02,TaTS,36,11,10,1,2.5254792323968545,1.8396830515964449,-0.17576579014873497,-0.19129857596026303,0.3108523801692295,0.26780927484664485
V1-P1,tau0.02_original,0.02,MM-TSFlib,36,14,14,0,4.604784866025881,3.2975099010996867,-0.8048176017865304,-0.547980206890231,0.7805170827711418,0.6904062842985523
V1-P1,tau0.02_original,0.02,SpecTF,36,5,4,1,0.30852384926014903,0.3197805112532287,-0.29917325842152287,-0.07887056458781325,-0.33013984232189775,-0.000531304327372781
V1-P1,tau0.02_original,0.02,CFA,36,2,2,0,0.2944541362742174,0.14297033374738063,-0.13913171469896704,-0.11155989862374452,-0.015080901451943062,-0.060784917629871
V1-P1,tau0.02_original,0.02,Aurora,36,9,8,1,4.503170881494788,2.045603294946356,-0.0708333906680862,-0.0859720173753116,1.4995423986109633,0.6557348965356838
V1-P1,tau0.02_dense,0.02,TaTS,36,11,10,1,2.5254792323968545,1.8396830515964449,-0.17576579014873497,-0.19129857596026303,0.3108523801692295,0.26780927484664485
V1-P1,tau0.02_dense,0.02,MM-TSFlib,36,14,14,0,4.59659489949511,3.2921550334032252,-0.8147572638567243,-0.5539688560112792,0.771315464067028,0.6846874903944203
V1-P1,tau0.02_dense,0.02,SpecTF,36,5,4,1,0.30852384926014903,0.3197805112532287,-0.29917325842152287,-0.07887056458781325,-0.33013984232189775,-0.000531304327372781
V1-P1,tau0.02_dense,0.02,CFA,36,2,2,0,0.3350459425716875,0.15729307686930075,-0.09391978927373436,-0.09681462987646272,0.029656263178381992,-0.04597222112229608
V1-P1,tau0.02_dense,0.02,Aurora,36,9,8,1,4.5174115054408555,2.070259017264097,-0.05697457555056773,-0.06323552624730538,1.513502819195592,0.6791946983510797
