version,policy,model,domain,horizon,enabled_seeds,baseline_mse,mse,mse_std,v1_mse,mse_decrease_pct,mse_decrease_vs_v1_pct,matched_v1_mse,mse_decrease_vs_matched_v1_pct,baseline_mae,mae,mae_std,v1_mae,mae_decrease_pct,mae_decrease_vs_v1_pct,matched_v1_mae,mae_decrease_vs_matched_v1_pct
V1-P1,tau0_original,TaTS,Agriculture,6,3,0.49579507604065326,0.39879276563082805,0.0014888881955380637,0.4014099573914715,19.565000762910234,0.6519997106327557,0.4047047080925894,1.4608039747362689,0.597170186592332,0.5307097878157387,0.0010357535365257448,0.5338171457708868,11.129222501183488,0.582101564134041,0.5359241059204084,0.9729583064218561
V1-P1,tau0_original,MM-TSFlib,Agriculture,6,3,3.0201228416151027,2.3462828262171267,0.009361321497246852,2.352992130939326,22.31167574089865,0.28513927581733656,2.3957446771658097,2.0645710463268907,1.2793749966097216,1.1116214415705796,0.002721478796609307,1.1133576649159684,13.11214893863647,0.1559447965465699,1.124931821445483,1.183216584432667
V1-P1,tau0_original,SpecTF,Agriculture,6,3,0.2098411645526121,0.19503883813547426,6.878917737306632e-05,0.19651180213955355,7.054062270716443,0.7495549824703462,0.1870035507331652,-4.2968635466043015,0.29948388388816344,0.29568815548369226,0.00019029935900901048,0.29601447872518083,1.2674232600404678,0.11023894604544893,0.29756901654509504,0.6320755713213666
V1-P1,tau0_original,CFA,Agriculture,6,0,0.16785088749539434,0.16785088749539434,0.0,0.16785088749539434,0.0,0.0,0.16785088749539434,0.0,0.28960072571504203,0.28960072571504203,0.0,0.28960072571504203,0.0,0.0,0.28960072571504203,0.0
V1-P1,tau0_original,Aurora,Agriculture,6,3,0.9220825499208489,0.6123797379431767,0.0027198776487792745,0.6160356474338037,33.587319487203935,0.5934574575118035,0.6306672973252843,2.899715818414361,0.6908093629576636,0.5837270282120851,0.0008281296135197885,0.5857747328901404,15.500996438020342,0.34957203905878753,0.5903511178408954,1.1220593014267144
V1-P1,tau0_original,TaTS,Agriculture,8,3,0.4841925676786266,0.45103549373708196,0.0032270355716425554,0.44542332624822273,6.847910553544889,-1.2599626373702044,0.456804530903456,1.2629115466442964,0.572499158265798,0.5400300400628559,0.0022931455001495137,0.5359012409504773,5.671470033475123,-0.7704402969949786,0.5500870812414349,1.828263473463565
V1-P1,tau0_original,MM-TSFlib,Agriculture,8,3,3.1082829187258283,2.4707100831047852,0.01544577172792003,2.438409532022639,20.512059303868067,-1.3246565295105928,2.658747942777786,7.072421444980758,1.2896458072506862,1.1351139883956183,0.003886937618508915,1.1267352222424487,11.982500775503969,-0.7436322205756518,1.182172699574975,3.9806968301903556
V1-P1,tau0_original,SpecTF,Agriculture,8,0,0.285905947009229,0.285905947009229,0.0,0.285905947009229,0.0,0.0,0.285905947009229,0.0,0.37219004835123604,0.372190048351236,6.798699777552591e-17,0.372190048351236,1.1102230246251565e-14,0.0,0.372190048351236,0.0
V1-P1,tau0_original,CFA,Agriculture,8,0,0.2135153200313922,0.2135153200313922,0.0,0.2135153200313922,0.0,0.0,0.2135153200313922,0.0,0.3195646000297173,0.3195646000297173,0.0,0.3195646000297173,0.0,0.0,0.3195646000297173,0.0
V1-P1,tau0_original,Aurora,Agriculture,8,3,1.000703602706396,0.6984608144350771,0.006801476483370882,0.6853185893626463,30.20302789496364,-1.917681101376978,0.7814996885369595,10.625579935590112,0.7222759692889192,0.6232505263085815,0.0021843612848631653,0.6192309787847857,13.710194882688443,-0.6491192562238846,0.6501380372522534,4.135661875331809
V1-P1,tau0_original,TaTS,Agriculture,10,3,0.6602757535858196,0.5670861724352844,0.0010562362334524578,0.5686815968912184,14.113736669026855,0.2805479313302439,0.5698193627093897,0.47965907320339785,0.6446413748794132,0.5842176467842526,0.0009526062147879591,0.5874441651061729,9.373231450814568,0.5492468073688639,0.5871568998142525,0.5005907332315651
V1-P1,tau0_original,MM-TSFlib,Agriculture,10,3,3.1341403583348333,2.4678484897208213,0.005954497849705787,2.471275613394934,21.259158570933067,0.13867832691492055,2.504571247674852,1.466229319214729,1.297273069355223,1.1355818620434512,0.0016699678074261362,1.136451283207646,12.463930002966627,0.07650316181974093,1.1453166979330558,0.8499689131550192
V1-P1,tau0_original,SpecTF,Agriculture,10,3,0.3745156939748262,0.35625884358332033,0.000131820017911133,0.3581095384883252,4.874789143744951,0.5167957583082416,0.35718847012402594,0.2602621916611203,0.44496886783176,0.44052134906804125,9.660520992283226e-05,0.44179163067429156,0.9995123446254972,0.2875295768531294,0.44068525031760886,0.03719236108979951
V1-P1,tau0_original,CFA,Agriculture,10,0,0.29576657031370107,0.29576657031370107,0.0,0.29576657031370107,0.0,0.0,0.29576657031370107,0.0,0.37098269012239243,0.37098269012239243,0.0,0.37098269012239243,0.0,0.0,0.37098269012239243,0.0
V1-P1,tau0_original,Aurora,Agriculture,10,3,1.0489926219606276,0.7326247429868493,0.0019849964854850807,0.7377202577328122,30.159209164166334,0.6907109697140035,0.7478190308976774,2.031813484686129,0.7414448785781861,0.6415935380370529,0.0006089665821908209,0.644319008588791,13.467129307388392,0.4230001777702497,0.6466157246077503,0.7766879739499077
V1-P1,tau0_original,TaTS,Agriculture,12,3,0.8091895099223382,0.6913876378728827,0.00527902319692591,0.6863420606258496,14.558007809661477,-0.7351403238251564,0.7101075759308694,2.6362115674441244,0.7172219355901083,0.6553341360631013,0.0032832494028261204,0.6543863240742321,8.628821353056859,-0.14483982228847836,0.6673857940718381,1.805800800045121
V1-P1,tau0_original,MM-TSFlib,Agriculture,12,3,3.444487867309843,2.7991756667358154,0.016596495217006426,2.7743474664125984,18.73463415848867,-0.8949203596087862,2.9216962777168294,4.193475273780278,1.3908870386129075,1.242949508657359,0.004360951144327247,1.2365340930644912,10.636200198046453,-0.5188223785216106,1.273309297934927,2.384321651212784
V1-P1,tau0_original,SpecTF,Agriculture,12,0,0.35785318025578033,0.35785318025578033,0.0,0.35785318025578033,0.0,0.0,0.35785318025578033,0.0,0.42091696788415767,0.4209169678841576,6.798699777552591e-17,0.4209169678841576,1.1102230246251565e-14,0.0,0.4209169678841576,0.0
V1-P1,tau0_original,CFA,Agriculture,12,3,0.37551116732851375,0.3341299192220575,0.00041845043311112466,0.33713840813842477,11.01997802112078,0.8923601831601569,0.34071619631441075,1.9330683905250834,0.4144204809810176,0.39922347905659916,0.0005155667459626474,0.40254526352039494,3.667048956761021,0.8251952674205199,0.40071286754024144,0.37168471598748587
V1-P1,tau0_original,Aurora,Agriculture,12,3,1.0627157999916093,0.7716000380838873,0.007272273673446327,0.7661397881194146,27.393566738164655,-0.7126963054451929,0.8254771779272598,6.526787327864813,0.7462488257072188,0.6556638197390119,0.0022308246553880496,0.6554555491817118,12.138713368474608,-0.03177493234440831,0.6719723599727708,2.4269659297325497
V1-P1,tau0_original,TaTS,Climate,6,0,1.1433486550950163,1.1433486550950163,0.0,1.1433486550950163,0.0,0.0,1.1433486550950163,0.0,0.8512762332391258,0.8512762332391258,0.0,0.8512762332391258,0.0,0.0,0.8512762332391258,0.0
V1-P1,tau0_original,MM-TSFlib,Climate,6,0,1.1941477400109357,1.1941477400109357,0.0,1.1941477400109357,0.0,0.0,1.1941477400109357,0.0,0.8785688413343399,0.8785688413343399,0.0,0.8785688413343399,0.0,0.0,0.8785688413343399,0.0
V1-P1,tau0_original,SpecTF,Climate,6,0,1.0572414052259043,1.0572414052328372,0.0,1.0572414052328372,-6.55764331725095e-10,0.0,1.0572414052328372,0.0,0.8341966694260531,0.8341966694384378,1.3597399555105182e-16,0.8341966694384378,-1.4846346374497443e-09,0.0,0.8341966694384378,0.0
V1-P1,tau0_original,CFA,Climate,6,0,1.2072524518723515,1.207252451827332,0.0,1.207252451827332,3.7290948107226995e-09,0.0,1.207252451827332,0.0,0.8877422128843658,0.887742212835653,1.3597399555105182e-16,0.887742212835653,5.48726619697959e-09,0.0,0.887742212835653,0.0
V1-P1,tau0_original,Aurora,Climate,6,0,1.1349327105336318,1.1349327105976588,0.0,1.1349327105976588,-5.6414872773302704e-09,0.0,1.1349327105976588,0.0,0.8616187951697127,0.8616187952014096,0.0,0.8616187952014096,-3.678768401016441e-09,0.0,0.8616187952014096,0.0
V1-P1,tau0_original,TaTS,Climate,8,0,1.1675973042594807,1.1675973043756265,0.0,1.1675973043756265,-9.947420664957463e-09,0.0,1.1675973043756265,0.0,0.8678113940556574,0.8678113940455342,1.3597399555105182e-16,0.8678113940455342,1.1665224342038982e-09,0.0,0.8678113940455342,0.0
V1-P1,tau0_original,MM-TSFlib,Climate,8,0,1.3202855790609833,1.3202855790648724,0.0,1.3202855790648724,-2.9456437289354653e-10,0.0,1.3202855790648724,0.0,0.9247054916578117,0.924705491632504,0.0,0.924705491632504,2.736832982463966e-09,0.0,0.924705491632504,0.0
V1-P1,tau0_original,SpecTF,Climate,8,0,1.07353160690252,1.07353160690252,0.0,1.07353160690252,0.0,0.0,1.07353160690252,0.0,0.8403140751279945,0.8403140751279944,1.3597399555105182e-16,0.8403140751279944,1.1102230246251565e-14,0.0,0.8403140751279944,0.0
V1-P1,tau0_original,CFA,Climate,8,0,1.1615048166871749,1.1615048166871749,0.0,1.1615048166871749,0.0,0.0,1.1615048166871749,0.0,0.8794871590760759,0.8794871590760759,0.0,0.8794871590760759,0.0,0.0,0.8794871590760759,0.0
V1-P1,tau0_original,Aurora,Climate,8,0,1.1448523384243392,1.1448523384243392,0.0,1.1448523384243392,0.0,0.0,1.1448523384243392,0.0,0.8674248015116993,0.8674248015116993,0.0,0.8674248015116993,0.0,0.0,0.8674248015116993,0.0
V1-P1,tau0_original,TaTS,Climate,10,0,1.1619446589645592,1.1619446589774514,0.0,1.1619446589774514,-1.109534686349889e-09,0.0,1.1619446589774514,0.0,0.8608195766972171,0.8608195766846701,0.0,0.8608195766846701,1.4575562978791368e-09,0.0,0.8608195766846701,0.0
V1-P1,tau0_original,MM-TSFlib,Climate,10,0,1.2405914477230617,1.2405914477497597,0.0,1.2405914477497597,-2.152034106472911e-09,0.0,1.2405914477497597,0.0,0.8979152856917224,0.8979152856996128,0.0,0.8979152856996128,-8.787415239908114e-10,0.0,0.8979152856996128,0.0
V1-P1,tau0_original,SpecTF,Climate,10,0,1.1226732238917876,1.1226732238917876,0.0,1.1226732238917876,0.0,0.0,1.1226732238917876,0.0,0.8515015271989331,0.8515015271989331,0.0,0.8515015271989331,0.0,0.0,0.8515015271989331,0.0
V1-P1,tau0_original,CFA,Climate,10,0,1.0921057930035716,1.0921057930063105,0.0,1.0921057930063105,-2.5079938126282286e-10,0.0,1.0921057930063105,0.0,0.8498655628878623,0.8498655628920014,1.3597399555105182e-16,0.8498655628920014,-4.870326364425637e-10,0.0,0.8498655628920014,0.0
V1-P1,tau0_original,Aurora,Climate,10,0,1.160987237939077,1.1609872381995572,0.0,1.1609872381995572,-2.243607521990043e-08,0.0,1.1609872381995572,0.0,0.8762681714300561,0.8762681715233095,1.3597399555105182e-16,0.8762681715233095,-1.0642109415925916e-08,0.0,0.8762681715233095,0.0
V1-P1,tau0_original,TaTS,Climate,12,0,1.1409304660185637,1.1409304659432564,0.0,1.1409304659432564,6.600520130461973e-09,0.0,1.1409304659432564,0.0,0.8553936386050544,0.8553936385356399,0.0,0.8553936385356399,8.114919847201918e-09,0.0,0.8553936385356399,0.0
V1-P1,tau0_original,MM-TSFlib,Climate,12,0,1.216266717246754,1.2162667169387846,0.0,1.2162667169387846,2.5320878727086438e-08,0.0,1.2162667169387846,0.0,0.8851447826729616,0.8851447825359621,0.0,0.8851447825359621,1.54776413907598e-08,0.0,0.8851447825359621,0.0
V1-P1,tau0_original,SpecTF,Climate,12,0,1.1263081593985549,1.1263081593985549,0.0,1.1263081593985549,0.0,0.0,1.1263081593985549,0.0,0.8685202138501953,0.8685202138501952,1.3597399555105182e-16,0.8685202138501952,1.1102230246251565e-14,0.0,0.8685202138501952,0.0
V1-P1,tau0_original,CFA,Climate,12,0,1.116828027737457,1.1168280277392026,0.0,1.1168280277392026,-1.5631940186722204e-10,0.0,1.1168280277392026,0.0,0.8532134292084569,0.8532134292290721,0.0,0.8532134292290721,-2.416178368491728e-09,0.0,0.8532134292290721,0.0
V1-P1,tau0_original,Aurora,Climate,12,0,1.1706371855200317,1.1706371855200317,0.0,1.1706371855200317,0.0,0.0,1.1706371855200317,0.0,0.8838027416239914,0.8838027416239914,0.0,0.8838027416239914,0.0,0.0,0.8838027416239914,0.0
V1-P1,tau0_original,TaTS,Economy,6,3,0.16271074981363087,0.15969326996280628,0.0008350551722832461,0.16335459751249948,1.8545055285411838,2.241337314925007,0.16210252181843712,1.4862519278566966,0.32147399156908446,0.3190586781535303,0.0011681790309100793,0.32244299362648055,0.7513246728810818,1.0495856755599609,0.3210358211427466,0.6158636697233821
V1-P1,tau0_original,MM-TSFlib,Economy,6,0,0.8565175914521214,0.8565175914521214,0.0,0.8429338381750222,0.0,-1.6114851085475834,0.8565481920788528,0.003572551668951096,0.7756360827116021,0.7756360827116021,0.0,0.7686576299191192,0.0,-0.9078753037574216,0.7756763498826705,0.0051912335698456324
V1-P1,tau0_original,SpecTF,Economy,6,0,0.15398558090161274,0.15398558090161274,0.0,0.1542564141217095,0.0,0.17557339293722274,0.15413958789719273,0.09991397906338184,0.3086953954103124,0.3086953954103124,0.0,0.3079669504058344,0.0,-0.2365334992985746,0.30902219208483955,0.10575184659794568
V1-P1,tau0_original,CFA,Economy,6,1,0.17158745546126114,0.17138097061577887,0.00035764224336824394,0.1749326772734787,0.12033796114476747,2.0303277312490375,0.17178246019048204,0.2337197722386719,0.3179805547879215,0.3177821508775113,0.00034364565325081933,0.32080059857978765,0.062394982153068934,0.9409108697549962,0.31822116989459,0.13796034287224535
V1-P1,tau0_original,Aurora,Economy,6,0,0.276509449314873,0.276509449314873,0.0,0.2772371906169744,0.0,0.26249771918473996,0.2772371906169744,0.26249771918473996,0.39027200293440356,0.39027200293440356,0.0,0.3911281356747811,0.0,0.21888804774949921,0.3911281356747811,0.21888804774949921
V1-P1,tau0_original,TaTS,Economy,8,3,0.17193530537689122,0.17437181315140884,0.0032383734303150754,0.16786330002046856,-1.417107306249088,-3.877269855976051,0.1688446256602982,-3.2735347479942334,0.3322616248065001,0.3317389051183994,0.0029265577449242514,0.32593760652330533,0.15732171550210117,-1.779880099438369,0.32899891051314606,-0.8328278658976895
V1-P1,tau0_original,MM-TSFlib,Economy,8,3,0.9900096828286012,0.8182179346546891,0.024140614443351832,0.8157366025368908,17.3525321169666,-0.3041830058969408,0.8811651980189293,7.143639297802595,0.8452098264129131,0.7572756396421106,0.013037130560314037,0.7557608910969326,10.403829205819438,-0.20042695553874612,0.7914233091912228,4.314716176859723
V1-P1,tau0_original,SpecTF,Economy,8,3,0.20794032049325598,0.19871709179462593,0.0011926016847403518,0.19934704701231057,4.435517208375739,0.3160093049413115,0.20700486859320863,4.003662742285186,0.3618400586502893,0.3531802278576475,0.0014220934320560228,0.35387797269857285,2.393275864740918,0.19717102921228413,0.3605310860134307,2.038897182782551
V1-P1,tau0_original,CFA,Economy,8,3,0.19030338745728353,0.18486033380818037,0.0008870718288910246,0.1836090674726584,2.8601979827211133,-0.6814839554197372,0.18815033948629678,1.7486046993585247,0.3428347496823831,0.3344385871639499,0.00122104063445852,0.33364505640098024,2.4490406897818118,-0.237836811229708,0.33986941599226617,1.5979163092567972
V1-P1,tau0_original,Aurora,Economy,8,0,0.30134888800131915,0.30134888800131915,0.0,0.30134888800131915,0.0,0.0,0.30134888800131915,0.0,0.40555489189051963,0.40555489189051963,0.0,0.40555489189051963,0.0,0.0,0.40555489189051963,0.0
V1-P1,tau0_original,TaTS,Economy,10,1,0.18058548881660597,0.17938204131914834,0.0020844322098382594,0.17703266322367373,0.6664142868532452,-1.3270873593006272,0.18058548881660597,0.6664142868532452,0.3368168587684631,0.33586652625931634,0.0016460241899266671,0.33285214840041266,0.2821511110285835,-0.9056206707362069,0.33681685876846307,0.2821511110285613
V1-P1,tau0_original,MM-TSFlib,Economy,10,3,0.9352328334071817,0.8757472603098329,0.026569479957940827,0.8228522108370374,6.360509487315014,-6.428256347392991,0.8813710293973301,0.6380705627847538,0.8021725076436996,0.7759798287153243,0.013692421474114681,0.748251916885376,3.2652177279565042,-3.7056920542705374,0.7784827171166738,0.3215085378670435
V1-P1,tau0_original,SpecTF,Economy,10,0,0.19822602470059905,0.19822602470059905,0.0,0.19630235467279442,0.0,-0.9799525996573522,0.19822602470059905,0.0,0.3472177498340607,0.3472177498340607,0.0,0.3452064050303565,0.0,-0.5826499086908132,0.3472177498340607,0.0
V1-P1,tau0_original,CFA,Economy,10,0,0.23586643317586922,0.23586643317586922,0.0,0.23149315931431738,0.0,-1.8891590034476602,0.23586643317586922,0.0,0.38637976241111754,0.38637976241111754,0.0,0.38126548642582364,0.0,-1.3413949511238865,0.38637976241111754,0.0
V1-P1,tau0_original,Aurora,Economy,10,0,0.31950637541484384,0.31950637541484384,0.0,0.31950637541484384,0.0,0.0,0.31950637541484384,0.0,0.41544849816958107,0.415448498169581,6.798699777552591e-17,0.415448498169581,1.1102230246251565e-14,0.0,0.415448498169581,0.0
V1-P1,tau0_original,TaTS,Economy,12,0,0.20261828458814246,0.20261828458814246,0.0,0.20261828458814246,0.0,0.0,0.20261828458814246,0.0,0.3596185334196918,0.3596185334196918,0.0,0.3596185334196918,0.0,0.0,0.3596185334196918,0.0
V1-P1,tau0_original,MM-TSFlib,Economy,12,3,0.9899457956350605,0.9607698598134546,0.009059786616079249,0.9709953251999625,2.947225590557634,1.0530911036468749,0.970934929390994,1.0469362332978682,0.8279729322551592,0.8153691193261828,0.0045490577853140104,0.8200304678427212,1.522249392217112,0.5684360154081913,0.8198994923513411,0.5525522417590301
V1-P1,tau0_original,SpecTF,Economy,12,0,0.22845241864998087,0.22845241864998087,0.0,0.22845241864998087,0.0,0.0,0.22845241864998087,0.0,0.37327661572798204,0.37327661572798204,0.0,0.37327661572798204,0.0,0.0,0.37327661572798204,0.0
V1-P1,tau0_original,CFA,Economy,12,0,0.23668466176642305,0.23668466176642303,3.3993498887762956e-17,0.23668466176642303,1.1102230246251565e-14,0.0,0.23668466176642303,0.0,0.3859899857817175,0.3859899857817175,0.0,0.3859899857817175,0.0,0.0,0.3859899857817175,0.0
V1-P1,tau0_original,Aurora,Economy,12,0,0.3338778963764754,0.3338778963764754,0.0,0.3338778963764754,0.0,0.0,0.3338778963764754,0.0,0.42529069703735717,0.42529069703735717,0.0,0.42529069703735717,0.0,0.0,0.42529069703735717,0.0
V1-P1,tau0_original,TaTS,Energy,12,3,0.1838611601559035,0.16561305549078897,0.004797149379256648,0.1838611601559035,9.92493719154236,9.92493719154236,0.1838611601559035,9.92493719154236,0.3366886945189952,0.30934245455776904,0.004209170449597194,0.33668869451899514,8.122114109086409,8.122114109086398,0.33668869451899514,8.122114109086398
V1-P1,tau0_original,MM-TSFlib,Energy,12,1,0.1333271211084098,0.13018652740496547,0.0054396678602964795,0.1333271211084098,2.3555550268655967,2.3555550268655967,0.1333271211084098,2.3555550268655967,0.2584491496857998,0.2555645449660993,0.004996281934274208,0.2584491496857998,1.1161208010192047,1.1161208010192047,0.2584491496857998,1.1161208010192047
V1-P1,tau0_original,SpecTF,Energy,12,1,0.09577729990129709,0.09623937005355043,0.0008003289803638622,0.09577729990129709,-0.48244224125082447,-0.48244224125082447,0.09577729990129709,-0.48244224125082447,0.21743078956868556,0.21902737614872878,0.0027653690753174412,0.21743078956868556,-0.7342964550744346,-0.7342964550744346,0.21743078956868556,-0.7342964550744346
V1-P1,tau0_original,CFA,Energy,12,0,0.10983223824033,0.10983223824033,0.0,0.10983223824033,0.0,0.0,0.10983223824033,0.0,0.23965344102473868,0.2396534410247387,3.3993498887762956e-17,0.2396534410247387,-2.220446049250313e-14,0.0,0.2396534410247387,0.0
V1-P1,tau0_original,Aurora,Energy,12,2,0.2606396293829479,0.2358359186150466,0.021560368446898612,0.2606396293829479,9.516477147632118,9.516477147632118,0.2606396293829479,9.516477147632118,0.39671037994479935,0.37178405583166324,0.021616810306420285,0.39671037994479935,6.283254831044383,6.283254831044383,0.39671037994479935,6.283254831044383
V1-P1,tau0_original,TaTS,Energy,24,0,0.2679513517190791,0.2679513517190791,0.0,0.2679513517190791,0.0,0.0,0.2679513517190791,0.0,0.3922856409649374,0.3922856409649374,0.0,0.3922856409649374,0.0,0.0,0.3922856409649374,0.0
V1-P1,tau0_original,MM-TSFlib,Energy,24,1,0.19196059548900862,0.19163905523322186,0.0005569240597013804,0.1919605954890086,0.167503260222579,0.1675032602225568,0.1919605954890086,0.1675032602225568,0.32605822162112613,0.3254207578523884,0.0011041196354381112,0.32605822162112613,0.19550611714936883,0.19550611714936883,0.32605822162112613,0.19550611714936883
V1-P1,tau0_original,SpecTF,Energy,24,0,0.2114401345279641,0.2114401345279641,0.0,0.2114401345279641,0.0,0.0,0.2114401345279641,0.0,0.3374395836808171,0.3374395836808171,0.0,0.3374395836808171,0.0,0.0,0.3374395836808171,0.0
V1-P1,tau0_original,CFA,Energy,24,0,0.22252381884649639,0.22252381884649639,0.0,0.22252381884649639,0.0,0.0,0.22252381884649639,0.0,0.3491063232834801,0.3491063232834801,0.0,0.3491063232834801,0.0,0.0,0.3491063232834801,0.0
V1-P1,tau0_original,Aurora,Energy,24,0,0.3169472024030514,0.3169472024030514,0.0,0.3169472024030514,0.0,0.0,0.3169472024030514,0.0,0.4405978372586386,0.4405978372586386,0.0,0.4405978372586386,0.0,0.0,0.4405978372586386,0.0
V1-P1,tau0_original,TaTS,Energy,36,0,0.3669344975156553,0.36693449751565527,6.798699777552591e-17,0.36693449751565527,1.1102230246251565e-14,0.0,0.36693449751565527,0.0,0.4573445645811705,0.4573445645811705,0.0,0.4573445645811705,0.0,0.0,0.4573445645811705,0.0
V1-P1,tau0_original,MM-TSFlib,Energy,36,0,0.33496724056529875,0.3349672405660706,0.0,0.3349672405660706,-2.30415686530705e-10,0.0,0.3349672405660706,0.0,0.44573690237898556,0.44573690237907887,0.0,0.44573690237907887,-2.0938806244430452e-11,0.0,0.44573690237907887,0.0
V1-P1,tau0_original,SpecTF,Energy,36,0,0.30615976416374785,0.30615976416374785,0.0,0.30615976416374785,0.0,0.0,0.30615976416374785,0.0,0.40837087819876555,0.40837087819876555,0.0,0.40837087819876555,0.0,0.0,0.40837087819876555,0.0
V1-P1,tau0_original,CFA,Energy,36,0,0.3763866597826456,0.3763866597826457,6.798699777552591e-17,0.3763866597826457,-2.220446049250313e-14,0.0,0.3763866597826457,0.0,0.45662996356005375,0.45662996356005375,0.0,0.45662996356005375,0.0,0.0,0.45662996356005375,0.0
V1-P1,tau0_original,Aurora,Energy,36,0,0.3960474992539366,0.3960474992539366,0.0,0.3960474992539366,0.0,0.0,0.3960474992539366,0.0,0.4908856648867456,0.4908856648867456,0.0,0.4908856648867456,0.0,0.0,0.4908856648867456,0.0
V1-P1,tau0_original,TaTS,Energy,48,0,0.40905897884304054,0.40905897884304054,0.0,0.40905897884304054,0.0,0.0,0.40905897884304054,0.0,0.4906507633676219,0.49065076336762187,6.798699777552591e-17,0.49065076336762187,1.1102230246251565e-14,0.0,0.49065076336762187,0.0
V1-P1,tau0_original,MM-TSFlib,Energy,48,0,0.47098583846107467,0.4709858384610747,6.798699777552591e-17,0.4709858384610747,-2.220446049250313e-14,0.0,0.4709858384610747,0.0,0.5479251636393152,0.5479251636393152,0.0,0.5479251636393152,0.0,0.0,0.5479251636393152,0.0
V1-P1,tau0_original,SpecTF,Energy,48,0,0.3815823420985617,0.3815823420985616,6.798699777552591e-17,0.3815823420985616,1.1102230246251565e-14,0.0,0.3815823420985616,0.0,0.47182108019779095,0.47182108019779095,0.0,0.47182108019779095,0.0,0.0,0.47182108019779095,0.0
V1-P1,tau0_original,CFA,Energy,48,0,0.3953827732857235,0.3953827732857235,0.0,0.3953827732857235,0.0,0.0,0.3953827732857235,0.0,0.4816293025588268,0.4816293025588268,0.0,0.4816293025588268,0.0,0.0,0.4816293025588268,0.0
V1-P1,tau0_original,Aurora,Energy,48,0,0.4675554391113816,0.46755543909884273,0.0,0.46755543909884273,2.6817881249030506e-09,0.0,0.46755543909884273,0.0,0.536317047074805,0.5363170470703638,0.0,0.5363170470703638,8.280931496074118e-10,0.0,0.5363170470703638,0.0
V1-P1,tau0_original,TaTS,Environment,48,3,0.3035071647381012,0.283623268985057,0.0019952889844374565,0.2830269421453498,6.551376067251047,-0.21069613909794338,0.2830269421453498,-0.21069613909794338,0.4307871740492354,0.4052449495148784,0.003886398315871518,0.4052494792911007,5.929198006122105,0.0011177747175072916,0.4052494792911007,0.0011177747175072916
V1-P1,tau0_original,MM-TSFlib,Environment,48,3,0.29596647508290747,0.2808008880065244,0.00011187073456276485,0.27880730590540437,5.1240895010608245,-0.7150394049560749,0.27880730590540437,-0.7150394049560749,0.4276555868102547,0.40242002861410775,0.00325239562906252,0.40131966389484514,5.900906938775385,-0.2741865944428046,0.40131966389484514,-0.2741865944428046
V1-P1,tau0_original,SpecTF,Environment,48,3,0.30443698331933344,0.29870367880875903,0.0017838647519796086,0.2971148428935524,1.8832483649204201,-0.5347548105416822,0.2971148428935524,-0.5347548105416822,0.40447161256809344,0.3912893882668318,0.00071873905762689,0.390121302430847,3.2591222453324575,-0.29941606077557026,0.390121302430847,-0.29941606077557026
V1-P1,tau0_original,CFA,Environment,48,3,0.31664634101683053,0.31675574694978575,0.00013645355270442116,0.3167987155848255,-0.03455145971493767,0.013563386758186358,0.3167987155848255,0.013563386758186358,0.39642162561096983,0.3933156949113001,0.0013740007577564568,0.3920360404894691,0.7834917418752974,-0.3264124441807237,0.3920360404894691,-0.3264124441807237
V1-P1,tau0_original,Aurora,Environment,48,3,0.39488863757207215,0.3937494760086843,0.0007282096918390031,0.3937167859329862,0.28847666278569717,-0.008302941826743293,0.3937167859329862,-0.008302941826743293,0.4438528716551231,0.4382074831869606,0.0007468860350085603,0.43719625836843123,1.2719053606910058,-0.23129768363141512,0.43719625836843123,-0.23129768363141512
V1-P1,tau0_original,TaTS,Environment,96,3,0.29697008480248327,0.2806170543719286,0.003022990879416393,0.28206907585868085,5.506625504528917,0.5147751423412839,0.28206907585868085,0.5147751423412839,0.42227596902034753,0.4008713325166989,0.004019156633724513,0.3995454283523787,5.068873929365669,-0.3318531686841819,0.3995454283523787,-0.3318531686841819
V1-P1,tau0_original,MM-TSFlib,Environment,96,3,0.3455599921922928,0.31269658357292807,0.004480594539739654,0.3126895143997499,9.51018907335699,-0.00226076438532008,0.3126895143997499,-0.00226076438532008,0.46330808294714176,0.4309434446531684,0.004793838934351299,0.4283196969371826,6.985554425923057,-0.6125676065676267,0.4283196969371826,-0.6125676065676267
V1-P1,tau0_original,SpecTF,Environment,96,1,0.3294876408245237,0.32958199471503863,0.0001634257322635556,0.3284657818383463,-0.02863654924318837,-0.3398262280001063,0.3284657818383463,-0.3398262280001063,0.41301379467768784,0.412556736979806,0.00079164715472192,0.41115173565194735,0.11066402715157464,-0.3417233118646168,0.41115173565194735,-0.3417233118646168
V1-P1,tau0_original,CFA,Environment,96,3,0.35261779682305505,0.35660974252944483,0.001671720368796704,0.35793619412366623,-1.132088550934074,0.37058325366311484,0.35793619412366623,0.37058325366311484,0.4128519849329427,0.41227047544623935,0.0005916176969865521,0.4125371313069806,0.1408518083781951,0.06463802661749174,0.4125371313069806,0.06463802661749174
V1-P1,tau0_original,Aurora,Environment,96,3,0.43624974417127504,0.4322944462143441,0.0020647187633116076,0.43287769144768995,0.9066590891519399,0.1347367269944777,0.43287769144768995,0.1347367269944777,0.4676209816556689,0.46270266393406034,0.0028785571382548497,0.46322513149805405,1.0517743887784148,0.11278912314279799,0.46322513149805405,0.11278912314279799
V1-P1,tau0_original,TaTS,Environment,192,3,0.2819047584851864,0.2667371722775416,0.004238078879432313,0.2676948192214623,5.380393821355744,0.3577383180988769,0.2676948192214623,0.3577383180988769,0.4112357700426708,0.3924587173963839,0.0067763040306546025,0.39247785424050935,4.566006659473853,0.0048759041863633,0.39247785424050935,0.0048759041863633
V1-P1,tau0_original,MM-TSFlib,Environment,192,3,0.424233536785341,0.36644029475768014,0.006973403397859582,0.3694306601731849,13.6229781515137,0.8094524190555563,0.3694306601731849,0.8094524190555563,0.5187985242389241,0.47572935245935977,0.008197546563250327,0.47641493784168604,8.301714397269489,0.1439050978191858,0.47641493784168604,0.1439050978191858
V1-P1,tau0_original,SpecTF,Environment,192,3,0.3021611736934637,0.2891511643617107,0.003933830717642233,0.2946514782892825,4.305652236098146,1.8667185922521479,0.2946514782892825,1.8667185922521479,0.4118383073853191,0.3936132813156726,0.0014647524791783165,0.39795686899979316,4.425286755220437,1.091471971582636,0.39795686899979316,1.091471971582636
V1-P1,tau0_original,CFA,Environment,192,3,0.35717743889884385,0.35336967838925476,0.003625247304186644,0.3542128981426486,1.066069716309126,0.23805450276241924,0.3542128981426486,0.23805450276241924,0.41298422695429216,0.41334870642372995,0.0017531133931064397,0.4118241776111768,-0.08825505809890721,-0.370189244690855,0.4118241776111768,-0.370189244690855
V1-P1,tau0_original,Aurora,Environment,192,2,0.4248413094029132,0.4240099846343492,0.0007282863002352196,0.4243422256382483,0.19567889236863367,0.07829553219678154,0.4243422256382483,0.07829553219678154,0.46477970030512444,0.4639839533409633,0.0009823017287606149,0.4642436540510804,0.1712094920752194,0.05594060529442446,0.4642436540510804,0.05594060529442446
V1-P1,tau0_original,TaTS,Environment,336,3,0.3033101027995199,0.28313161818097915,0.007332651489806301,0.2822530093932814,6.652757172377544,-0.3112841168944058,0.2816629996574012,-0.5214098143399237,0.4324199708525749,0.4112644508898946,0.00486197525128182,0.40989628208762047,4.8923549763368435,-0.3337841454199131,0.4092991133146331,-0.4801714715054306
V1-P1,tau0_original,MM-TSFlib,Environment,336,3,0.4371093961378358,0.38029177471394976,0.004020692429535842,0.3820149120554676,12.998490063565104,0.4510654655459301,0.3824147177322487,0.55514155702171,0.5207986573842119,0.4780659443915983,0.004482922017257791,0.4789800580253831,8.205227180739104,0.19084586476383336,0.4792300440257926,0.24291040361644756
V1-P1,tau0_original,SpecTF,Environment,336,3,0.3039387794760956,0.30100612584665193,0.004608329300566829,0.30386739224670056,0.9648830052218837,0.9416167950411891,0.3031993701136853,0.7233670261950098,0.4100298751343203,0.4011375162502194,0.004629571455388752,0.4031594885168895,2.1687099948968225,0.5015316082745302,0.40248644998182703,0.3351500980141253
V1-P1,tau0_original,CFA,Environment,336,2,0.34801837631476107,0.3478094772492087,0.00023687172176878056,0.3476158792907182,0.060025297446775205,-0.055693071008589,0.3476158792907182,-0.055693071008589,0.4114714629534046,0.41253768672395313,0.0014179539590934841,0.4119802640970925,-0.2591245970973377,-0.1353032354795669,0.4119802640970925,-0.1353032354795669
V1-P1,tau0_original,Aurora,Environment,336,1,0.4190524482224486,0.4197502191908395,0.0012085747692995921,0.4190524482224485,-0.16651160764022954,-0.16651160764022954,0.4190524482224485,-0.16651160764022954,0.46566729071656165,0.4660784117123014,0.0007120824526795645,0.4656672907165616,-0.08828642336187187,-0.08828642336187187,0.4656672907165616,-0.08828642336187187
V1-P1,tau0_original,TaTS,Health,12,0,1.1624856639502126,1.1624856639502126,0.0,1.1638449843361165,0.0,0.11679565613966769,1.1624856639502126,0.0,0.6905360692734764,0.6905360692734764,0.0,0.6753150650402558,0.0,-2.253911547540155,0.6905360692734764,0.0
V1-P1,tau0_original,MM-TSFlib,Health,12,0,1.1136970518834708,1.1136970518834708,0.0,1.056841375269993,0.0,-5.379773913464803,1.1052321059814052,-0.7658975753829678,0.7451287619688394,0.7451287619688394,0.0,0.7238839657866268,0.0,-2.9348344743520327,0.7420893004785317,-0.40958163503337364
V1-P1,tau0_original,SpecTF,Health,12,0,1.4038450804546994,1.4038450804546994,0.0,1.4038450804546994,0.0,0.0,1.4029390573309204,-0.06458036213652374,0.7974180852255333,0.7974180852255333,0.0,0.7974180852255333,0.0,0.0,0.7973450486317931,-0.009159973322137027
V1-P1,tau0_original,CFA,Health,12,0,1.2511063849645137,1.2511063849645137,0.0,1.2511063849645137,0.0,0.0,1.2499353259231745,-0.09368957073632167,0.7273466204651196,0.7273466204651196,0.0,0.7273466204651196,0.0,0.0,0.726223241343256,-0.1546878504997684
V1-P1,tau0_original,Aurora,Health,12,3,2.9515839192135953,2.417123139523158,0.05440430868242174,2.4638170217101805,18.107592205368704,1.8951846576094944,2.8230605454171123,14.379337579314166,1.2123253232125963,1.08611870865049,0.016402359408043524,1.0938653927518338,10.410292695005797,0.7081935448981946,1.1765440623618926,7.685675071945475
V1-P1,tau0_original,TaTS,Health,24,0,1.9588399705676387,1.9588399705676387,0.0,1.9588399705676387,0.0,0.0,1.9588399705676387,0.0,0.8594140174078031,0.859414017407803,1.3597399555105182e-16,0.859414017407803,1.1102230246251565e-14,0.0,0.859414017407803,0.0
V1-P1,tau0_original,MM-TSFlib,Health,24,0,1.2781150498056244,1.2781150498056244,0.0,1.2213412369038972,0.0,-4.648480800144683,1.2781150498056244,0.0,0.7995671803353506,0.7995671803353505,1.3597399555105182e-16,0.7841845786423209,1.1102230246251565e-14,-1.9616047180705642,0.7995671803353505,0.0
V1-P1,tau0_original,SpecTF,Health,24,0,1.8081685181614635,1.8081685181614635,0.0,1.8022039352865777,0.0,-0.3309604844435876,1.8071604583287628,-0.05578142372775208,0.91779143712086,0.9177914371208601,1.3597399555105182e-16,0.9146460728680635,-2.220446049250313e-14,-0.3438886741112368,0.9142217121127175,-0.3904660063140719
V1-P1,tau0_original,CFA,Health,24,0,2.2477706654605583,2.2477706654605583,0.0,2.22599654140789,0.0,-0.9781742086129475,2.2477706654605583,0.0,0.9273627421712928,0.9273627421712928,0.0,0.926623445013477,0.0,-0.07978399011963067,0.9273627421712928,0.0
V1-P1,tau0_original,Aurora,Health,24,3,3.68080986261969,3.2134414974460923,0.009455148119677296,3.0239001352480686,12.69743297310566,-6.268109187490567,3.466684964128904,7.305061443517868,1.3722074656193801,1.2786682020801556,0.0024133346689118366,1.226853909028134,6.816699798160853,-4.223346616148205,1.3274860603233243,3.6774667322140075
V1-P1,tau0_original,TaTS,Health,36,3,2.6637995198269984,2.7079933443752933,0.014900140633985638,2.7035868261574847,-1.6590522004135355,-0.16298785654580428,2.6994542964097374,-0.3163249689729142,0.9724688034767643,0.9680561475420683,0.0043606586080330014,0.9686308138210068,0.4537580968068111,0.05932768922264353,0.9683055289474373,0.025754413035328216
V1-P1,tau0_original,MM-TSFlib,Health,36,0,1.3416884662270774,1.3416884662270772,2.7194799110210365e-16,1.3416884662270772,1.1102230246251565e-14,0.0,1.3416884662270772,0.0,0.7957999698718254,0.7957999698718256,1.3597399555105182e-16,0.7957999698718256,-2.220446049250313e-14,0.0,0.7957999698718256,0.0
V1-P1,tau0_original,SpecTF,Health,36,0,1.9760118218181606,1.9760118218181606,0.0,1.9760118218181606,0.0,0.0,1.9760118218181606,0.0,0.9709013853879775,0.9709013853879775,0.0,0.9709013853879775,0.0,0.0,0.9709013853879775,0.0
V1-P1,tau0_original,CFA,Health,36,0,3.2615469383600995,3.2615469383600995,0.0,3.2615469383600995,0.0,0.0,3.2615469383600995,0.0,1.0605147466558817,1.0605147466558817,0.0,1.0605147466558817,0.0,0.0,1.0605147466558817,0.0
V1-P1,tau0_original,Aurora,Health,36,0,3.2140425584838486,3.2140425584838486,0.0,3.2140425584838486,0.0,0.0,3.2140425584838486,0.0,1.2744120766422784,1.2744120766422784,0.0,1.2744120766422784,0.0,0.0,1.2744120766422784,0.0
V1-P1,tau0_original,TaTS,Health,48,2,2.4391529485784003,2.4335363870040436,0.0048705706846751025,2.4356994289580025,0.2302668874303304,0.08880578318665178,2.435615374484375,0.08535779097598173,0.9848521591679822,0.9773306906047621,0.006612673657199884,0.9801171916783419,0.7637154971132265,0.2843028463574093,0.9794713055147563,0.2185479960404968
V1-P1,tau0_original,MM-TSFlib,Health,48,1,1.5206820696563101,1.5039559594161893,0.02897047265724177,1.4874065586171585,1.0999084275322035,-1.1126346527889908,1.5058838376296437,0.12802303639097845,0.8628716780061357,0.8571131806823074,0.009974009869167204,0.8527347888391691,0.6673642756631848,-0.5134529399344112,0.857645154228326,0.062027231588257514
V1-P1,tau0_original,SpecTF,Health,48,0,1.8182009804632495,1.8182009804611994,3.550942896675889e-12,1.8182009804611994,1.127542503809309e-10,0.0,1.8182009804611994,0.0,0.9114058267188971,0.9114058267171222,3.0741122505455105e-12,0.9114058267171222,1.947442207494987e-10,0.0,0.9114058267171222,0.0
V1-P1,tau0_original,CFA,Health,48,0,2.486236831301244,2.486236831301244,0.0,2.486236831301244,0.0,0.0,2.486236831301244,0.0,1.0196322224856413,1.0196322224856413,0.0,1.0196322224856413,0.0,0.0,1.0196322224856413,0.0
V1-P1,tau0_original,Aurora,Health,48,0,3.04441356828496,3.0444135682849605,5.438959822042073e-16,3.0444135682849605,-2.220446049250313e-14,0.0,3.0444135682849605,0.0,1.2394286782701736,1.2394286782701736,0.0,1.2394286782701736,0.0,0.0,1.2394286782701736,0.0
V1-P1,tau0_original,TaTS,Security,6,0,72.6991374139132,72.6991374139132,0.0,72.6991374139132,0.0,0.0,72.6991374139132,0.0,4.382157450728693,4.382157450728693,0.0,4.382157450728693,0.0,0.0,4.382157450728693,0.0
V1-P1,tau0_original,MM-TSFlib,Security,6,3,93.2256797838897,78.76997251695026,0.07805042979496121,74.55925241876317,15.506143050337428,-5.647481649276109,84.82344680296372,7.136557772846775,6.123006931733179,4.743153367008547,0.013010125907773847,4.389661030854394,22.535554509556157,-8.052839015803226,5.315892825097635,10.774097163604301
V1-P1,tau0_original,SpecTF,Security,6,0,67.14183396997961,67.14183396997961,0.0,67.14183396997961,0.0,0.0,67.14183396997961,0.0,3.8526697901370763,3.8526697901370763,0.0,3.8526697901370763,0.0,0.0,3.8526697901370763,0.0
V1-P1,tau0_original,CFA,Security,6,0,73.16995799985796,73.16995799985796,0.0,73.16995799985796,0.0,0.0,73.16995799985796,0.0,4.528802161625253,4.528802161625253,0.0,4.528802161625253,0.0,0.0,4.528802161625253,0.0
V1-P1,tau0_original,Aurora,Security,6,3,77.16228360015839,79.83116433189004,0.36188970780700513,79.28809600617852,-3.4587892001244125,-0.6849304663201883,78.71102857599818,-1.423098867028938,4.235003895715546,4.59404039731989,0.02263051998633555,4.592488765282511,-8.477831672541614,-0.03378630012356165,4.450893527957508,-3.216137803864094
V1-P1,tau0_original,TaTS,Security,8,0,72.97911949508219,72.97911949508219,0.0,72.97911949508219,0.0,0.0,72.97911949508219,0.0,4.433972100317567,4.433972100317567,0.0,4.433972100317567,0.0,0.0,4.433972100317567,0.0
V1-P1,tau0_original,MM-TSFlib,Security,8,3,96.53889005739344,93.35109700108274,1.2263798547594646,95.16251747405742,3.3020817355736476,1.9035020521273038,95.8611925352602,2.618468921356454,6.252864701323023,5.8274316059650095,0.1661791725095021,6.068789878250428,6.80381098391587,3.977041175052176,6.177418184640164,5.665580153621108
V1-P1,tau0_original,SpecTF,Security,8,0,70.6990198622295,70.6990198622295,0.0,70.6990198622295,0.0,0.0,70.6990198622295,0.0,4.002957388563887,4.002957388563887,0.0,4.002957388563887,0.0,0.0,4.002957388563887,0.0
V1-P1,tau0_original,CFA,Security,8,0,91.43265867362122,91.43265867362122,0.0,91.43265867362122,0.0,0.0,91.43265867362122,0.0,5.660050303552103,5.660050303552102,1.0877919644084146e-15,5.660050303552102,1.1102230246251565e-14,0.0,5.660050303552102,0.0
V1-P1,tau0_original,Aurora,Security,8,1,81.18467338330083,81.3624637965272,0.30794202880670735,81.83984320753761,-0.2189950464996704,0.5833092932495343,81.24764276688688,-0.1413222903829281,4.406378367935899,4.419943723680589,0.023495885372550155,4.465203512289102,-0.307857260815414,1.0136108798613264,4.410093558876841,-0.22335500760344296
V1-P1,tau0_original,TaTS,Security,10,0,83.39170242577858,83.3917024227843,2.5931095419041793e-09,83.3917024227843,3.5906055906309575e-09,0.0,83.3917024227843,0.0,4.783439267786219,4.783439267689362,8.388117075020016e-11,4.783439267689362,2.0248580590020993e-09,0.0,4.783439267689362,0.0
V1-P1,tau0_original,MM-TSFlib,Security,10,1,97.48980175008192,97.29639122657784,0.33499680286627326,97.42273132558635,0.1983905188359114,0.12968236189795368,97.42273132558635,0.12968236189795368,6.213066877869424,6.194338848962371,0.03243789531796349,6.206673749258198,0.3014297009060196,0.19873608303161427,6.206673749258198,0.19873608303161427
V1-P1,tau0_original,SpecTF,Security,10,0,73.9949897801101,73.9949897801101,0.0,73.9949897801101,0.0,0.0,73.9949897801101,0.0,4.140486573921517,4.140486573921517,0.0,4.140486573921517,0.0,0.0,4.140486573921517,0.0
V1-P1,tau0_original,CFA,Security,10,0,81.72534727849892,81.72534727800492,4.278063805025755e-10,81.72534727800492,6.044609257571665e-10,0.0,81.72534727800492,0.0,4.891687168585136,4.891687168511251,6.398594240287836e-11,4.891687168511251,1.5104140160815405e-09,0.0,4.891687168511251,0.0
V1-P1,tau0_original,Aurora,Security,10,1,84.90057875764339,84.9302949110946,0.05146988904197287,84.9097071622486,-0.03500111999947819,-0.024246637438851693,84.9097071622486,-0.024246637438851693,4.551266480373219,4.554338923282301,0.005321627118646208,4.552287217127159,-0.06750742726957526,-0.045069787060514344,4.552287217127159,-0.045069787060514344
V1-P1,tau0_original,TaTS,Security,12,0,80.98327342565297,80.98327342565297,0.0,80.98327342565297,0.0,0.0,80.98327342565297,0.0,4.631983135304633,4.631983135304633,0.0,4.631983135304633,0.0,0.0,4.631983135304633,0.0
V1-P1,tau0_original,MM-TSFlib,Security,12,1,96.64963786673496,96.49813117656886,0.26241717565412853,96.55755705345467,0.15675867340031457,0.06154451158381091,96.55755705345467,0.06154451158381091,5.996091651229411,5.981648408568145,0.02501641958935081,5.98733577907677,0.2408776166438975,0.09499000421021586,5.98733577907677,0.09499000421021586
V1-P1,tau0_original,SpecTF,Security,12,0,78.07562570941445,78.07562570941445,0.0,78.07562570941445,0.0,0.0,78.07562570941445,0.0,4.343691432009412,4.343691432009412,0.0,4.343691432009412,0.0,0.0,4.343691432009412,0.0
V1-P1,tau0_original,CFA,Security,12,0,101.22611710260571,101.2261170885544,1.2168803246516268e-08,101.2261170885544,1.3881107374658086e-08,0.0,101.2261170885544,0.0,5.842459637763871,5.8424596370265744,6.385179652489002e-10,5.8424596370265744,1.2619627565157998e-08,0.0,5.8424596370265744,0.0
V1-P1,tau0_original,Aurora,Security,12,1,89.22429087175277,89.2499523393779,0.044446976023241436,89.24185869772852,-0.028760629391855197,-0.00906933334590132,89.24185869772852,-0.00906933334590132,4.707309610690572,4.710177293570639,0.004966972896353657,4.709025714129826,-0.060919784701507496,-0.02445472823300321,4.709025714129826,-0.02445472823300321
V1-P1,tau0_original,TaTS,SocialGood,6,1,1.064878293277627,1.052210764085452,0.021940804167208956,1.0527372108545727,1.1895753037828527,0.050007424805786904,1.0527372108545727,0.050007424805786904,0.6525321386822702,0.6469728833813024,0.009628912633522824,0.6470958319111016,0.8519511869858554,0.01900004972000824,0.6470958319111016,0.01900004972000824
V1-P1,tau0_original,MM-TSFlib,SocialGood,6,0,0.7169099234673274,0.7169099234673274,0.0,0.7169099234673274,0.0,0.0,0.7169099234673274,0.0,0.4204102437799664,0.4204102437799664,0.0,0.4204102437799664,0.0,0.0,0.4204102437799664,0.0
V1-P1,tau0_original,SpecTF,SocialGood,6,0,0.9929525026766165,0.9929525026766165,0.0,0.9929525026766165,0.0,0.0,0.9929525026766165,0.0,0.41201256257147656,0.41201256257147656,0.0,0.41201256257147656,0.0,0.0,0.41201256257147656,0.0
V1-P1,tau0_original,CFA,SocialGood,6,0,0.9942550612647435,0.9942550612647435,0.0,0.9942550613286398,0.0,6.426548182503211e-09,0.9942550613286398,6.426548182503211e-09,0.4034629328022056,0.40346293280220563,6.798699777552591e-17,0.40346293283211315,-2.220446049250313e-14,7.4127037841265064e-09,0.40346293283211315,7.4127037841265064e-09
V1-P1,tau0_original,Aurora,SocialGood,6,2,1.6768303961171411,1.5137062200687357,0.14208603998183206,1.6768303962961066,9.728126137630543,9.728126147265126,1.6768303962961066,9.728126147265126,0.8500577690591676,0.7635158045288725,0.07561367141865757,0.850057769146797,10.180715673721641,10.180715682980779,0.850057769146797,10.180715682980779
V1-P1,tau0_original,TaTS,SocialGood,8,1,1.1622191062566747,1.1248593306204697,0.06470902958114988,1.1195366188388725,3.214520862295489,-0.47543882817497884,1.1526903258243382,2.4144381695895056,0.6840515832269662,0.6635498556875888,0.03551003376309775,0.6616922041995145,2.9971025639122018,-0.2807425380387585,0.6786287244271803,2.2219614638798624
V1-P1,tau0_original,MM-TSFlib,SocialGood,8,0,0.845313280627705,0.845313280627705,0.0,0.845313280627705,0.0,0.0,0.845313280627705,0.0,0.47276163831566276,0.47276163831566276,0.0,0.47276163831566276,0.0,0.0,0.47276163831566276,0.0
V1-P1,tau0_original,SpecTF,SocialGood,8,0,1.0952617932062743,1.0952617932247752,3.2044378403921005e-11,1.095261793243276,-1.6891821275066832e-09,1.6891599230461907e-09,1.095261793243276,1.6891599230461907e-09,0.446760548192314,0.44676054820329175,1.9014030697327442e-11,0.4467605482142695,-2.4571900070213815e-09,2.4571900070213815e-09,0.4467605482142695,2.4571900070213815e-09
V1-P1,tau0_original,CFA,SocialGood,8,0,0.8982351742735893,0.8982351742873981,2.391742530070149e-11,0.8982351743012068,-1.5373258221984543e-09,1.537314719968208e-09,0.8982351743012068,1.537314719968208e-09,0.40577075217594527,0.40577075218632735,1.7982265067949114e-11,0.4057707521967094,-2.5585977780906433e-09,2.5585977780906433e-09,0.4057707521967094,2.5585977780906433e-09
V1-P1,tau0_original,Aurora,SocialGood,8,2,1.787518923563987,1.6569579642730847,0.11390138629972486,1.7228705185063113,7.304032285744277,3.8257404445211196,1.7697888718790544,6.375388013722372,0.8869289833702908,0.8236716486423467,0.05511203569087927,0.8560472290238913,7.13217584654513,3.7819853021965777,0.8791394338602782,6.309327403774157
V1-P1,tau0_original,TaTS,SocialGood,10,3,1.2931527146674995,1.1589708763370536,0.012834951447990607,1.1891676277675314,10.376333499400126,2.539318320257944,1.2645162216104788,8.346697612072019,0.7389791462934141,0.6753496507168023,0.006501748830030061,0.6899622577062535,8.610458887204853,2.1178849750463358,0.7272781912151989,7.140120675367689
V1-P1,tau0_original,MM-TSFlib,SocialGood,10,0,0.8738624749434614,0.8738624749434614,0.0,0.8738624749434614,0.0,0.0,0.8738624749434614,0.0,0.4942628199982694,0.49426281999826943,6.798699777552591e-17,0.49426281999826943,-2.220446049250313e-14,0.0,0.49426281999826943,0.0
V1-P1,tau0_original,SpecTF,SocialGood,10,0,1.3973327760600354,1.3973327760600354,0.0,1.397332776017638,0.0,-3.0341729129190753e-09,1.397332776017638,-3.0341729129190753e-09,0.5299950604018419,0.5299950604018419,0.0,0.5299950603759757,0.0,-4.880451598410218e-09,0.5299950603759757,-4.880451598410218e-09
V1-P1,tau0_original,CFA,SocialGood,10,0,0.9862629560847868,0.9862629560847868,0.0,0.9862629560847868,0.0,0.0,0.9862629560847868,0.0,0.448480175912777,0.448480175912777,0.0,0.448480175912777,0.0,0.0,0.448480175912777,0.0
V1-P1,tau0_original,Aurora,SocialGood,10,0,1.8458122988986667,1.845812298898667,2.7194799110210365e-16,1.7435649850457795,-2.220446049250313e-14,-5.864267448006988,1.845812298898667,0.0,0.9116577562991083,0.9116577562991083,0.0,0.8661770324646615,0.0,-5.25074229976219,0.9116577562991083,0.0
V1-P1,tau0_original,TaTS,SocialGood,12,0,1.322838435281429,1.322838435281429,0.0,1.322838435281429,0.0,0.0,1.322838435281429,0.0,0.7108686566817576,0.7108686566817576,0.0,0.7108686566817576,0.0,0.0,0.7108686566817576,0.0
V1-P1,tau0_original,MM-TSFlib,SocialGood,12,1,0.9595029697920977,0.9599376492941004,0.0007528869824774322,0.959403889069738,-0.045302569735339304,-0.05563456959507551,0.9593869730517531,-0.057398761690041766,0.5390425408569243,0.5399344245786546,0.0015447879204806081,0.5395889340582163,-0.16545701946129032,-0.06402846660324979,0.5394871064780263,-0.08291543861882467
V1-P1,tau0_original,SpecTF,SocialGood,12,0,1.302310829209715,1.302310829209715,0.0,1.302310829209715,0.0,0.0,1.302310829209715,0.0,0.5596722319171236,0.5596722319171236,0.0,0.5596722319171236,0.0,0.0,0.5596722319171236,0.0
V1-P1,tau0_original,CFA,SocialGood,12,0,1.1426291047109751,1.1426291047609711,4.3297940637041596e-11,1.1426291047609711,-4.375522166810697e-09,0.0,1.1426291047609711,0.0,0.4946390308919335,0.4946390309060304,1.2208217059098322e-11,0.4946390309060304,-2.849942504212777e-09,0.0,0.4946390309060304,0.0
V1-P1,tau0_original,Aurora,SocialGood,12,0,1.8754868897925865,1.8754868897925865,0.0,1.8754868897925865,0.0,0.0,1.8754868897925865,0.0,0.9264776484421877,0.9264776484421877,0.0,0.9264776484421877,0.0,0.0,0.9264776484421877,0.0
V1-P1,tau0_original,TaTS,Traffic,6,0,0.24723389000952123,0.24723389000952123,0.0,0.24723389000952123,0.0,0.0,0.24723389000952123,0.0,0.2870771830821588,0.2870771830821588,0.0,0.2870771830821588,0.0,0.0,0.2870771830821588,0.0
V1-P1,tau0_original,MM-TSFlib,Traffic,6,0,0.15184177843025573,0.15184177843025573,0.0,0.15184177843025573,0.0,0.0,0.15184177843025573,0.0,0.2889693409401198,0.2889693409401198,0.0,0.2889693409401198,0.0,0.0,0.2889693409401198,0.0
V1-P1,tau0_original,SpecTF,Traffic,6,0,0.16757848338838088,0.16757848338838088,0.0,0.16757848338838088,0.0,0.0,0.16757848338838088,0.0,0.23199237465071598,0.23199237465071598,0.0,0.23199237465071598,0.0,0.0,0.23199237465071598,0.0
V1-P1,tau0_original,CFA,Traffic,6,3,0.15811983108467015,0.15614976557771107,0.00016240724867729015,0.15625621720979446,1.2459319577088013,0.06812633377683008,0.15622811967557573,0.05015364585285731,0.2111115239240942,0.20742777669833046,0.0004568911306092534,0.20756123517409408,1.7449294843270846,0.06429836267436428,0.2075350766937987,0.05170210124361141
V1-P1,tau0_original,Aurora,Traffic,6,0,0.15602859012632012,0.15602859012632012,0.0,0.15602859012632012,0.0,0.0,0.15602859012632012,0.0,0.23506494097583758,0.23506494097583755,3.3993498887762956e-17,0.23506494097583755,1.1102230246251565e-14,0.0,0.23506494097583755,0.0
V1-P1,tau0_original,TaTS,Traffic,8,2,0.23876363465916217,0.23695657762300826,0.0015679504137324875,0.2367828702141799,0.7568393062593048,-0.07336147613685728,0.2367828702141799,-0.07336147613685728,0.2842959060963958,0.2837945288580275,0.0004346063841060959,0.2837547770002073,0.17635753017081202,-0.014009229462286221,0.2837547770002073,-0.014009229462286221
V1-P1,tau0_original,MM-TSFlib,Traffic,8,0,0.15819917205889875,0.15819917205889875,0.0,0.15819917205889875,0.0,0.0,0.15819917205889875,0.0,0.29109538162145954,0.29109538162145954,0.0,0.29109538162145954,0.0,0.0,0.29109538162145954,0.0
V1-P1,tau0_original,SpecTF,Traffic,8,2,0.18590940564234654,0.18578683097490775,0.00011194441687369153,0.1857856013000482,0.06593247233257493,-0.0006618784507139708,0.1857856013000482,-0.0006618784507139708,0.23040441761876343,0.23018210523437257,0.00022331534017970813,0.2302003867929309,0.09648790014030739,0.007941584639803434,0.2302003867929309,0.007941584639803434
V1-P1,tau0_original,CFA,Traffic,8,0,0.15928932672901436,0.15928932672901436,0.0,0.15928932672901436,0.0,0.0,0.15928932672901436,0.0,0.20568800303671095,0.20568800303671095,0.0,0.20568800303671095,0.0,0.0,0.20568800303671095,0.0
V1-P1,tau0_original,Aurora,Traffic,8,0,0.16190882453397848,0.16190882453397848,0.0,0.16190882453397848,0.0,0.0,0.16190882453397848,0.0,0.2416489091936988,0.24164890919369877,3.3993498887762956e-17,0.24164890919369877,1.1102230246251565e-14,0.0,0.24164890919369877,0.0
V1-P1,tau0_original,TaTS,Traffic,10,2,0.24555718831519832,0.24467953621385297,0.0010252069644881353,0.24441621153902268,0.357412506376642,-0.10773617395187784,0.24441621153902268,-0.10773617395187784,0.29089475784105123,0.2905714205655035,0.00041793629639433387,0.29052169199047223,0.11115266495259624,-0.017116992087773397,0.29052169199047223,-0.017116992087773397
V1-P1,tau0_original,MM-TSFlib,Traffic,10,0,0.1666901516930486,0.1666901516930486,0.0,0.1666901516930486,0.0,0.0,0.1666901516930486,0.0,0.3120483236214549,0.3120483236214549,0.0,0.3120483236214549,0.0,0.0,0.3120483236214549,0.0
V1-P1,tau0_original,SpecTF,Traffic,10,0,0.19986794571428487,0.19986794571428487,0.0,0.19986794571428487,0.0,0.0,0.19986794571428487,0.0,0.23956109915389534,0.23956109915389534,0.0,0.23956109915389534,0.0,0.0,0.23956109915389534,0.0
V1-P1,tau0_original,CFA,Traffic,10,0,0.1732082597712524,0.1732082597712524,0.0,0.1732082597712524,0.0,0.0,0.1732082597712524,0.0,0.21992391489215732,0.21992391489215732,0.0,0.21992391489215732,0.0,0.0,0.21992391489215732,0.0
V1-P1,tau0_original,Aurora,Traffic,10,0,0.16721218643952346,0.16721218643952343,3.3993498887762956e-17,0.16721218643952343,1.1102230246251565e-14,0.0,0.16721218643952343,0.0,0.248815129804857,0.248815129804857,0.0,0.248815129804857,0.0,0.0,0.248815129804857,0.0
V1-P1,tau0_original,TaTS,Traffic,12,0,0.22234044158079816,0.22234044158079816,0.0,0.22234044158079816,0.0,0.0,0.22234044158079816,0.0,0.2859304013482311,0.2859304013482311,0.0,0.2859304013482311,0.0,0.0,0.2859304013482311,0.0
V1-P1,tau0_original,MM-TSFlib,Traffic,12,0,0.17549252996919057,0.1754925299691906,3.3993498887762956e-17,0.1754925299691906,-2.220446049250313e-14,0.0,0.1754925299691906,0.0,0.33094635932591926,0.33094635932591926,0.0,0.33094635932591926,0.0,0.0,0.33094635932591926,0.0
V1-P1,tau0_original,SpecTF,Traffic,12,0,0.18894771280705278,0.18894771280705278,0.0,0.18894771280705278,0.0,0.0,0.18894771280705278,0.0,0.2395439922286753,0.2395439922286753,0.0,0.2395439922286753,0.0,0.0,0.2395439922286753,0.0
V1-P1,tau0_original,CFA,Traffic,12,0,0.17699060160295385,0.17699060160295385,0.0,0.17699060160295385,0.0,0.0,0.17699060160295385,0.0,0.2268597012549116,0.2268597012549116,0.0,0.2268597012549116,0.0,0.0,0.2268597012549116,0.0
V1-P1,tau0_original,Aurora,Traffic,12,0,0.17349987474511538,0.17349987474511538,0.0,0.17349987474511538,0.0,0.0,0.17349987474511538,0.0,0.257084223079054,0.257084223079054,0.0,0.257084223079054,0.0,0.0,0.257084223079054,0.0
