variant,model,domain,horizon,seed,epochs_run,best_epoch,selected_stale,raw_stale,final_lr
lr_003,TaTS,Agriculture,10,2026,90,46,44,20,1.46484375e-06
lr_003,MM-TSFlib,Agriculture,10,2026,90,46,44,31,1.46484375e-06
lr_003,SpecTF,Agriculture,10,2026,90,46,44,86,1.46484375e-06
lr_003,CFA,Agriculture,10,2026,90,46,44,90,1.46484375e-06
lr_003,Aurora,Agriculture,10,2026,90,46,44,45,1.46484375e-06
lr_003,TaTS,Agriculture,12,2026,131,87,44,38,1e-08
lr_003,MM-TSFlib,Agriculture,12,2026,131,87,44,45,1e-08
lr_003,SpecTF,Agriculture,12,2026,131,87,44,131,1e-08
lr_003,CFA,Agriculture,12,2026,131,87,44,128,1e-08
lr_003,Aurora,Agriculture,12,2026,131,87,44,20,1e-08
lr_003,TaTS,Agriculture,6,2026,97,61,36,48,3.662109375e-07
lr_003,MM-TSFlib,Agriculture,6,2026,97,61,36,47,3.662109375e-07
lr_003,SpecTF,Agriculture,6,2026,97,61,36,91,3.662109375e-07
lr_003,CFA,Agriculture,6,2026,97,61,36,97,3.662109375e-07
lr_003,Aurora,Agriculture,6,2026,97,61,36,20,3.662109375e-07
lr_003,TaTS,Agriculture,8,2026,117,79,38,31,1.1444091796875e-08
lr_003,MM-TSFlib,Agriculture,8,2026,117,79,38,34,1.1444091796875e-08
lr_003,SpecTF,Agriculture,8,2026,117,79,38,117,1.1444091796875e-08
lr_003,CFA,Agriculture,8,2026,117,79,38,117,1.1444091796875e-08
lr_003,Aurora,Agriculture,8,2026,117,79,38,20,1.1444091796875e-08
lr_003,TaTS,Climate,10,2026,32,0,32,32,9.375e-05
lr_003,MM-TSFlib,Climate,10,2026,32,0,32,32,9.375e-05
lr_003,SpecTF,Climate,10,2026,32,0,32,32,9.375e-05
lr_003,CFA,Climate,10,2026,32,0,32,32,9.375e-05
lr_003,Aurora,Climate,10,2026,32,0,32,32,9.375e-05
lr_003,TaTS,Climate,12,2026,32,0,32,32,9.375e-05
lr_003,MM-TSFlib,Climate,12,2026,32,0,32,32,9.375e-05
lr_003,SpecTF,Climate,12,2026,32,0,32,32,9.375e-05
lr_003,CFA,Climate,12,2026,32,0,32,32,9.375e-05
lr_003,Aurora,Climate,12,2026,32,0,32,32,9.375e-05
lr_003,TaTS,Climate,6,2026,32,0,32,32,9.375e-05
lr_003,MM-TSFlib,Climate,6,2026,32,0,32,32,9.375e-05
lr_003,SpecTF,Climate,6,2026,32,0,32,32,9.375e-05
lr_003,CFA,Climate,6,2026,32,0,32,32,9.375e-05
lr_003,Aurora,Climate,6,2026,32,0,32,32,9.375e-05
lr_003,TaTS,Climate,8,2026,32,0,32,32,9.375e-05
lr_003,MM-TSFlib,Climate,8,2026,32,0,32,32,9.375e-05
lr_003,SpecTF,Climate,8,2026,32,0,32,32,9.375e-05
lr_003,CFA,Climate,8,2026,32,0,32,32,9.375e-05
lr_003,Aurora,Climate,8,2026,32,0,32,32,9.375e-05
lr_003,TaTS,Economy,10,2026,87,67,20,87,1.8310546875e-07
lr_003,MM-TSFlib,Economy,10,2026,87,67,20,51,1.8310546875e-07
lr_003,SpecTF,Economy,10,2026,87,67,20,87,1.8310546875e-07
lr_003,CFA,Economy,10,2026,87,67,20,87,1.8310546875e-07
lr_003,Aurora,Economy,10,2026,87,67,20,87,1.8310546875e-07
lr_003,TaTS,Economy,12,2026,93,73,20,93,9.1552734375e-08
lr_003,MM-TSFlib,Economy,12,2026,93,73,20,93,9.1552734375e-08
lr_003,SpecTF,Economy,12,2026,93,73,20,93,9.1552734375e-08
lr_003,CFA,Economy,12,2026,93,73,20,93,9.1552734375e-08
lr_003,Aurora,Economy,12,2026,93,73,20,93,9.1552734375e-08
lr_003,TaTS,Economy,6,2026,104,75,29,20,2.288818359375e-08
lr_003,MM-TSFlib,Economy,6,2026,104,75,29,103,2.288818359375e-08
lr_003,SpecTF,Economy,6,2026,104,75,29,103,2.288818359375e-08
lr_003,CFA,Economy,6,2026,104,75,29,103,2.288818359375e-08
lr_003,Aurora,Economy,6,2026,104,75,29,104,2.288818359375e-08
lr_003,TaTS,Economy,8,2026,152,104,48,48,3.662109375e-07
lr_003,MM-TSFlib,Economy,8,2026,152,104,48,94,3.662109375e-07
lr_003,SpecTF,Economy,8,2026,152,104,48,20,3.662109375e-07
lr_003,CFA,Economy,8,2026,152,104,48,66,3.662109375e-07
lr_003,Aurora,Economy,8,2026,152,104,48,152,3.662109375e-07
lr_003,TaTS,Energy,12,2026,81,48,33,20,1.46484375e-06
lr_003,MM-TSFlib,Energy,12,2026,81,48,33,81,1.46484375e-06
lr_003,SpecTF,Energy,12,2026,81,48,33,81,1.46484375e-06
lr_003,CFA,Energy,12,2026,81,48,33,81,1.46484375e-06
lr_003,Aurora,Energy,12,2026,81,48,33,33,1.46484375e-06
lr_003,TaTS,Energy,24,2026,32,0,32,32,9.375e-05
lr_003,MM-TSFlib,Energy,24,2026,32,0,32,32,9.375e-05
lr_003,SpecTF,Energy,24,2026,32,0,32,32,9.375e-05
lr_003,CFA,Energy,24,2026,32,0,32,32,9.375e-05
lr_003,Aurora,Energy,24,2026,32,0,32,32,9.375e-05
lr_003,TaTS,Energy,36,2026,32,0,32,32,9.375e-05
lr_003,MM-TSFlib,Energy,36,2026,32,0,32,32,9.375e-05
lr_003,SpecTF,Energy,36,2026,32,0,32,32,9.375e-05
lr_003,CFA,Energy,36,2026,32,0,32,32,9.375e-05
lr_003,Aurora,Energy,36,2026,32,0,32,32,9.375e-05
lr_003,TaTS,Energy,48,2026,32,0,32,32,9.375e-05
lr_003,MM-TSFlib,Energy,48,2026,32,0,32,32,9.375e-05
lr_003,SpecTF,Energy,48,2026,32,0,32,32,9.375e-05
lr_003,CFA,Energy,48,2026,32,0,32,32,9.375e-05
lr_003,Aurora,Energy,48,2026,32,0,32,32,9.375e-05
lr_003,TaTS,Environment,192,2026,32,3,29,30,0.0001875
lr_003,MM-TSFlib,Environment,192,2026,32,3,29,30,0.0001875
lr_003,SpecTF,Environment,192,2026,32,3,29,28,0.0001875
lr_003,CFA,Environment,192,2026,32,3,29,29,0.0001875
lr_003,Aurora,Environment,192,2026,32,3,29,30,0.0001875
lr_003,TaTS,Environment,336,2026,32,8,24,24,0.0001875
lr_003,MM-TSFlib,Environment,336,2026,32,8,24,24,0.0001875
lr_003,SpecTF,Environment,336,2026,32,8,24,26,0.0001875
lr_003,CFA,Environment,336,2026,32,8,24,32,0.0001875
lr_003,Aurora,Environment,336,2026,32,8,24,30,0.0001875
lr_003,TaTS,Environment,48,2026,32,2,30,30,9.375e-05
lr_003,MM-TSFlib,Environment,48,2026,32,2,30,30,9.375e-05
lr_003,SpecTF,Environment,48,2026,32,2,30,30,9.375e-05
lr_003,CFA,Environment,48,2026,32,2,30,31,9.375e-05
lr_003,Aurora,Environment,48,2026,32,2,30,31,9.375e-05
lr_003,TaTS,Environment,96,2026,32,2,30,30,9.375e-05
lr_003,MM-TSFlib,Environment,96,2026,32,2,30,30,9.375e-05
lr_003,SpecTF,Environment,96,2026,32,2,30,29,9.375e-05
lr_003,CFA,Environment,96,2026,32,2,30,31,9.375e-05
lr_003,Aurora,Environment,96,2026,32,2,30,31,9.375e-05
lr_003,TaTS,Health,12,2026,127,107,20,127,1e-08
lr_003,MM-TSFlib,Health,12,2026,127,107,20,124,1e-08
lr_003,SpecTF,Health,12,2026,127,107,20,127,1e-08
lr_003,CFA,Health,12,2026,127,107,20,127,1e-08
lr_003,Aurora,Health,12,2026,127,107,20,36,1e-08
lr_003,TaTS,Health,24,2026,111,81,30,111,1.1444091796875e-08
lr_003,MM-TSFlib,Health,24,2026,111,81,30,111,1.1444091796875e-08
lr_003,SpecTF,Health,24,2026,111,81,30,108,1.1444091796875e-08
lr_003,CFA,Health,24,2026,111,81,30,111,1.1444091796875e-08
lr_003,Aurora,Health,24,2026,111,81,30,20,1.1444091796875e-08
lr_003,TaTS,Health,36,2026,32,4,28,28,9.375e-05
lr_003,MM-TSFlib,Health,36,2026,32,4,28,32,9.375e-05
lr_003,SpecTF,Health,36,2026,32,4,28,32,9.375e-05
lr_003,CFA,Health,36,2026,32,4,28,32,9.375e-05
lr_003,Aurora,Health,36,2026,32,4,28,32,9.375e-05
lr_003,TaTS,Health,48,2026,80,60,20,76,3.662109375e-07
lr_003,MM-TSFlib,Health,48,2026,80,60,20,76,3.662109375e-07
lr_003,SpecTF,Health,48,2026,80,60,20,80,3.662109375e-07
lr_003,CFA,Health,48,2026,80,60,20,80,3.662109375e-07
lr_003,Aurora,Health,48,2026,80,60,20,80,3.662109375e-07
lr_003,TaTS,Security,10,2026,32,1,31,32,9.375e-05
lr_003,MM-TSFlib,Security,10,2026,32,1,31,30,9.375e-05
lr_003,SpecTF,Security,10,2026,32,1,31,31,9.375e-05
lr_003,CFA,Security,10,2026,32,1,31,31,9.375e-05
lr_003,Aurora,Security,10,2026,32,1,31,30,9.375e-05
lr_003,TaTS,Security,12,2026,32,1,31,32,9.375e-05
lr_003,MM-TSFlib,Security,12,2026,32,1,31,30,9.375e-05
lr_003,SpecTF,Security,12,2026,32,1,31,32,9.375e-05
lr_003,CFA,Security,12,2026,32,1,31,32,9.375e-05
lr_003,Aurora,Security,12,2026,32,1,31,31,9.375e-05
lr_003,TaTS,Security,6,2026,99,79,20,99,4.57763671875e-08
lr_003,MM-TSFlib,Security,6,2026,99,79,20,22,4.57763671875e-08
lr_003,SpecTF,Security,6,2026,99,79,20,99,4.57763671875e-08
lr_003,CFA,Security,6,2026,99,79,20,99,4.57763671875e-08
lr_003,Aurora,Security,6,2026,99,79,20,86,4.57763671875e-08
lr_003,TaTS,Security,8,2026,32,10,22,32,9.375e-05
lr_003,MM-TSFlib,Security,8,2026,32,10,22,22,9.375e-05
lr_003,SpecTF,Security,8,2026,32,10,22,32,9.375e-05
lr_003,CFA,Security,8,2026,32,10,22,32,9.375e-05
lr_003,Aurora,Security,8,2026,32,10,22,31,9.375e-05
lr_003,TaTS,SocialGood,10,2026,110,77,33,20,1.1444091796875e-08
lr_003,MM-TSFlib,SocialGood,10,2026,110,77,33,110,1.1444091796875e-08
lr_003,SpecTF,SocialGood,10,2026,110,77,33,110,1.1444091796875e-08
lr_003,CFA,SocialGood,10,2026,110,77,33,110,1.1444091796875e-08
lr_003,Aurora,SocialGood,10,2026,110,77,33,110,1.1444091796875e-08
lr_003,TaTS,SocialGood,12,2026,32,0,32,32,9.375e-05
lr_003,MM-TSFlib,SocialGood,12,2026,32,0,32,32,9.375e-05
lr_003,SpecTF,SocialGood,12,2026,32,0,32,32,9.375e-05
lr_003,CFA,SocialGood,12,2026,32,0,32,32,9.375e-05
lr_003,Aurora,SocialGood,12,2026,32,0,32,32,9.375e-05
lr_003,TaTS,SocialGood,6,2026,108,78,30,102,2.288818359375e-08
lr_003,MM-TSFlib,SocialGood,6,2026,108,78,30,108,2.288818359375e-08
lr_003,SpecTF,SocialGood,6,2026,108,78,30,108,2.288818359375e-08
lr_003,CFA,SocialGood,6,2026,108,78,30,108,2.288818359375e-08
lr_003,Aurora,SocialGood,6,2026,108,78,30,20,2.288818359375e-08
lr_003,TaTS,SocialGood,8,2026,112,92,20,73,1.1444091796875e-08
lr_003,MM-TSFlib,SocialGood,8,2026,112,92,20,112,1.1444091796875e-08
lr_003,SpecTF,SocialGood,8,2026,112,92,20,112,1.1444091796875e-08
lr_003,CFA,SocialGood,8,2026,112,92,20,112,1.1444091796875e-08
lr_003,Aurora,SocialGood,8,2026,112,92,20,26,1.1444091796875e-08
lr_003,TaTS,Traffic,10,2026,32,0,32,32,9.375e-05
lr_003,MM-TSFlib,Traffic,10,2026,32,0,32,32,9.375e-05
lr_003,SpecTF,Traffic,10,2026,32,0,32,32,9.375e-05
lr_003,CFA,Traffic,10,2026,32,0,32,32,9.375e-05
lr_003,Aurora,Traffic,10,2026,32,0,32,32,9.375e-05
lr_003,TaTS,Traffic,12,2026,32,0,32,32,9.375e-05
lr_003,MM-TSFlib,Traffic,12,2026,32,0,32,32,9.375e-05
lr_003,SpecTF,Traffic,12,2026,32,0,32,32,9.375e-05
lr_003,CFA,Traffic,12,2026,32,0,32,32,9.375e-05
lr_003,Aurora,Traffic,12,2026,32,0,32,32,9.375e-05
lr_003,TaTS,Traffic,6,2026,32,3,29,32,9.375e-05
lr_003,MM-TSFlib,Traffic,6,2026,32,3,29,32,9.375e-05
lr_003,SpecTF,Traffic,6,2026,32,3,29,31,9.375e-05
lr_003,CFA,Traffic,6,2026,32,3,29,30,9.375e-05
lr_003,Aurora,Traffic,6,2026,32,3,29,32,9.375e-05
lr_003,TaTS,Traffic,8,2026,32,0,32,32,9.375e-05
lr_003,MM-TSFlib,Traffic,8,2026,32,0,32,32,9.375e-05
lr_003,SpecTF,Traffic,8,2026,32,0,32,32,9.375e-05
lr_003,CFA,Traffic,8,2026,32,0,32,32,9.375e-05
lr_003,Aurora,Traffic,8,2026,32,0,32,32,9.375e-05
lr_003,TaTS,Agriculture,10,2027,92,63,29,20,7.32421875e-07
lr_003,MM-TSFlib,Agriculture,10,2027,92,63,29,40,7.32421875e-07
lr_003,SpecTF,Agriculture,10,2027,92,63,29,86,7.32421875e-07
lr_003,CFA,Agriculture,10,2027,92,63,29,92,7.32421875e-07
lr_003,Aurora,Agriculture,10,2027,92,63,29,33,7.32421875e-07
lr_003,TaTS,Agriculture,12,2027,127,107,20,50,1.1444091796875e-08
lr_003,MM-TSFlib,Agriculture,12,2027,127,107,20,33,1.1444091796875e-08
lr_003,SpecTF,Agriculture,12,2027,127,107,20,127,1.1444091796875e-08
lr_003,CFA,Agriculture,12,2027,127,107,20,122,1.1444091796875e-08
lr_003,Aurora,Agriculture,12,2027,127,107,20,37,1.1444091796875e-08
lr_003,TaTS,Agriculture,6,2027,99,59,40,44,3.662109375e-07
lr_003,MM-TSFlib,Agriculture,6,2027,99,59,40,20,3.662109375e-07
lr_003,SpecTF,Agriculture,6,2027,99,59,40,93,3.662109375e-07
lr_003,CFA,Agriculture,6,2027,99,59,40,99,3.662109375e-07
lr_003,Aurora,Agriculture,6,2027,99,59,40,77,3.662109375e-07
lr_003,TaTS,Agriculture,8,2027,100,76,24,20,9.1552734375e-08
lr_003,MM-TSFlib,Agriculture,8,2027,100,76,24,27,9.1552734375e-08
lr_003,SpecTF,Agriculture,8,2027,100,76,24,100,9.1552734375e-08
lr_003,CFA,Agriculture,8,2027,100,76,24,100,9.1552734375e-08
lr_003,Aurora,Agriculture,8,2027,100,76,24,22,9.1552734375e-08
lr_003,TaTS,Climate,10,2027,32,0,32,32,9.375e-05
lr_003,MM-TSFlib,Climate,10,2027,32,0,32,32,9.375e-05
lr_003,SpecTF,Climate,10,2027,32,0,32,32,9.375e-05
lr_003,CFA,Climate,10,2027,32,0,32,32,9.375e-05
lr_003,Aurora,Climate,10,2027,32,0,32,32,9.375e-05
lr_003,TaTS,Climate,12,2027,32,0,32,32,9.375e-05
lr_003,MM-TSFlib,Climate,12,2027,32,0,32,32,9.375e-05
lr_003,SpecTF,Climate,12,2027,32,0,32,32,9.375e-05
lr_003,CFA,Climate,12,2027,32,0,32,32,9.375e-05
lr_003,Aurora,Climate,12,2027,32,0,32,32,9.375e-05
lr_003,TaTS,Climate,6,2027,32,0,32,32,9.375e-05
lr_003,MM-TSFlib,Climate,6,2027,32,0,32,32,9.375e-05
lr_003,SpecTF,Climate,6,2027,32,0,32,32,9.375e-05
lr_003,CFA,Climate,6,2027,32,0,32,32,9.375e-05
lr_003,Aurora,Climate,6,2027,32,0,32,32,9.375e-05
lr_003,TaTS,Climate,8,2027,32,0,32,32,9.375e-05
lr_003,MM-TSFlib,Climate,8,2027,32,0,32,32,9.375e-05
lr_003,SpecTF,Climate,8,2027,32,0,32,32,9.375e-05
lr_003,CFA,Climate,8,2027,32,0,32,32,9.375e-05
lr_003,Aurora,Climate,8,2027,32,0,32,32,9.375e-05
lr_003,TaTS,Economy,10,2027,32,6,26,30,9.375e-05
lr_003,MM-TSFlib,Economy,10,2027,32,6,26,26,9.375e-05
lr_003,SpecTF,Economy,10,2027,32,6,26,32,9.375e-05
lr_003,CFA,Economy,10,2027,32,6,26,31,9.375e-05
lr_003,Aurora,Economy,10,2027,32,6,26,32,9.375e-05
lr_003,TaTS,Economy,12,2027,32,5,27,32,9.375e-05
lr_003,MM-TSFlib,Economy,12,2027,32,5,27,27,9.375e-05
lr_003,SpecTF,Economy,12,2027,32,5,27,32,9.375e-05
lr_003,CFA,Economy,12,2027,32,5,27,32,9.375e-05
lr_003,Aurora,Economy,12,2027,32,5,27,32,9.375e-05
lr_003,TaTS,Economy,6,2027,104,84,20,23,2.288818359375e-08
lr_003,MM-TSFlib,Economy,6,2027,104,84,20,103,2.288818359375e-08
lr_003,SpecTF,Economy,6,2027,104,84,20,102,2.288818359375e-08
lr_003,CFA,Economy,6,2027,104,84,20,102,2.288818359375e-08
lr_003,Aurora,Economy,6,2027,104,84,20,102,2.288818359375e-08
lr_003,TaTS,Economy,8,2027,302,265,37,37,3.662109375e-07
lr_003,MM-TSFlib,Economy,8,2027,302,265,37,171,3.662109375e-07
lr_003,SpecTF,Economy,8,2027,302,265,37,20,3.662109375e-07
lr_003,CFA,Economy,8,2027,302,265,37,56,3.662109375e-07
lr_003,Aurora,Economy,8,2027,302,265,37,301,3.662109375e-07
lr_003,TaTS,Energy,12,2027,121,78,43,20,1e-08
lr_003,MM-TSFlib,Energy,12,2027,121,78,43,121,1e-08
lr_003,SpecTF,Energy,12,2027,121,78,43,121,1e-08
lr_003,CFA,Energy,12,2027,121,78,43,121,1e-08
lr_003,Aurora,Energy,12,2027,121,78,43,121,1e-08
lr_003,TaTS,Energy,24,2027,32,0,32,32,9.375e-05
lr_003,MM-TSFlib,Energy,24,2027,32,0,32,32,9.375e-05
lr_003,SpecTF,Energy,24,2027,32,0,32,32,9.375e-05
lr_003,CFA,Energy,24,2027,32,0,32,32,9.375e-05
lr_003,Aurora,Energy,24,2027,32,0,32,32,9.375e-05
lr_003,TaTS,Energy,36,2027,32,0,32,32,9.375e-05
lr_003,MM-TSFlib,Energy,36,2027,32,0,32,32,9.375e-05
lr_003,SpecTF,Energy,36,2027,32,0,32,32,9.375e-05
lr_003,CFA,Energy,36,2027,32,0,32,32,9.375e-05
lr_003,Aurora,Energy,36,2027,32,0,32,32,9.375e-05
lr_003,TaTS,Energy,48,2027,32,0,32,32,9.375e-05
lr_003,MM-TSFlib,Energy,48,2027,32,0,32,32,9.375e-05
lr_003,SpecTF,Energy,48,2027,32,0,32,32,9.375e-05
lr_003,CFA,Energy,48,2027,32,0,32,32,9.375e-05
lr_003,Aurora,Energy,48,2027,32,0,32,32,9.375e-05
lr_003,TaTS,Environment,192,2027,32,3,29,29,0.0001875
lr_003,MM-TSFlib,Environment,192,2027,32,3,29,29,0.0001875
lr_003,SpecTF,Environment,192,2027,32,3,29,28,0.0001875
lr_003,CFA,Environment,192,2027,32,3,29,29,0.0001875
lr_003,Aurora,Environment,192,2027,32,3,29,31,0.0001875
lr_003,TaTS,Environment,336,2027,58,9,49,50,1.171875e-05
lr_003,MM-TSFlib,Environment,336,2027,58,9,49,20,1.171875e-05
lr_003,SpecTF,Environment,336,2027,58,9,49,52,1.171875e-05
lr_003,CFA,Environment,336,2027,58,9,49,58,1.171875e-05
lr_003,Aurora,Environment,336,2027,58,9,49,57,1.171875e-05
lr_003,TaTS,Environment,48,2027,32,1,31,31,9.375e-05
lr_003,MM-TSFlib,Environment,48,2027,32,1,31,31,9.375e-05
lr_003,SpecTF,Environment,48,2027,32,1,31,31,9.375e-05
lr_003,CFA,Environment,48,2027,32,1,31,31,9.375e-05
lr_003,Aurora,Environment,48,2027,32,1,31,31,9.375e-05
lr_003,TaTS,Environment,96,2027,32,2,30,30,0.0001875
lr_003,MM-TSFlib,Environment,96,2027,32,2,30,29,0.0001875
lr_003,SpecTF,Environment,96,2027,32,2,30,28,0.0001875
lr_003,CFA,Environment,96,2027,32,2,30,29,0.0001875
lr_003,Aurora,Environment,96,2027,32,2,30,30,0.0001875
lr_003,TaTS,Health,12,2027,114,94,20,114,1.1444091796875e-08
lr_003,MM-TSFlib,Health,12,2027,114,94,20,113,1.1444091796875e-08
lr_003,SpecTF,Health,12,2027,114,94,20,112,1.1444091796875e-08
lr_003,CFA,Health,12,2027,114,94,20,112,1.1444091796875e-08
lr_003,Aurora,Health,12,2027,114,94,20,24,1.1444091796875e-08
lr_003,TaTS,Health,24,2027,106,82,24,106,2.288818359375e-08
lr_003,MM-TSFlib,Health,24,2027,106,82,24,104,2.288818359375e-08
lr_003,SpecTF,Health,24,2027,106,82,24,103,2.288818359375e-08
lr_003,CFA,Health,24,2027,106,82,24,104,2.288818359375e-08
lr_003,Aurora,Health,24,2027,106,82,24,20,2.288818359375e-08
lr_003,TaTS,Health,36,2027,32,5,27,27,9.375e-05
lr_003,MM-TSFlib,Health,36,2027,32,5,27,28,9.375e-05
lr_003,SpecTF,Health,36,2027,32,5,27,32,9.375e-05
lr_003,CFA,Health,36,2027,32,5,27,32,9.375e-05
lr_003,Aurora,Health,36,2027,32,5,27,32,9.375e-05
lr_003,TaTS,Health,48,2027,32,0,32,27,9.375e-05
lr_003,MM-TSFlib,Health,48,2027,32,0,32,32,9.375e-05
lr_003,SpecTF,Health,48,2027,32,0,32,32,9.375e-05
lr_003,CFA,Health,48,2027,32,0,32,31,9.375e-05
lr_003,Aurora,Health,48,2027,32,0,32,32,9.375e-05
lr_003,TaTS,Security,10,2027,32,0,32,32,9.375e-05
lr_003,MM-TSFlib,Security,10,2027,32,0,32,32,9.375e-05
lr_003,SpecTF,Security,10,2027,32,0,32,32,9.375e-05
lr_003,CFA,Security,10,2027,32,0,32,32,9.375e-05
lr_003,Aurora,Security,10,2027,32,0,32,32,9.375e-05
lr_003,TaTS,Security,12,2027,32,0,32,32,9.375e-05
lr_003,MM-TSFlib,Security,12,2027,32,0,32,32,9.375e-05
lr_003,SpecTF,Security,12,2027,32,0,32,32,9.375e-05
lr_003,CFA,Security,12,2027,32,0,32,32,9.375e-05
lr_003,Aurora,Security,12,2027,32,0,32,32,9.375e-05
lr_003,TaTS,Security,6,2027,104,29,75,104,4.57763671875e-08
lr_003,MM-TSFlib,Security,6,2027,104,29,75,20,4.57763671875e-08
lr_003,SpecTF,Security,6,2027,104,29,75,103,4.57763671875e-08
lr_003,CFA,Security,6,2027,104,29,75,104,4.57763671875e-08
lr_003,Aurora,Security,6,2027,104,29,75,94,4.57763671875e-08
lr_003,TaTS,Security,8,2027,92,72,20,92,9.1552734375e-08
lr_003,MM-TSFlib,Security,8,2027,92,72,20,92,9.1552734375e-08
lr_003,SpecTF,Security,8,2027,92,72,20,92,9.1552734375e-08
lr_003,CFA,Security,8,2027,92,72,20,92,9.1552734375e-08
lr_003,Aurora,Security,8,2027,92,72,20,92,9.1552734375e-08
lr_003,TaTS,SocialGood,10,2027,94,56,38,20,9.1552734375e-08
lr_003,MM-TSFlib,SocialGood,10,2027,94,56,38,93,9.1552734375e-08
lr_003,SpecTF,SocialGood,10,2027,94,56,38,94,9.1552734375e-08
lr_003,CFA,SocialGood,10,2027,94,56,38,94,9.1552734375e-08
lr_003,Aurora,SocialGood,10,2027,94,56,38,20,9.1552734375e-08
lr_003,TaTS,SocialGood,12,2027,93,5,88,20,9.1552734375e-08
lr_003,MM-TSFlib,SocialGood,12,2027,93,5,88,88,9.1552734375e-08
lr_003,SpecTF,SocialGood,12,2027,93,5,88,93,9.1552734375e-08
lr_003,CFA,SocialGood,12,2027,93,5,88,93,9.1552734375e-08
lr_003,Aurora,SocialGood,12,2027,93,5,88,93,9.1552734375e-08
lr_003,TaTS,SocialGood,6,2027,32,3,29,27,9.375e-05
lr_003,MM-TSFlib,SocialGood,6,2027,32,3,29,32,9.375e-05
lr_003,SpecTF,SocialGood,6,2027,32,3,29,32,9.375e-05
lr_003,CFA,SocialGood,6,2027,32,3,29,32,9.375e-05
lr_003,Aurora,SocialGood,6,2027,32,3,29,32,9.375e-05
lr_003,TaTS,SocialGood,8,2027,101,69,32,29,4.57763671875e-08
lr_003,MM-TSFlib,SocialGood,8,2027,101,69,32,97,4.57763671875e-08
lr_003,SpecTF,SocialGood,8,2027,101,69,32,101,4.57763671875e-08
lr_003,CFA,SocialGood,8,2027,101,69,32,101,4.57763671875e-08
lr_003,Aurora,SocialGood,8,2027,101,69,32,20,4.57763671875e-08
lr_003,TaTS,Traffic,10,2027,32,1,31,32,9.375e-05
lr_003,MM-TSFlib,Traffic,10,2027,32,1,31,32,9.375e-05
lr_003,SpecTF,Traffic,10,2027,32,1,31,32,9.375e-05
lr_003,CFA,Traffic,10,2027,32,1,31,32,9.375e-05
lr_003,Aurora,Traffic,10,2027,32,1,31,32,9.375e-05
lr_003,TaTS,Traffic,12,2027,32,0,32,32,9.375e-05
lr_003,MM-TSFlib,Traffic,12,2027,32,0,32,32,9.375e-05
lr_003,SpecTF,Traffic,12,2027,32,0,32,32,9.375e-05
lr_003,CFA,Traffic,12,2027,32,0,32,32,9.375e-05
lr_003,Aurora,Traffic,12,2027,32,0,32,32,9.375e-05
lr_003,TaTS,Traffic,6,2027,32,3,29,32,9.375e-05
lr_003,MM-TSFlib,Traffic,6,2027,32,3,29,32,9.375e-05
lr_003,SpecTF,Traffic,6,2027,32,3,29,30,9.375e-05
lr_003,CFA,Traffic,6,2027,32,3,29,29,9.375e-05
lr_003,Aurora,Traffic,6,2027,32,3,29,32,9.375e-05
lr_003,TaTS,Traffic,8,2027,32,2,30,31,9.375e-05
lr_003,MM-TSFlib,Traffic,8,2027,32,2,30,32,9.375e-05
lr_003,SpecTF,Traffic,8,2027,32,2,30,32,9.375e-05
lr_003,CFA,Traffic,8,2027,32,2,30,32,9.375e-05
lr_003,Aurora,Traffic,8,2027,32,2,30,32,9.375e-05
lr_003,TaTS,Agriculture,10,2028,72,44,28,27,2.9296875e-06
lr_003,MM-TSFlib,Agriculture,10,2028,72,44,28,31,2.9296875e-06
lr_003,SpecTF,Agriculture,10,2028,72,44,28,66,2.9296875e-06
lr_003,CFA,Agriculture,10,2028,72,44,28,72,2.9296875e-06
lr_003,Aurora,Agriculture,10,2028,72,44,28,20,2.9296875e-06
lr_003,TaTS,Agriculture,12,2028,125,89,36,34,1e-08
lr_003,MM-TSFlib,Agriculture,12,2028,125,89,36,42,1e-08
lr_003,SpecTF,Agriculture,12,2028,125,89,36,125,1e-08
lr_003,CFA,Agriculture,12,2028,125,89,36,120,1e-08
lr_003,Aurora,Agriculture,12,2028,125,89,36,20,1e-08
lr_003,TaTS,Agriculture,6,2028,107,46,61,67,4.57763671875e-08
lr_003,MM-TSFlib,Agriculture,6,2028,107,46,61,68,4.57763671875e-08
lr_003,SpecTF,Agriculture,6,2028,107,46,61,100,4.57763671875e-08
lr_003,CFA,Agriculture,6,2028,107,46,61,107,4.57763671875e-08
lr_003,Aurora,Agriculture,6,2028,107,46,61,20,4.57763671875e-08
lr_003,TaTS,Agriculture,8,2028,107,81,26,28,4.57763671875e-08
lr_003,MM-TSFlib,Agriculture,8,2028,107,81,26,48,4.57763671875e-08
lr_003,SpecTF,Agriculture,8,2028,107,81,26,107,4.57763671875e-08
lr_003,CFA,Agriculture,8,2028,107,81,26,107,4.57763671875e-08
lr_003,Aurora,Agriculture,8,2028,107,81,26,20,4.57763671875e-08
lr_003,TaTS,Climate,10,2028,32,0,32,32,9.375e-05
lr_003,MM-TSFlib,Climate,10,2028,32,0,32,32,9.375e-05
lr_003,SpecTF,Climate,10,2028,32,0,32,32,9.375e-05
lr_003,CFA,Climate,10,2028,32,0,32,32,9.375e-05
lr_003,Aurora,Climate,10,2028,32,0,32,32,9.375e-05
lr_003,TaTS,Climate,12,2028,32,0,32,31,9.375e-05
lr_003,MM-TSFlib,Climate,12,2028,32,0,32,32,9.375e-05
lr_003,SpecTF,Climate,12,2028,32,0,32,32,9.375e-05
lr_003,CFA,Climate,12,2028,32,0,32,32,9.375e-05
lr_003,Aurora,Climate,12,2028,32,0,32,32,9.375e-05
lr_003,TaTS,Climate,6,2028,32,0,32,32,9.375e-05
lr_003,MM-TSFlib,Climate,6,2028,32,0,32,32,9.375e-05
lr_003,SpecTF,Climate,6,2028,32,0,32,32,9.375e-05
lr_003,CFA,Climate,6,2028,32,0,32,32,9.375e-05
lr_003,Aurora,Climate,6,2028,32,0,32,32,9.375e-05
lr_003,TaTS,Climate,8,2028,32,0,32,32,9.375e-05
lr_003,MM-TSFlib,Climate,8,2028,32,0,32,32,9.375e-05
lr_003,SpecTF,Climate,8,2028,32,0,32,32,9.375e-05
lr_003,CFA,Climate,8,2028,32,0,32,32,9.375e-05
lr_003,Aurora,Climate,8,2028,32,0,32,32,9.375e-05
lr_003,TaTS,Economy,10,2028,32,5,27,32,9.375e-05
lr_003,MM-TSFlib,Economy,10,2028,32,5,27,27,9.375e-05
lr_003,SpecTF,Economy,10,2028,32,5,27,32,9.375e-05
lr_003,CFA,Economy,10,2028,32,5,27,32,9.375e-05
lr_003,Aurora,Economy,10,2028,32,5,27,32,9.375e-05
lr_003,TaTS,Economy,12,2028,32,4,28,32,9.375e-05
lr_003,MM-TSFlib,Economy,12,2028,32,4,28,28,9.375e-05
lr_003,SpecTF,Economy,12,2028,32,4,28,32,9.375e-05
lr_003,CFA,Economy,12,2028,32,4,28,32,9.375e-05
lr_003,Aurora,Economy,12,2028,32,4,28,32,9.375e-05
lr_003,TaTS,Economy,6,2028,127,107,20,40,1e-08
lr_003,MM-TSFlib,Economy,6,2028,127,107,20,127,1e-08
lr_003,SpecTF,Economy,6,2028,127,107,20,127,1e-08
lr_003,CFA,Economy,6,2028,127,107,20,127,1e-08
lr_003,Aurora,Economy,6,2028,127,107,20,126,1e-08
lr_003,TaTS,Economy,8,2028,224,204,20,44,1.46484375e-06
lr_003,MM-TSFlib,Economy,8,2028,224,204,20,165,1.46484375e-06
lr_003,SpecTF,Economy,8,2028,224,204,20,20,1.46484375e-06
lr_003,CFA,Economy,8,2028,224,204,20,45,1.46484375e-06
lr_003,Aurora,Economy,8,2028,224,204,20,224,1.46484375e-06
lr_003,TaTS,Energy,12,2028,67,29,38,20,1.171875e-05
lr_003,MM-TSFlib,Energy,12,2028,67,29,38,38,1.171875e-05
lr_003,SpecTF,Energy,12,2028,67,29,38,38,1.171875e-05
lr_003,CFA,Energy,12,2028,67,29,38,67,1.171875e-05
lr_003,Aurora,Energy,12,2028,67,29,38,20,1.171875e-05
lr_003,TaTS,Energy,24,2028,85,65,20,85,1.8310546875e-07
lr_003,MM-TSFlib,Energy,24,2028,85,65,20,85,1.8310546875e-07
lr_003,SpecTF,Energy,24,2028,85,65,20,85,1.8310546875e-07
lr_003,CFA,Energy,24,2028,85,65,20,85,1.8310546875e-07
lr_003,Aurora,Energy,24,2028,85,65,20,85,1.8310546875e-07
lr_003,TaTS,Energy,36,2028,32,0,32,32,9.375e-05
lr_003,MM-TSFlib,Energy,36,2028,32,0,32,32,9.375e-05
lr_003,SpecTF,Energy,36,2028,32,0,32,32,9.375e-05
lr_003,CFA,Energy,36,2028,32,0,32,32,9.375e-05
lr_003,Aurora,Energy,36,2028,32,0,32,32,9.375e-05
lr_003,TaTS,Energy,48,2028,32,0,32,32,9.375e-05
lr_003,MM-TSFlib,Energy,48,2028,32,0,32,32,9.375e-05
lr_003,SpecTF,Energy,48,2028,32,0,32,32,9.375e-05
lr_003,CFA,Energy,48,2028,32,0,32,32,9.375e-05
lr_003,Aurora,Energy,48,2028,32,0,32,32,9.375e-05
lr_003,TaTS,Environment,192,2028,32,3,29,30,0.0001875
lr_003,MM-TSFlib,Environment,192,2028,32,3,29,30,0.0001875
lr_003,SpecTF,Environment,192,2028,32,3,29,29,0.0001875
lr_003,CFA,Environment,192,2028,32,3,29,29,0.0001875
lr_003,Aurora,Environment,192,2028,32,3,29,30,0.0001875
lr_003,TaTS,Environment,336,2028,58,5,53,53,1.171875e-05
lr_003,MM-TSFlib,Environment,336,2028,58,5,53,20,1.171875e-05
lr_003,SpecTF,Environment,336,2028,58,5,53,53,1.171875e-05
lr_003,CFA,Environment,336,2028,58,5,53,53,1.171875e-05
lr_003,Aurora,Environment,336,2028,58,5,53,57,1.171875e-05
lr_003,TaTS,Environment,48,2028,32,2,30,30,9.375e-05
lr_003,MM-TSFlib,Environment,48,2028,32,2,30,31,9.375e-05
lr_003,SpecTF,Environment,48,2028,32,2,30,30,9.375e-05
lr_003,CFA,Environment,48,2028,32,2,30,31,9.375e-05
lr_003,Aurora,Environment,48,2028,32,2,30,31,9.375e-05
lr_003,TaTS,Environment,96,2028,32,2,30,30,9.375e-05
lr_003,MM-TSFlib,Environment,96,2028,32,2,30,30,9.375e-05
lr_003,SpecTF,Environment,96,2028,32,2,30,29,9.375e-05
lr_003,CFA,Environment,96,2028,32,2,30,29,9.375e-05
lr_003,Aurora,Environment,96,2028,32,2,30,31,9.375e-05
lr_003,TaTS,Health,12,2028,111,76,35,111,1.1444091796875e-08
lr_003,MM-TSFlib,Health,12,2028,111,76,35,109,1.1444091796875e-08
lr_003,SpecTF,Health,12,2028,111,76,35,109,1.1444091796875e-08
lr_003,CFA,Health,12,2028,111,76,35,109,1.1444091796875e-08
lr_003,Aurora,Health,12,2028,111,76,35,20,1.1444091796875e-08
lr_003,TaTS,Health,24,2028,115,95,20,115,1e-08
lr_003,MM-TSFlib,Health,24,2028,115,95,20,115,1e-08
lr_003,SpecTF,Health,24,2028,115,95,20,112,1e-08
lr_003,CFA,Health,24,2028,115,95,20,114,1e-08
lr_003,Aurora,Health,24,2028,115,95,20,31,1e-08
lr_003,TaTS,Health,36,2028,32,5,27,27,9.375e-05
lr_003,MM-TSFlib,Health,36,2028,32,5,27,32,9.375e-05
lr_003,SpecTF,Health,36,2028,32,5,27,31,9.375e-05
lr_003,CFA,Health,36,2028,32,5,27,32,9.375e-05
lr_003,Aurora,Health,36,2028,32,5,27,32,9.375e-05
lr_003,TaTS,Health,48,2028,40,20,20,37,4.6875e-05
lr_003,MM-TSFlib,Health,48,2028,40,20,20,40,4.6875e-05
lr_003,SpecTF,Health,48,2028,40,20,20,40,4.6875e-05
lr_003,CFA,Health,48,2028,40,20,20,40,4.6875e-05
lr_003,Aurora,Health,48,2028,40,20,20,40,4.6875e-05
lr_003,TaTS,Security,10,2028,32,0,32,32,9.375e-05
lr_003,MM-TSFlib,Security,10,2028,32,0,32,32,9.375e-05
lr_003,SpecTF,Security,10,2028,32,0,32,32,9.375e-05
lr_003,CFA,Security,10,2028,32,0,32,32,9.375e-05
lr_003,Aurora,Security,10,2028,32,0,32,32,9.375e-05
lr_003,TaTS,Security,12,2028,32,0,32,32,9.375e-05
lr_003,MM-TSFlib,Security,12,2028,32,0,32,32,9.375e-05
lr_003,SpecTF,Security,12,2028,32,0,32,32,9.375e-05
lr_003,CFA,Security,12,2028,32,0,32,32,9.375e-05
lr_003,Aurora,Security,12,2028,32,0,32,32,9.375e-05
lr_003,TaTS,Security,6,2028,90,37,53,90,1.8310546875e-07
lr_003,MM-TSFlib,Security,6,2028,90,37,53,20,1.8310546875e-07
lr_003,SpecTF,Security,6,2028,90,37,53,90,1.8310546875e-07
lr_003,CFA,Security,6,2028,90,37,53,90,1.8310546875e-07
lr_003,Aurora,Security,6,2028,90,37,53,82,1.8310546875e-07
lr_003,TaTS,Security,8,2028,36,16,20,36,9.375e-05
lr_003,MM-TSFlib,Security,8,2028,36,16,20,20,9.375e-05
lr_003,SpecTF,Security,8,2028,36,16,20,36,9.375e-05
lr_003,CFA,Security,8,2028,36,16,20,36,9.375e-05
lr_003,Aurora,Security,8,2028,36,16,20,36,9.375e-05
lr_003,TaTS,SocialGood,10,2028,105,85,20,25,2.288818359375e-08
lr_003,MM-TSFlib,SocialGood,10,2028,105,85,20,105,2.288818359375e-08
lr_003,SpecTF,SocialGood,10,2028,105,85,20,105,2.288818359375e-08
lr_003,CFA,SocialGood,10,2028,105,85,20,105,2.288818359375e-08
lr_003,Aurora,SocialGood,10,2028,105,85,20,105,2.288818359375e-08
lr_003,TaTS,SocialGood,12,2028,32,0,32,32,9.375e-05
lr_003,MM-TSFlib,SocialGood,12,2028,32,0,32,32,9.375e-05
lr_003,SpecTF,SocialGood,12,2028,32,0,32,32,9.375e-05
lr_003,CFA,SocialGood,12,2028,32,0,32,32,9.375e-05
lr_003,Aurora,SocialGood,12,2028,32,0,32,32,9.375e-05
lr_003,TaTS,SocialGood,6,2028,107,77,30,107,2.288818359375e-08
lr_003,MM-TSFlib,SocialGood,6,2028,107,77,30,107,2.288818359375e-08
lr_003,SpecTF,SocialGood,6,2028,107,77,30,107,2.288818359375e-08
lr_003,CFA,SocialGood,6,2028,107,77,30,107,2.288818359375e-08
lr_003,Aurora,SocialGood,6,2028,107,77,30,20,2.288818359375e-08
lr_003,TaTS,SocialGood,8,2028,48,0,48,20,2.34375e-05
lr_003,MM-TSFlib,SocialGood,8,2028,48,0,48,48,2.34375e-05
lr_003,SpecTF,SocialGood,8,2028,48,0,48,48,2.34375e-05
lr_003,CFA,SocialGood,8,2028,48,0,48,48,2.34375e-05
lr_003,Aurora,SocialGood,8,2028,48,0,48,48,2.34375e-05
lr_003,TaTS,Traffic,10,2028,32,1,31,31,9.375e-05
lr_003,MM-TSFlib,Traffic,10,2028,32,1,31,32,9.375e-05
lr_003,SpecTF,Traffic,10,2028,32,1,31,32,9.375e-05
lr_003,CFA,Traffic,10,2028,32,1,31,32,9.375e-05
lr_003,Aurora,Traffic,10,2028,32,1,31,32,9.375e-05
lr_003,TaTS,Traffic,12,2028,32,0,32,32,9.375e-05
lr_003,MM-TSFlib,Traffic,12,2028,32,0,32,32,9.375e-05
lr_003,SpecTF,Traffic,12,2028,32,0,32,32,9.375e-05
lr_003,CFA,Traffic,12,2028,32,0,32,32,9.375e-05
lr_003,Aurora,Traffic,12,2028,32,0,32,32,9.375e-05
lr_003,TaTS,Traffic,6,2028,32,3,29,32,9.375e-05
lr_003,MM-TSFlib,Traffic,6,2028,32,3,29,32,9.375e-05
lr_003,SpecTF,Traffic,6,2028,32,3,29,30,9.375e-05
lr_003,CFA,Traffic,6,2028,32,3,29,29,9.375e-05
lr_003,Aurora,Traffic,6,2028,32,3,29,32,9.375e-05
lr_003,TaTS,Traffic,8,2028,32,1,31,31,9.375e-05
lr_003,MM-TSFlib,Traffic,8,2028,32,1,31,32,9.375e-05
lr_003,SpecTF,Traffic,8,2028,32,1,31,31,9.375e-05
lr_003,CFA,Traffic,8,2028,32,1,31,32,9.375e-05
lr_003,Aurora,Traffic,8,2028,32,1,31,32,9.375e-05
v1_control,TaTS,Agriculture,10,2026,140,112,28,32,3.0517578125e-08
v1_control,MM-TSFlib,Agriculture,10,2026,140,112,28,40,3.0517578125e-08
v1_control,SpecTF,Agriculture,10,2026,140,112,28,129,3.0517578125e-08
v1_control,CFA,Agriculture,10,2026,140,112,28,140,3.0517578125e-08
v1_control,Aurora,Agriculture,10,2026,140,112,28,20,3.0517578125e-08
v1_control,TaTS,Agriculture,12,2026,128,105,23,20,1e-08
v1_control,MM-TSFlib,Agriculture,12,2026,128,105,23,31,1e-08
v1_control,SpecTF,Agriculture,12,2026,128,105,23,128,1e-08
v1_control,CFA,Agriculture,12,2026,128,105,23,120,1e-08
v1_control,Aurora,Agriculture,12,2026,128,105,23,27,1e-08
v1_control,TaTS,Agriculture,6,2026,168,96,72,29,4.8828125e-07
v1_control,MM-TSFlib,Agriculture,6,2026,168,96,72,20,4.8828125e-07
v1_control,SpecTF,Agriculture,6,2026,168,96,72,153,4.8828125e-07
v1_control,CFA,Agriculture,6,2026,168,96,72,168,4.8828125e-07
v1_control,Aurora,Agriculture,6,2026,168,96,72,72,4.8828125e-07
v1_control,TaTS,Agriculture,8,2026,132,112,20,40,1e-08
v1_control,MM-TSFlib,Agriculture,8,2026,132,112,20,24,1e-08
v1_control,SpecTF,Agriculture,8,2026,132,112,20,132,1e-08
v1_control,CFA,Agriculture,8,2026,132,112,20,132,1e-08
v1_control,Aurora,Agriculture,8,2026,132,112,20,41,1e-08
v1_control,TaTS,Climate,10,2026,32,0,32,32,3.125e-05
v1_control,MM-TSFlib,Climate,10,2026,32,0,32,32,3.125e-05
v1_control,SpecTF,Climate,10,2026,32,0,32,32,3.125e-05
v1_control,CFA,Climate,10,2026,32,0,32,32,3.125e-05
v1_control,Aurora,Climate,10,2026,32,0,32,32,3.125e-05
v1_control,TaTS,Climate,12,2026,32,0,32,32,3.125e-05
v1_control,MM-TSFlib,Climate,12,2026,32,0,32,32,3.125e-05
v1_control,SpecTF,Climate,12,2026,32,0,32,32,3.125e-05
v1_control,CFA,Climate,12,2026,32,0,32,32,3.125e-05
v1_control,Aurora,Climate,12,2026,32,0,32,32,3.125e-05
v1_control,TaTS,Climate,6,2026,32,0,32,32,3.125e-05
v1_control,MM-TSFlib,Climate,6,2026,32,0,32,32,3.125e-05
v1_control,SpecTF,Climate,6,2026,32,0,32,32,3.125e-05
v1_control,CFA,Climate,6,2026,32,0,32,32,3.125e-05
v1_control,Aurora,Climate,6,2026,32,0,32,32,3.125e-05
v1_control,TaTS,Climate,8,2026,32,0,32,32,3.125e-05
v1_control,MM-TSFlib,Climate,8,2026,32,0,32,32,3.125e-05
v1_control,SpecTF,Climate,8,2026,32,0,32,32,3.125e-05
v1_control,CFA,Climate,8,2026,32,0,32,32,3.125e-05
v1_control,Aurora,Climate,8,2026,32,0,32,32,3.125e-05
v1_control,TaTS,Economy,10,2026,53,32,21,53,3.90625e-06
v1_control,MM-TSFlib,Economy,10,2026,53,32,21,20,3.90625e-06
v1_control,SpecTF,Economy,10,2026,53,32,21,53,3.90625e-06
v1_control,CFA,Economy,10,2026,53,32,21,53,3.90625e-06
v1_control,Aurora,Economy,10,2026,53,32,21,53,3.90625e-06
v1_control,TaTS,Economy,12,2026,32,0,32,32,3.125e-05
v1_control,MM-TSFlib,Economy,12,2026,32,0,32,31,3.125e-05
v1_control,SpecTF,Economy,12,2026,32,0,32,32,3.125e-05
v1_control,CFA,Economy,12,2026,32,0,32,32,3.125e-05
v1_control,Aurora,Economy,12,2026,32,0,32,32,3.125e-05
v1_control,TaTS,Economy,6,2026,32,1,31,32,3.125e-05
v1_control,MM-TSFlib,Economy,6,2026,32,1,31,31,3.125e-05
v1_control,SpecTF,Economy,6,2026,32,1,31,31,3.125e-05
v1_control,CFA,Economy,6,2026,32,1,31,29,3.125e-05
v1_control,Aurora,Economy,6,2026,32,1,31,32,3.125e-05
v1_control,TaTS,Economy,8,2026,174,150,24,41,1e-08
v1_control,MM-TSFlib,Economy,8,2026,174,150,24,113,1e-08
v1_control,SpecTF,Economy,8,2026,174,150,24,20,1e-08
v1_control,CFA,Economy,8,2026,174,150,24,40,1e-08
v1_control,Aurora,Economy,8,2026,174,150,24,174,1e-08
v1_control,TaTS,Energy,12,2026,32,0,32,32,3.125e-05
v1_control,MM-TSFlib,Energy,12,2026,32,0,32,32,3.125e-05
v1_control,SpecTF,Energy,12,2026,32,0,32,32,3.125e-05
v1_control,CFA,Energy,12,2026,32,0,32,32,3.125e-05
v1_control,Aurora,Energy,12,2026,32,0,32,32,3.125e-05
v1_control,TaTS,Energy,24,2026,32,0,32,32,3.125e-05
v1_control,MM-TSFlib,Energy,24,2026,32,0,32,32,3.125e-05
v1_control,SpecTF,Energy,24,2026,32,0,32,32,3.125e-05
v1_control,CFA,Energy,24,2026,32,0,32,32,3.125e-05
v1_control,Aurora,Energy,24,2026,32,0,32,32,3.125e-05
v1_control,TaTS,Energy,36,2026,32,0,32,32,3.125e-05
v1_control,MM-TSFlib,Energy,36,2026,32,0,32,32,3.125e-05
v1_control,SpecTF,Energy,36,2026,32,0,32,32,3.125e-05
v1_control,CFA,Energy,36,2026,32,0,32,32,3.125e-05
v1_control,Aurora,Energy,36,2026,32,0,32,32,3.125e-05
v1_control,TaTS,Energy,48,2026,32,0,32,32,3.125e-05
v1_control,MM-TSFlib,Energy,48,2026,32,0,32,32,3.125e-05
v1_control,SpecTF,Energy,48,2026,32,0,32,32,3.125e-05
v1_control,CFA,Energy,48,2026,32,0,32,32,3.125e-05
v1_control,Aurora,Energy,48,2026,32,0,32,32,3.125e-05
v1_control,TaTS,Environment,192,2026,32,5,27,27,6.25e-05
v1_control,MM-TSFlib,Environment,192,2026,32,5,27,27,6.25e-05
v1_control,SpecTF,Environment,192,2026,32,5,27,26,6.25e-05
v1_control,CFA,Environment,192,2026,32,5,27,27,6.25e-05
v1_control,Aurora,Environment,192,2026,32,5,27,30,6.25e-05
v1_control,TaTS,Environment,336,2026,33,10,23,23,0.000125
v1_control,MM-TSFlib,Environment,336,2026,33,10,23,20,0.000125
v1_control,SpecTF,Environment,336,2026,33,10,23,23,0.000125
v1_control,CFA,Environment,336,2026,33,10,23,33,0.000125
v1_control,Aurora,Environment,336,2026,33,10,23,31,0.000125
v1_control,TaTS,Environment,48,2026,32,2,30,30,3.125e-05
v1_control,MM-TSFlib,Environment,48,2026,32,2,30,30,3.125e-05
v1_control,SpecTF,Environment,48,2026,32,2,30,30,3.125e-05
v1_control,CFA,Environment,48,2026,32,2,30,31,3.125e-05
v1_control,Aurora,Environment,48,2026,32,2,30,30,3.125e-05
v1_control,TaTS,Environment,96,2026,32,3,29,29,6.25e-05
v1_control,MM-TSFlib,Environment,96,2026,32,3,29,28,6.25e-05
v1_control,SpecTF,Environment,96,2026,32,3,29,27,6.25e-05
v1_control,CFA,Environment,96,2026,32,3,29,28,6.25e-05
v1_control,Aurora,Environment,96,2026,32,3,29,30,6.25e-05
v1_control,TaTS,Health,12,2026,104,69,35,104,1.52587890625e-08
v1_control,MM-TSFlib,Health,12,2026,104,69,35,98,1.52587890625e-08
v1_control,SpecTF,Health,12,2026,104,69,35,104,1.52587890625e-08
v1_control,CFA,Health,12,2026,104,69,35,104,1.52587890625e-08
v1_control,Aurora,Health,12,2026,104,69,35,20,1.52587890625e-08
v1_control,TaTS,Health,24,2026,98,78,20,98,1.52587890625e-08
v1_control,MM-TSFlib,Health,24,2026,98,78,20,98,1.52587890625e-08
v1_control,SpecTF,Health,24,2026,98,78,20,90,1.52587890625e-08
v1_control,CFA,Health,24,2026,98,78,20,98,1.52587890625e-08
v1_control,Aurora,Health,24,2026,98,78,20,21,1.52587890625e-08
v1_control,TaTS,Health,36,2026,33,13,20,20,3.125e-05
v1_control,MM-TSFlib,Health,36,2026,33,13,20,33,3.125e-05
v1_control,SpecTF,Health,36,2026,33,13,20,33,3.125e-05
v1_control,CFA,Health,36,2026,33,13,20,33,3.125e-05
v1_control,Aurora,Health,36,2026,33,13,20,33,3.125e-05
v1_control,TaTS,Health,48,2026,39,19,20,20,1.5625e-05
v1_control,MM-TSFlib,Health,48,2026,39,19,20,26,1.5625e-05
v1_control,SpecTF,Health,48,2026,39,19,20,39,1.5625e-05
v1_control,CFA,Health,48,2026,39,19,20,39,1.5625e-05
v1_control,Aurora,Health,48,2026,39,19,20,39,1.5625e-05
v1_control,TaTS,Security,10,2026,32,1,31,32,3.125e-05
v1_control,MM-TSFlib,Security,10,2026,32,1,31,30,3.125e-05
v1_control,SpecTF,Security,10,2026,32,1,31,31,3.125e-05
v1_control,CFA,Security,10,2026,32,1,31,31,3.125e-05
v1_control,Aurora,Security,10,2026,32,1,31,30,3.125e-05
v1_control,TaTS,Security,12,2026,32,2,30,32,3.125e-05
v1_control,MM-TSFlib,Security,12,2026,32,2,30,30,3.125e-05
v1_control,SpecTF,Security,12,2026,32,2,30,32,3.125e-05
v1_control,CFA,Security,12,2026,32,2,30,32,3.125e-05
v1_control,Aurora,Security,12,2026,32,2,30,30,3.125e-05
v1_control,TaTS,Security,6,2026,110,78,32,110,1e-08
v1_control,MM-TSFlib,Security,6,2026,110,78,32,20,1e-08
v1_control,SpecTF,Security,6,2026,110,78,32,110,1e-08
v1_control,CFA,Security,6,2026,110,78,32,110,1e-08
v1_control,Aurora,Security,6,2026,110,78,32,31,1e-08
v1_control,TaTS,Security,8,2026,91,63,28,91,3.0517578125e-08
v1_control,MM-TSFlib,Security,8,2026,91,63,28,20,3.0517578125e-08
v1_control,SpecTF,Security,8,2026,91,63,28,91,3.0517578125e-08
v1_control,CFA,Security,8,2026,91,63,28,91,3.0517578125e-08
v1_control,Aurora,Security,8,2026,91,63,28,89,3.0517578125e-08
v1_control,TaTS,SocialGood,10,2026,89,54,35,20,6.103515625e-08
v1_control,MM-TSFlib,SocialGood,10,2026,89,54,35,89,6.103515625e-08
v1_control,SpecTF,SocialGood,10,2026,89,54,35,89,6.103515625e-08
v1_control,CFA,SocialGood,10,2026,89,54,35,89,6.103515625e-08
v1_control,Aurora,SocialGood,10,2026,89,54,35,89,6.103515625e-08
v1_control,TaTS,SocialGood,12,2026,32,0,32,32,3.125e-05
v1_control,MM-TSFlib,SocialGood,12,2026,32,0,32,32,3.125e-05
v1_control,SpecTF,SocialGood,12,2026,32,0,32,32,3.125e-05
v1_control,CFA,SocialGood,12,2026,32,0,32,32,3.125e-05
v1_control,Aurora,SocialGood,12,2026,32,0,32,32,3.125e-05
v1_control,TaTS,SocialGood,6,2026,32,0,32,21,3.125e-05
v1_control,MM-TSFlib,SocialGood,6,2026,32,0,32,32,3.125e-05
v1_control,SpecTF,SocialGood,6,2026,32,0,32,32,3.125e-05
v1_control,CFA,SocialGood,6,2026,32,0,32,32,3.125e-05
v1_control,Aurora,SocialGood,6,2026,32,0,32,32,3.125e-05
v1_control,TaTS,SocialGood,8,2026,98,0,98,20,1.52587890625e-08
v1_control,MM-TSFlib,SocialGood,8,2026,98,0,98,98,1.52587890625e-08
v1_control,SpecTF,SocialGood,8,2026,98,0,98,98,1.52587890625e-08
v1_control,CFA,SocialGood,8,2026,98,0,98,98,1.52587890625e-08
v1_control,Aurora,SocialGood,8,2026,98,0,98,98,1.52587890625e-08
v1_control,TaTS,Traffic,10,2026,32,0,32,32,3.125e-05
v1_control,MM-TSFlib,Traffic,10,2026,32,0,32,32,3.125e-05
v1_control,SpecTF,Traffic,10,2026,32,0,32,32,3.125e-05
v1_control,CFA,Traffic,10,2026,32,0,32,32,3.125e-05
v1_control,Aurora,Traffic,10,2026,32,0,32,32,3.125e-05
v1_control,TaTS,Traffic,12,2026,32,0,32,32,3.125e-05
v1_control,MM-TSFlib,Traffic,12,2026,32,0,32,32,3.125e-05
v1_control,SpecTF,Traffic,12,2026,32,0,32,32,3.125e-05
v1_control,CFA,Traffic,12,2026,32,0,32,32,3.125e-05
v1_control,Aurora,Traffic,12,2026,32,0,32,32,3.125e-05
v1_control,TaTS,Traffic,6,2026,32,6,26,32,3.125e-05
v1_control,MM-TSFlib,Traffic,6,2026,32,6,26,32,3.125e-05
v1_control,SpecTF,Traffic,6,2026,32,6,26,29,3.125e-05
v1_control,CFA,Traffic,6,2026,32,6,26,26,3.125e-05
v1_control,Aurora,Traffic,6,2026,32,6,26,32,3.125e-05
v1_control,TaTS,Traffic,8,2026,32,0,32,32,3.125e-05
v1_control,MM-TSFlib,Traffic,8,2026,32,0,32,32,3.125e-05
v1_control,SpecTF,Traffic,8,2026,32,0,32,32,3.125e-05
v1_control,CFA,Traffic,8,2026,32,0,32,32,3.125e-05
v1_control,Aurora,Traffic,8,2026,32,0,32,32,3.125e-05
v1_control,TaTS,Agriculture,10,2027,139,100,39,24,1e-08
v1_control,MM-TSFlib,Agriculture,10,2027,139,100,39,35,1e-08
v1_control,SpecTF,Agriculture,10,2027,139,100,39,123,1e-08
v1_control,CFA,Agriculture,10,2027,139,100,39,139,1e-08
v1_control,Aurora,Agriculture,10,2027,139,100,39,20,1e-08
v1_control,TaTS,Agriculture,12,2027,139,119,20,25,1e-08
v1_control,MM-TSFlib,Agriculture,12,2027,139,119,20,33,1e-08
v1_control,SpecTF,Agriculture,12,2027,139,119,20,139,1e-08
v1_control,CFA,Agriculture,12,2027,139,119,20,128,1e-08
v1_control,Aurora,Agriculture,12,2027,139,119,20,28,1e-08
v1_control,TaTS,Agriculture,6,2027,146,105,41,29,3.0517578125e-08
v1_control,MM-TSFlib,Agriculture,6,2027,146,105,41,20,3.0517578125e-08
v1_control,SpecTF,Agriculture,6,2027,146,105,41,129,3.0517578125e-08
v1_control,CFA,Agriculture,6,2027,146,105,41,146,3.0517578125e-08
v1_control,Aurora,Agriculture,6,2027,146,105,41,80,3.0517578125e-08
v1_control,TaTS,Agriculture,8,2027,129,96,33,20,1e-08
v1_control,MM-TSFlib,Agriculture,8,2027,129,96,33,28,1e-08
v1_control,SpecTF,Agriculture,8,2027,129,96,33,129,1e-08
v1_control,CFA,Agriculture,8,2027,129,96,33,129,1e-08
v1_control,Aurora,Agriculture,8,2027,129,96,33,29,1e-08
v1_control,TaTS,Climate,10,2027,32,0,32,32,3.125e-05
v1_control,MM-TSFlib,Climate,10,2027,32,0,32,32,3.125e-05
v1_control,SpecTF,Climate,10,2027,32,0,32,32,3.125e-05
v1_control,CFA,Climate,10,2027,32,0,32,32,3.125e-05
v1_control,Aurora,Climate,10,2027,32,0,32,32,3.125e-05
v1_control,TaTS,Climate,12,2027,32,0,32,32,3.125e-05
v1_control,MM-TSFlib,Climate,12,2027,32,0,32,32,3.125e-05
v1_control,SpecTF,Climate,12,2027,32,0,32,32,3.125e-05
v1_control,CFA,Climate,12,2027,32,0,32,32,3.125e-05
v1_control,Aurora,Climate,12,2027,32,0,32,32,3.125e-05
v1_control,TaTS,Climate,6,2027,32,0,32,32,3.125e-05
v1_control,MM-TSFlib,Climate,6,2027,32,0,32,32,3.125e-05
v1_control,SpecTF,Climate,6,2027,32,0,32,32,3.125e-05
v1_control,CFA,Climate,6,2027,32,0,32,32,3.125e-05
v1_control,Aurora,Climate,6,2027,32,0,32,32,3.125e-05
v1_control,TaTS,Climate,8,2027,32,0,32,32,3.125e-05
v1_control,MM-TSFlib,Climate,8,2027,32,0,32,32,3.125e-05
v1_control,SpecTF,Climate,8,2027,32,0,32,32,3.125e-05
v1_control,CFA,Climate,8,2027,32,0,32,32,3.125e-05
v1_control,Aurora,Climate,8,2027,32,0,32,32,3.125e-05
v1_control,TaTS,Economy,10,2027,97,40,57,91,3.0517578125e-08
v1_control,MM-TSFlib,Economy,10,2027,97,40,57,20,3.0517578125e-08
v1_control,SpecTF,Economy,10,2027,97,40,57,97,3.0517578125e-08
v1_control,CFA,Economy,10,2027,97,40,57,94,3.0517578125e-08
v1_control,Aurora,Economy,10,2027,97,40,57,97,3.0517578125e-08
v1_control,TaTS,Economy,12,2027,107,59,48,107,1e-08
v1_control,MM-TSFlib,Economy,12,2027,107,59,48,20,1e-08
v1_control,SpecTF,Economy,12,2027,107,59,48,107,1e-08
v1_control,CFA,Economy,12,2027,107,59,48,107,1e-08
v1_control,Aurora,Economy,12,2027,107,59,48,107,1e-08
v1_control,TaTS,Economy,6,2027,105,6,99,20,1.52587890625e-08
v1_control,MM-TSFlib,Economy,6,2027,105,6,99,103,1.52587890625e-08
v1_control,SpecTF,Economy,6,2027,105,6,99,98,1.52587890625e-08
v1_control,CFA,Economy,6,2027,105,6,99,99,1.52587890625e-08
v1_control,Aurora,Economy,6,2027,105,6,99,100,1.52587890625e-08
v1_control,TaTS,Economy,8,2027,118,92,26,115,1e-08
v1_control,MM-TSFlib,Economy,8,2027,118,92,26,20,1e-08
v1_control,SpecTF,Economy,8,2027,118,92,26,114,1e-08
v1_control,CFA,Economy,8,2027,118,92,26,109,1e-08
v1_control,Aurora,Economy,8,2027,118,92,26,115,1e-08
v1_control,TaTS,Energy,12,2027,32,0,32,32,3.125e-05
v1_control,MM-TSFlib,Energy,12,2027,32,0,32,32,3.125e-05
v1_control,SpecTF,Energy,12,2027,32,0,32,32,3.125e-05
v1_control,CFA,Energy,12,2027,32,0,32,32,3.125e-05
v1_control,Aurora,Energy,12,2027,32,0,32,32,3.125e-05
v1_control,TaTS,Energy,24,2027,32,0,32,32,3.125e-05
v1_control,MM-TSFlib,Energy,24,2027,32,0,32,32,3.125e-05
v1_control,SpecTF,Energy,24,2027,32,0,32,32,3.125e-05
v1_control,CFA,Energy,24,2027,32,0,32,32,3.125e-05
v1_control,Aurora,Energy,24,2027,32,0,32,32,3.125e-05
v1_control,TaTS,Energy,36,2027,32,0,32,32,3.125e-05
v1_control,MM-TSFlib,Energy,36,2027,32,0,32,32,3.125e-05
v1_control,SpecTF,Energy,36,2027,32,0,32,32,3.125e-05
v1_control,CFA,Energy,36,2027,32,0,32,32,3.125e-05
v1_control,Aurora,Energy,36,2027,32,0,32,32,3.125e-05
v1_control,TaTS,Energy,48,2027,32,0,32,32,3.125e-05
v1_control,MM-TSFlib,Energy,48,2027,32,0,32,32,3.125e-05
v1_control,SpecTF,Energy,48,2027,32,0,32,32,3.125e-05
v1_control,CFA,Energy,48,2027,32,0,32,32,3.125e-05
v1_control,Aurora,Energy,48,2027,32,0,32,32,3.125e-05
v1_control,TaTS,Environment,192,2027,32,6,26,26,6.25e-05
v1_control,MM-TSFlib,Environment,192,2027,32,6,26,26,6.25e-05
v1_control,SpecTF,Environment,192,2027,32,6,26,24,6.25e-05
v1_control,CFA,Environment,192,2027,32,6,26,32,6.25e-05
v1_control,Aurora,Environment,192,2027,32,6,26,30,6.25e-05
v1_control,TaTS,Environment,336,2027,38,16,22,22,3.125e-05
v1_control,MM-TSFlib,Environment,336,2027,38,16,22,22,3.125e-05
v1_control,SpecTF,Environment,336,2027,38,16,22,20,3.125e-05
v1_control,CFA,Environment,336,2027,38,16,22,38,3.125e-05
v1_control,Aurora,Environment,336,2027,38,16,22,37,3.125e-05
v1_control,TaTS,Environment,48,2027,32,2,30,30,3.125e-05
v1_control,MM-TSFlib,Environment,48,2027,32,2,30,30,3.125e-05
v1_control,SpecTF,Environment,48,2027,32,2,30,30,3.125e-05
v1_control,CFA,Environment,48,2027,32,2,30,31,3.125e-05
v1_control,Aurora,Environment,48,2027,32,2,30,30,3.125e-05
v1_control,TaTS,Environment,96,2027,32,7,25,30,3.125e-05
v1_control,MM-TSFlib,Environment,96,2027,32,7,25,25,3.125e-05
v1_control,SpecTF,Environment,96,2027,32,7,25,26,3.125e-05
v1_control,CFA,Environment,96,2027,32,7,25,31,3.125e-05
v1_control,Aurora,Environment,96,2027,32,7,25,30,3.125e-05
v1_control,TaTS,Health,12,2027,104,18,86,104,1e-08
v1_control,MM-TSFlib,Health,12,2027,104,18,86,102,1e-08
v1_control,SpecTF,Health,12,2027,104,18,86,99,1e-08
v1_control,CFA,Health,12,2027,104,18,86,99,1e-08
v1_control,Aurora,Health,12,2027,104,18,86,20,1e-08
v1_control,TaTS,Health,24,2027,111,75,36,111,1e-08
v1_control,MM-TSFlib,Health,24,2027,111,75,36,109,1e-08
v1_control,SpecTF,Health,24,2027,111,75,36,104,1e-08
v1_control,CFA,Health,24,2027,111,75,36,109,1e-08
v1_control,Aurora,Health,24,2027,111,75,36,20,1e-08
v1_control,TaTS,Health,36,2027,60,12,48,48,1.953125e-06
v1_control,MM-TSFlib,Health,36,2027,60,12,48,20,1.953125e-06
v1_control,SpecTF,Health,36,2027,60,12,48,60,1.953125e-06
v1_control,CFA,Health,36,2027,60,12,48,60,1.953125e-06
v1_control,Aurora,Health,36,2027,60,12,48,60,1.953125e-06
v1_control,TaTS,Health,48,2027,82,0,82,20,1.220703125e-07
v1_control,MM-TSFlib,Health,48,2027,82,0,82,82,1.220703125e-07
v1_control,SpecTF,Health,48,2027,82,0,82,82,1.220703125e-07
v1_control,CFA,Health,48,2027,82,0,82,79,1.220703125e-07
v1_control,Aurora,Health,48,2027,82,0,82,82,1.220703125e-07
v1_control,TaTS,Security,10,2027,32,0,32,32,3.125e-05
v1_control,MM-TSFlib,Security,10,2027,32,0,32,32,3.125e-05
v1_control,SpecTF,Security,10,2027,32,0,32,32,3.125e-05
v1_control,CFA,Security,10,2027,32,0,32,32,3.125e-05
v1_control,Aurora,Security,10,2027,32,0,32,32,3.125e-05
v1_control,TaTS,Security,12,2027,32,0,32,32,3.125e-05
v1_control,MM-TSFlib,Security,12,2027,32,0,32,32,3.125e-05
v1_control,SpecTF,Security,12,2027,32,0,32,32,3.125e-05
v1_control,CFA,Security,12,2027,32,0,32,32,3.125e-05
v1_control,Aurora,Security,12,2027,32,0,32,32,3.125e-05
v1_control,TaTS,Security,6,2027,115,90,25,115,1e-08
v1_control,MM-TSFlib,Security,6,2027,115,90,25,20,1e-08
v1_control,SpecTF,Security,6,2027,115,90,25,111,1e-08
v1_control,CFA,Security,6,2027,115,90,25,115,1e-08
v1_control,Aurora,Security,6,2027,115,90,25,44,1e-08
v1_control,TaTS,Security,8,2027,32,0,32,32,3.125e-05
v1_control,MM-TSFlib,Security,8,2027,32,0,32,32,3.125e-05
v1_control,SpecTF,Security,8,2027,32,0,32,32,3.125e-05
v1_control,CFA,Security,8,2027,32,0,32,32,3.125e-05
v1_control,Aurora,Security,8,2027,32,0,32,32,3.125e-05
v1_control,TaTS,SocialGood,10,2027,91,65,26,20,3.0517578125e-08
v1_control,MM-TSFlib,SocialGood,10,2027,91,65,26,90,3.0517578125e-08
v1_control,SpecTF,SocialGood,10,2027,91,65,26,91,3.0517578125e-08
v1_control,CFA,SocialGood,10,2027,91,65,26,91,3.0517578125e-08
v1_control,Aurora,SocialGood,10,2027,91,65,26,91,3.0517578125e-08
v1_control,TaTS,SocialGood,12,2027,37,15,22,37,1.5625e-05
v1_control,MM-TSFlib,SocialGood,12,2027,37,15,22,20,1.5625e-05
v1_control,SpecTF,SocialGood,12,2027,37,15,22,37,1.5625e-05
v1_control,CFA,SocialGood,12,2027,37,15,22,37,1.5625e-05
v1_control,Aurora,SocialGood,12,2027,37,15,22,37,1.5625e-05
v1_control,TaTS,SocialGood,6,2027,42,7,35,20,1.5625e-05
v1_control,MM-TSFlib,SocialGood,6,2027,42,7,35,42,1.5625e-05
v1_control,SpecTF,SocialGood,6,2027,42,7,35,42,1.5625e-05
v1_control,CFA,SocialGood,6,2027,42,7,35,42,1.5625e-05
v1_control,Aurora,SocialGood,6,2027,42,7,35,42,1.5625e-05
v1_control,TaTS,SocialGood,8,2027,101,80,21,20,1.52587890625e-08
v1_control,MM-TSFlib,SocialGood,8,2027,101,80,21,90,1.52587890625e-08
v1_control,SpecTF,SocialGood,8,2027,101,80,21,101,1.52587890625e-08
v1_control,CFA,SocialGood,8,2027,101,80,21,101,1.52587890625e-08
v1_control,Aurora,SocialGood,8,2027,101,80,21,31,1.52587890625e-08
v1_control,TaTS,Traffic,10,2027,32,3,29,30,3.125e-05
v1_control,MM-TSFlib,Traffic,10,2027,32,3,29,32,3.125e-05
v1_control,SpecTF,Traffic,10,2027,32,3,29,32,3.125e-05
v1_control,CFA,Traffic,10,2027,32,3,29,32,3.125e-05
v1_control,Aurora,Traffic,10,2027,32,3,29,32,3.125e-05
v1_control,TaTS,Traffic,12,2027,32,0,32,32,3.125e-05
v1_control,MM-TSFlib,Traffic,12,2027,32,0,32,32,3.125e-05
v1_control,SpecTF,Traffic,12,2027,32,0,32,32,3.125e-05
v1_control,CFA,Traffic,12,2027,32,0,32,32,3.125e-05
v1_control,Aurora,Traffic,12,2027,32,0,32,32,3.125e-05
v1_control,TaTS,Traffic,6,2027,32,8,24,32,3.125e-05
v1_control,MM-TSFlib,Traffic,6,2027,32,8,24,32,3.125e-05
v1_control,SpecTF,Traffic,6,2027,32,8,24,27,3.125e-05
v1_control,CFA,Traffic,6,2027,32,8,24,24,3.125e-05
v1_control,Aurora,Traffic,6,2027,32,8,24,32,3.125e-05
v1_control,TaTS,Traffic,8,2027,32,3,29,29,3.125e-05
v1_control,MM-TSFlib,Traffic,8,2027,32,3,29,32,3.125e-05
v1_control,SpecTF,Traffic,8,2027,32,3,29,30,3.125e-05
v1_control,CFA,Traffic,8,2027,32,3,29,32,3.125e-05
v1_control,Aurora,Traffic,8,2027,32,3,29,32,3.125e-05
v1_control,TaTS,Agriculture,10,2028,133,98,35,20,1.52587890625e-08
v1_control,MM-TSFlib,Agriculture,10,2028,133,98,35,31,1.52587890625e-08
v1_control,SpecTF,Agriculture,10,2028,133,98,35,119,1.52587890625e-08
v1_control,CFA,Agriculture,10,2028,133,98,35,133,1.52587890625e-08
v1_control,Aurora,Agriculture,10,2028,133,98,35,24,1.52587890625e-08
v1_control,TaTS,Agriculture,12,2028,145,99,46,37,1e-08
v1_control,MM-TSFlib,Agriculture,12,2028,145,99,46,46,1e-08
v1_control,SpecTF,Agriculture,12,2028,145,99,46,145,1e-08
v1_control,CFA,Agriculture,12,2028,145,99,46,133,1e-08
v1_control,Aurora,Agriculture,12,2028,145,99,46,20,1e-08
v1_control,TaTS,Agriculture,6,2028,133,107,26,20,1e-08
v1_control,MM-TSFlib,Agriculture,6,2028,133,107,26,34,1e-08
v1_control,SpecTF,Agriculture,6,2028,133,107,26,115,1e-08
v1_control,CFA,Agriculture,6,2028,133,107,26,133,1e-08
v1_control,Aurora,Agriculture,6,2028,133,107,26,21,1e-08
v1_control,TaTS,Agriculture,8,2028,130,88,42,34,1e-08
v1_control,MM-TSFlib,Agriculture,8,2028,130,88,42,20,1e-08
v1_control,SpecTF,Agriculture,8,2028,130,88,42,130,1e-08
v1_control,CFA,Agriculture,8,2028,130,88,42,130,1e-08
v1_control,Aurora,Agriculture,8,2028,130,88,42,31,1e-08
v1_control,TaTS,Climate,10,2028,32,0,32,32,3.125e-05
v1_control,MM-TSFlib,Climate,10,2028,32,0,32,32,3.125e-05
v1_control,SpecTF,Climate,10,2028,32,0,32,32,3.125e-05
v1_control,CFA,Climate,10,2028,32,0,32,32,3.125e-05
v1_control,Aurora,Climate,10,2028,32,0,32,32,3.125e-05
v1_control,TaTS,Climate,12,2028,32,0,32,31,3.125e-05
v1_control,MM-TSFlib,Climate,12,2028,32,0,32,32,3.125e-05
v1_control,SpecTF,Climate,12,2028,32,0,32,32,3.125e-05
v1_control,CFA,Climate,12,2028,32,0,32,32,3.125e-05
v1_control,Aurora,Climate,12,2028,32,0,32,32,3.125e-05
v1_control,TaTS,Climate,6,2028,32,0,32,32,3.125e-05
v1_control,MM-TSFlib,Climate,6,2028,32,0,32,32,3.125e-05
v1_control,SpecTF,Climate,6,2028,32,0,32,32,3.125e-05
v1_control,CFA,Climate,6,2028,32,0,32,32,3.125e-05
v1_control,Aurora,Climate,6,2028,32,0,32,32,3.125e-05
v1_control,TaTS,Climate,8,2028,32,0,32,32,3.125e-05
v1_control,MM-TSFlib,Climate,8,2028,32,0,32,32,3.125e-05
v1_control,SpecTF,Climate,8,2028,32,0,32,32,3.125e-05
v1_control,CFA,Climate,8,2028,32,0,32,32,3.125e-05
v1_control,Aurora,Climate,8,2028,32,0,32,32,3.125e-05
v1_control,TaTS,Economy,10,2028,46,25,21,46,7.8125e-06
v1_control,MM-TSFlib,Economy,10,2028,46,25,21,20,7.8125e-06
v1_control,SpecTF,Economy,10,2028,46,25,21,46,7.8125e-06
v1_control,CFA,Economy,10,2028,46,25,21,46,7.8125e-06
v1_control,Aurora,Economy,10,2028,46,25,21,46,7.8125e-06
v1_control,TaTS,Economy,12,2028,33,12,21,33,3.125e-05
v1_control,MM-TSFlib,Economy,12,2028,33,12,21,20,3.125e-05
v1_control,SpecTF,Economy,12,2028,33,12,21,33,3.125e-05
v1_control,CFA,Economy,12,2028,33,12,21,33,3.125e-05
v1_control,Aurora,Economy,12,2028,33,12,21,33,3.125e-05
v1_control,TaTS,Economy,6,2028,91,56,35,20,3.0517578125e-08
v1_control,MM-TSFlib,Economy,6,2028,91,56,35,91,3.0517578125e-08
v1_control,SpecTF,Economy,6,2028,91,56,35,91,3.0517578125e-08
v1_control,CFA,Economy,6,2028,91,56,35,86,3.0517578125e-08
v1_control,Aurora,Economy,6,2028,91,56,35,88,3.0517578125e-08
v1_control,TaTS,Economy,8,2028,115,82,33,109,1e-08
v1_control,MM-TSFlib,Economy,8,2028,115,82,33,20,1e-08
v1_control,SpecTF,Economy,8,2028,115,82,33,115,1e-08
v1_control,CFA,Economy,8,2028,115,82,33,109,1e-08
v1_control,Aurora,Economy,8,2028,115,82,33,114,1e-08
v1_control,TaTS,Energy,12,2028,32,0,32,32,3.125e-05
v1_control,MM-TSFlib,Energy,12,2028,32,0,32,32,3.125e-05
v1_control,SpecTF,Energy,12,2028,32,0,32,32,3.125e-05
v1_control,CFA,Energy,12,2028,32,0,32,32,3.125e-05
v1_control,Aurora,Energy,12,2028,32,0,32,32,3.125e-05
v1_control,TaTS,Energy,24,2028,32,0,32,32,3.125e-05
v1_control,MM-TSFlib,Energy,24,2028,32,0,32,32,3.125e-05
v1_control,SpecTF,Energy,24,2028,32,0,32,32,3.125e-05
v1_control,CFA,Energy,24,2028,32,0,32,32,3.125e-05
v1_control,Aurora,Energy,24,2028,32,0,32,32,3.125e-05
v1_control,TaTS,Energy,36,2028,32,0,32,32,3.125e-05
v1_control,MM-TSFlib,Energy,36,2028,32,0,32,32,3.125e-05
v1_control,SpecTF,Energy,36,2028,32,0,32,32,3.125e-05
v1_control,CFA,Energy,36,2028,32,0,32,32,3.125e-05
v1_control,Aurora,Energy,36,2028,32,0,32,32,3.125e-05
v1_control,TaTS,Energy,48,2028,32,0,32,32,3.125e-05
v1_control,MM-TSFlib,Energy,48,2028,32,0,32,32,3.125e-05
v1_control,SpecTF,Energy,48,2028,32,0,32,32,3.125e-05
v1_control,CFA,Energy,48,2028,32,0,32,32,3.125e-05
v1_control,Aurora,Energy,48,2028,32,0,32,32,3.125e-05
v1_control,TaTS,Environment,192,2028,32,8,24,28,6.25e-05
v1_control,MM-TSFlib,Environment,192,2028,32,8,24,28,6.25e-05
v1_control,SpecTF,Environment,192,2028,32,8,24,25,6.25e-05
v1_control,CFA,Environment,192,2028,32,8,24,27,6.25e-05
v1_control,Aurora,Environment,192,2028,32,8,24,28,6.25e-05
v1_control,TaTS,Environment,336,2028,32,11,21,21,0.000125
v1_control,MM-TSFlib,Environment,336,2028,32,11,21,21,0.000125
v1_control,SpecTF,Environment,336,2028,32,11,21,20,0.000125
v1_control,CFA,Environment,336,2028,32,11,21,32,0.000125
v1_control,Aurora,Environment,336,2028,32,11,21,30,0.000125
v1_control,TaTS,Environment,48,2028,32,2,30,30,3.125e-05
v1_control,MM-TSFlib,Environment,48,2028,32,2,30,30,3.125e-05
v1_control,SpecTF,Environment,48,2028,32,2,30,30,3.125e-05
v1_control,CFA,Environment,48,2028,32,2,30,31,3.125e-05
v1_control,Aurora,Environment,48,2028,32,2,30,30,3.125e-05
v1_control,TaTS,Environment,96,2028,32,2,30,30,6.25e-05
v1_control,MM-TSFlib,Environment,96,2028,32,2,30,28,6.25e-05
v1_control,SpecTF,Environment,96,2028,32,2,30,26,6.25e-05
v1_control,CFA,Environment,96,2028,32,2,30,31,6.25e-05
v1_control,Aurora,Environment,96,2028,32,2,30,30,6.25e-05
v1_control,TaTS,Health,12,2028,111,8,103,110,1e-08
v1_control,MM-TSFlib,Health,12,2028,111,8,103,104,1e-08
v1_control,SpecTF,Health,12,2028,111,8,103,109,1e-08
v1_control,CFA,Health,12,2028,111,8,103,107,1e-08
v1_control,Aurora,Health,12,2028,111,8,103,20,1e-08
v1_control,TaTS,Health,24,2028,103,24,79,103,1.52587890625e-08
v1_control,MM-TSFlib,Health,24,2028,103,24,79,103,1.52587890625e-08
v1_control,SpecTF,Health,24,2028,103,24,79,96,1.52587890625e-08
v1_control,CFA,Health,24,2028,103,24,79,100,1.52587890625e-08
v1_control,Aurora,Health,24,2028,103,24,79,20,1.52587890625e-08
v1_control,TaTS,Health,36,2028,40,19,21,20,1.5625e-05
v1_control,MM-TSFlib,Health,36,2028,40,19,21,40,1.5625e-05
v1_control,SpecTF,Health,36,2028,40,19,21,38,1.5625e-05
v1_control,CFA,Health,36,2028,40,19,21,40,1.5625e-05
v1_control,Aurora,Health,36,2028,40,19,21,40,1.5625e-05
v1_control,TaTS,Health,48,2028,35,1,34,20,3.125e-05
v1_control,MM-TSFlib,Health,48,2028,35,1,34,35,3.125e-05
v1_control,SpecTF,Health,48,2028,35,1,34,35,3.125e-05
v1_control,CFA,Health,48,2028,35,1,34,35,3.125e-05
v1_control,Aurora,Health,48,2028,35,1,34,35,3.125e-05
v1_control,TaTS,Security,10,2028,32,0,32,32,3.125e-05
v1_control,MM-TSFlib,Security,10,2028,32,0,32,32,3.125e-05
v1_control,SpecTF,Security,10,2028,32,0,32,32,3.125e-05
v1_control,CFA,Security,10,2028,32,0,32,32,3.125e-05
v1_control,Aurora,Security,10,2028,32,0,32,32,3.125e-05
v1_control,TaTS,Security,12,2028,32,0,32,32,3.125e-05
v1_control,MM-TSFlib,Security,12,2028,32,0,32,32,3.125e-05
v1_control,SpecTF,Security,12,2028,32,0,32,32,3.125e-05
v1_control,CFA,Security,12,2028,32,0,32,32,3.125e-05
v1_control,Aurora,Security,12,2028,32,0,32,32,3.125e-05
v1_control,TaTS,Security,6,2028,102,73,29,102,1.52587890625e-08
v1_control,MM-TSFlib,Security,6,2028,102,73,29,20,1.52587890625e-08
v1_control,SpecTF,Security,6,2028,102,73,29,102,1.52587890625e-08
v1_control,CFA,Security,6,2028,102,73,29,102,1.52587890625e-08
v1_control,Aurora,Security,6,2028,102,73,29,21,1.52587890625e-08
v1_control,TaTS,Security,8,2028,32,0,32,32,3.125e-05
v1_control,MM-TSFlib,Security,8,2028,32,0,32,31,3.125e-05
v1_control,SpecTF,Security,8,2028,32,0,32,32,3.125e-05
v1_control,CFA,Security,8,2028,32,0,32,32,3.125e-05
v1_control,Aurora,Security,8,2028,32,0,32,32,3.125e-05
v1_control,TaTS,SocialGood,10,2028,107,0,107,20,1e-08
v1_control,MM-TSFlib,SocialGood,10,2028,107,0,107,107,1e-08
v1_control,SpecTF,SocialGood,10,2028,107,0,107,107,1e-08
v1_control,CFA,SocialGood,10,2028,107,0,107,107,1e-08
v1_control,Aurora,SocialGood,10,2028,107,0,107,107,1e-08
v1_control,TaTS,SocialGood,12,2028,32,0,32,32,3.125e-05
v1_control,MM-TSFlib,SocialGood,12,2028,32,0,32,32,3.125e-05
v1_control,SpecTF,SocialGood,12,2028,32,0,32,32,3.125e-05
v1_control,CFA,SocialGood,12,2028,32,0,32,32,3.125e-05
v1_control,Aurora,SocialGood,12,2028,32,0,32,32,3.125e-05
v1_control,TaTS,SocialGood,6,2028,32,0,32,24,3.125e-05
v1_control,MM-TSFlib,SocialGood,6,2028,32,0,32,32,3.125e-05
v1_control,SpecTF,SocialGood,6,2028,32,0,32,32,3.125e-05
v1_control,CFA,SocialGood,6,2028,32,0,32,32,3.125e-05
v1_control,Aurora,SocialGood,6,2028,32,0,32,32,3.125e-05
v1_control,TaTS,SocialGood,8,2028,32,0,32,32,3.125e-05
v1_control,MM-TSFlib,SocialGood,8,2028,32,0,32,32,3.125e-05
v1_control,SpecTF,SocialGood,8,2028,32,0,32,32,3.125e-05
v1_control,CFA,SocialGood,8,2028,32,0,32,32,3.125e-05
v1_control,Aurora,SocialGood,8,2028,32,0,32,32,3.125e-05
v1_control,TaTS,Traffic,10,2028,32,2,30,30,3.125e-05
v1_control,MM-TSFlib,Traffic,10,2028,32,2,30,32,3.125e-05
v1_control,SpecTF,Traffic,10,2028,32,2,30,32,3.125e-05
v1_control,CFA,Traffic,10,2028,32,2,30,32,3.125e-05
v1_control,Aurora,Traffic,10,2028,32,2,30,32,3.125e-05
v1_control,TaTS,Traffic,12,2028,32,0,32,32,3.125e-05
v1_control,MM-TSFlib,Traffic,12,2028,32,0,32,32,3.125e-05
v1_control,SpecTF,Traffic,12,2028,32,0,32,32,3.125e-05
v1_control,CFA,Traffic,12,2028,32,0,32,32,3.125e-05
v1_control,Aurora,Traffic,12,2028,32,0,32,32,3.125e-05
v1_control,TaTS,Traffic,6,2028,32,7,25,32,3.125e-05
v1_control,MM-TSFlib,Traffic,6,2028,32,7,25,32,3.125e-05
v1_control,SpecTF,Traffic,6,2028,32,7,25,27,3.125e-05
v1_control,CFA,Traffic,6,2028,32,7,25,25,3.125e-05
v1_control,Aurora,Traffic,6,2028,32,7,25,32,3.125e-05
v1_control,TaTS,Traffic,8,2028,32,3,29,29,3.125e-05
v1_control,MM-TSFlib,Traffic,8,2028,32,3,29,32,3.125e-05
v1_control,SpecTF,Traffic,8,2028,32,3,29,30,3.125e-05
v1_control,CFA,Traffic,8,2028,32,3,29,32,3.125e-05
v1_control,Aurora,Traffic,8,2028,32,3,29,32,3.125e-05
