version,model,reference,mse_decrease_pct,mae_decrease_pct,both_better,any_worse,unchanged,mse_better,mae_better
CARMA,TaTS,historical,0.5344072175871319,0.4712341648165129,11,7,18,12,13
CARMA,TaTS,control,0.5344072175871319,0.4712341648165129,11,7,18,12,13
CARMA,MM-TSFlib,historical,1.3908520432836733,1.1499933268570368,19,1,16,19,19
CARMA,MM-TSFlib,control,1.3908520432836733,1.1499933268570368,19,1,16,19,19
CARMA,SpecTF,historical,0.04876498811754973,-0.11988134859489716,3,13,20,6,3
CARMA,SpecTF,control,0.04876498811754973,-0.11988134859489716,3,13,20,6,3
CARMA,CFA,historical,0.16524797901697444,0.05322002775878089,4,7,25,9,4
CARMA,CFA,control,0.16524797901697444,0.05322002775878089,4,7,25,9,4
CARMA,Aurora,historical,0.4202111562976442,0.3373126697771493,13,14,9,16,13
CARMA,Aurora,control,0.4202111562976442,0.3373126697771493,13,14,9,16,13
GANF共享初版,TaTS,historical,0.19569515965937095,0.10514023237784831,7,3,26,8,8
GANF共享初版,TaTS,control,0.19569515965937095,0.10514023237784831,7,3,26,8,8
GANF共享初版,MM-TSFlib,historical,0.29615267504179976,0.18392449529683794,11,0,25,11,11
GANF共享初版,MM-TSFlib,control,0.29615267504179976,0.18392449529683794,11,0,25,11,11
GANF共享初版,SpecTF,historical,0.171069527992219,0.0920869184401414,4,2,30,6,4
GANF共享初版,SpecTF,control,0.171069527992219,0.0920869184401414,4,2,30,6,4
GANF共享初版,CFA,historical,0.03863071609789918,0.0024864455173359864,1,3,32,1,1
GANF共享初版,CFA,control,0.03863071609789918,0.0024864455173359864,1,3,32,1,1
GANF共享初版,Aurora,historical,0.1581269685102471,0.06057758814643272,5,1,30,5,5
GANF共享初版,Aurora,control,0.1581269685102471,0.06057758814643272,5,1,30,5,5
GANF单模型校准,TaTS,historical,0.21623160393975968,0.12243387432505021,7,3,26,8,8
GANF单模型校准,TaTS,control,0.21623160393975968,0.12243387432505021,7,3,26,8,8
GANF单模型校准,MM-TSFlib,historical,0.3153208081610971,0.19956080242826227,11,0,25,11,11
GANF单模型校准,MM-TSFlib,control,0.3153208081610971,0.19956080242826227,11,0,25,11,11
GANF单模型校准,SpecTF,historical,0.17138206350941643,0.09137158355141241,4,2,30,6,4
GANF单模型校准,SpecTF,control,0.17138206350941643,0.09137158355141241,4,2,30,6,4
GANF单模型校准,CFA,historical,0.03843294347487382,0.002251944396392289,1,3,32,1,1
GANF单模型校准,CFA,control,0.03843294347487382,0.002251944396392289,1,3,32,1,1
GANF单模型校准,Aurora,historical,0.17738210307330915,0.0688440721327251,5,1,30,5,5
GANF单模型校准,Aurora,control,0.17738210307330915,0.0688440721327251,5,1,30,5,5
V1,TaTS,historical,2.6795986284100914,2.01745684814759,16,3,17,16,18
V1,TaTS,control,2.6795986284100914,2.01745684814759,16,3,17,16,18
V1,MM-TSFlib,historical,5.321007826913225,3.7646146529294215,19,1,16,20,19
V1,MM-TSFlib,control,5.321007826913225,3.7646146529294215,19,1,16,20,19
V1,SpecTF,historical,0.5911231950663117,0.3990111718582829,10,1,25,10,11
V1,SpecTF,control,0.5911231950663117,0.3990111718582829,10,1,25,10,11
V1,CFA,historical,0.42160123390990084,0.2523336249103515,6,4,26,7,8
V1,CFA,control,0.42160123390990084,0.2523336249103515,6,4,26,7,8
V1,Aurora,historical,4.531891795733616,2.1131322184184462,11,5,20,11,11
V1,Aurora,control,4.531891795733616,2.1131322184184462,11,5,20,11,11
V2,TaTS,historical,5.262366355817247,4.101160642484458,23,13,0,26,25
V2,TaTS,control,9.743953418366717,6.2586534601176895,24,12,0,27,25
V2,MM-TSFlib,historical,-0.031447072127409555,3.1213631590715925,24,12,0,24,24
V2,MM-TSFlib,control,-1.3890282447876265,1.6147053171340382,16,20,0,19,19
V2,SpecTF,historical,-12.902102327778891,-7.885849520391221,13,23,0,15,13
V2,SpecTF,control,-5.157104592655267,-1.4798865341716076,14,22,0,14,16
V2,CFA,historical,0.18703442378091845,-0.9440808670487291,14,22,0,19,17
V2,CFA,control,-1.2085300731028743,-1.5696511265263045,12,24,0,13,18
V2,Aurora,historical,17.86433310957443,16.294252552969688,24,12,0,26,29
V2,Aurora,control,-5.077783341830726,-3.5351154988510074,11,25,0,14,12
V3全量收敛,TaTS,historical,-0.016540163745091856,0.6371743906740875,20,16,0,21,22
V3全量收敛,TaTS,control,4.624971171441541,2.1289679175137746,20,16,0,24,23
V3全量收敛,MM-TSFlib,historical,-6.898271505357553,-1.4220281570578301,18,18,0,18,20
V3全量收敛,MM-TSFlib,control,-7.604656694117902,-3.082063055209546,14,22,0,16,16
V3全量收敛,SpecTF,historical,-12.254451565744114,-11.996412040466971,7,29,0,10,7
V3全量收敛,SpecTF,control,-1.0617860555380776,-1.6310017952698321,13,23,0,14,14
V3全量收敛,CFA,historical,2.532868206975055,0.4422142479140032,18,18,0,23,20
V3全量收敛,CFA,control,0.5538315253490012,-0.8899660824253639,12,24,0,12,12
V3全量收敛,Aurora,historical,21.98520863115463,18.239865213023908,29,7,0,32,31
V3全量收敛,Aurora,control,0.9614730850925879,-0.2626599001067154,17,19,0,17,17
V4,TaTS,historical,-4.282165881012468,-0.22697085505861575,15,21,0,17,20
V4,TaTS,control,-0.24357639402291498,1.003464776691353,15,21,0,15,18
V4,MM-TSFlib,historical,-2.069413993974727,1.3052662834772268,15,21,0,17,19
V4,MM-TSFlib,control,-2.6310117957289005,-0.5884696408420377,15,21,0,16,17
V4,SpecTF,historical,-4.554516162088184,-3.278481217776971,13,23,0,19,16
V4,SpecTF,control,6.380341826943229,6.418622193731694,24,12,0,25,25
V4,CFA,historical,-6.566856577424205,-2.419035934240373,13,23,0,14,16
V4,CFA,control,-8.274420562823355,-3.917931617389707,5,31,0,5,7
V4,Aurora,historical,7.877699085948234,11.773042522095627,16,20,0,17,23
V4,Aurora,control,-15.754140908797574,-7.67469297025691,3,33,0,3,4
