domain,horizon,model,baseline_mse,mse,mse_decrease_pct,baseline_mae,mae,mae_decrease_pct,enabled_seeds
Agriculture,6,TaTS,0.49579507604065326,0.39879276563082805,19.565000762910234,0.597170186592332,0.5307097878157387,11.129222501183488,3
Agriculture,6,MM-TSFlib,3.0201228416151027,2.3462828262171267,22.31167574089865,1.2793749966097216,1.1116214415705796,13.11214893863647,3
Agriculture,6,SpecTF,0.2098411645526121,0.19503883813547426,7.054062270716443,0.29948388388816344,0.29568815548369226,1.2674232600404678,3
Agriculture,6,CFA,0.16785088749539434,0.16785088749539434,0.0,0.28960072571504203,0.28960072571504203,0.0,0
Agriculture,6,Aurora,0.9220825499208489,0.6123797379431767,33.587319487203935,0.6908093629576636,0.5837270282120851,15.500996438020342,3
Agriculture,8,TaTS,0.4841925676786266,0.45103549373708196,6.847910553544889,0.572499158265798,0.5400300400628559,5.671470033475123,3
Agriculture,8,MM-TSFlib,3.1082829187258283,2.4707100831047852,20.512059303868067,1.2896458072506862,1.1351139883956183,11.982500775503969,3
Agriculture,8,SpecTF,0.285905947009229,0.285905947009229,0.0,0.37219004835123604,0.372190048351236,1.1102230246251565e-14,0
Agriculture,8,CFA,0.2135153200313922,0.2135153200313922,0.0,0.3195646000297173,0.3195646000297173,0.0,0
Agriculture,8,Aurora,1.000703602706396,0.6984608144350771,30.20302789496364,0.7222759692889192,0.6232505263085815,13.710194882688443,3
Agriculture,10,TaTS,0.6602757535858196,0.5670861724352844,14.113736669026855,0.6446413748794132,0.5842176467842526,9.373231450814568,3
Agriculture,10,MM-TSFlib,3.1341403583348333,2.4678484897208213,21.259158570933067,1.297273069355223,1.1355818620434512,12.463930002966627,3
Agriculture,10,SpecTF,0.3745156939748262,0.35625884358332033,4.874789143744951,0.44496886783176,0.44052134906804125,0.9995123446254972,3
Agriculture,10,CFA,0.29576657031370107,0.29576657031370107,0.0,0.37098269012239243,0.37098269012239243,0.0,0
Agriculture,10,Aurora,1.0489926219606276,0.7326247429868493,30.159209164166334,0.7414448785781861,0.6415935380370529,13.467129307388392,3
Agriculture,12,TaTS,0.8091895099223382,0.6913876378728827,14.558007809661477,0.7172219355901083,0.6553341360631013,8.628821353056859,3
Agriculture,12,MM-TSFlib,3.444487867309843,2.7991756667358154,18.73463415848867,1.3908870386129075,1.242949508657359,10.636200198046453,3
Agriculture,12,SpecTF,0.35785318025578033,0.35785318025578033,0.0,0.42091696788415767,0.4209169678841576,1.1102230246251565e-14,0
Agriculture,12,CFA,0.37551116732851375,0.3341299192220575,11.01997802112078,0.4144204809810176,0.39922347905659916,3.667048956761021,3
Agriculture,12,Aurora,1.0627157999916093,0.7716000380838873,27.393566738164655,0.7462488257072188,0.6556638197390119,12.138713368474608,3
Climate,6,TaTS,1.1433486550950163,1.1433486550950163,0.0,0.8512762332391258,0.8512762332391258,0.0,0
Climate,6,MM-TSFlib,1.1941477400109357,1.1941477400109357,0.0,0.8785688413343399,0.8785688413343399,0.0,0
Climate,6,SpecTF,1.0572414052259043,1.0572414052328372,-6.55764331725095e-10,0.8341966694260531,0.8341966694384378,-1.4846346374497443e-09,0
Climate,6,CFA,1.2072524518723515,1.207252451827332,3.7290948107226995e-09,0.8877422128843658,0.887742212835653,5.48726619697959e-09,0
Climate,6,Aurora,1.1349327105336318,1.1349327105976588,-5.6414872773302704e-09,0.8616187951697127,0.8616187952014096,-3.678768401016441e-09,0
Climate,8,TaTS,1.1675973042594807,1.1675973043756265,-9.947420664957463e-09,0.8678113940556574,0.8678113940455342,1.1665224342038982e-09,0
Climate,8,MM-TSFlib,1.3202855790609833,1.3202855790648724,-2.9456437289354653e-10,0.9247054916578117,0.924705491632504,2.736832982463966e-09,0
Climate,8,SpecTF,1.07353160690252,1.07353160690252,0.0,0.8403140751279945,0.8403140751279944,1.1102230246251565e-14,0
Climate,8,CFA,1.1615048166871749,1.1615048166871749,0.0,0.8794871590760759,0.8794871590760759,0.0,0
Climate,8,Aurora,1.1448523384243392,1.1448523384243392,0.0,0.8674248015116993,0.8674248015116993,0.0,0
Climate,10,TaTS,1.1619446589645592,1.1619446589774514,-1.109534686349889e-09,0.8608195766972171,0.8608195766846701,1.4575562978791368e-09,0
Climate,10,MM-TSFlib,1.2405914477230617,1.2405914477497597,-2.152034106472911e-09,0.8979152856917224,0.8979152856996128,-8.787415239908114e-10,0
Climate,10,SpecTF,1.1226732238917876,1.1226732238917876,0.0,0.8515015271989331,0.8515015271989331,0.0,0
Climate,10,CFA,1.0921057930035716,1.0921057930063105,-2.5079938126282286e-10,0.8498655628878623,0.8498655628920014,-4.870326364425637e-10,0
Climate,10,Aurora,1.160987237939077,1.1609872381995572,-2.243607521990043e-08,0.8762681714300561,0.8762681715233095,-1.0642109415925916e-08,0
Climate,12,TaTS,1.1409304660185637,1.1409304659432564,6.600520130461973e-09,0.8553936386050544,0.8553936385356399,8.114919847201918e-09,0
Climate,12,MM-TSFlib,1.216266717246754,1.2162667169387846,2.5320878727086438e-08,0.8851447826729616,0.8851447825359621,1.54776413907598e-08,0
Climate,12,SpecTF,1.1263081593985549,1.1263081593985549,0.0,0.8685202138501953,0.8685202138501952,1.1102230246251565e-14,0
Climate,12,CFA,1.116828027737457,1.1168280277392026,-1.5631940186722204e-10,0.8532134292084569,0.8532134292290721,-2.416178368491728e-09,0
Climate,12,Aurora,1.1706371855200317,1.1706371855200317,0.0,0.8838027416239914,0.8838027416239914,0.0,0
Economy,6,TaTS,0.16271074981363087,0.15969326996280628,1.8545055285411838,0.32147399156908446,0.3190586781535303,0.7513246728810818,3
Economy,6,MM-TSFlib,0.8565175914521214,0.8565175914521214,0.0,0.7756360827116021,0.7756360827116021,0.0,0
Economy,6,SpecTF,0.15398558090161274,0.15398558090161274,0.0,0.3086953954103124,0.3086953954103124,0.0,0
Economy,6,CFA,0.17158745546126114,0.17138097061577887,0.12033796114476747,0.3179805547879215,0.3177821508775113,0.062394982153068934,1
Economy,6,Aurora,0.276509449314873,0.276509449314873,0.0,0.39027200293440356,0.39027200293440356,0.0,0
Economy,8,TaTS,0.17193530537689122,0.17437181315140884,-1.417107306249088,0.3322616248065001,0.3317389051183994,0.15732171550210117,3
Economy,8,MM-TSFlib,0.9900096828286012,0.8182179346546891,17.3525321169666,0.8452098264129131,0.7572756396421106,10.403829205819438,3
Economy,8,SpecTF,0.20794032049325598,0.19871709179462593,4.435517208375739,0.3618400586502893,0.3531802278576475,2.393275864740918,3
Economy,8,CFA,0.19030338745728353,0.18486033380818037,2.8601979827211133,0.3428347496823831,0.3344385871639499,2.4490406897818118,3
Economy,8,Aurora,0.30134888800131915,0.30134888800131915,0.0,0.40555489189051963,0.40555489189051963,0.0,0
Economy,10,TaTS,0.18058548881660597,0.17938204131914834,0.6664142868532452,0.3368168587684631,0.33586652625931634,0.2821511110285835,1
Economy,10,MM-TSFlib,0.9352328334071817,0.8757472603098329,6.360509487315014,0.8021725076436996,0.7759798287153243,3.2652177279565042,3
Economy,10,SpecTF,0.19822602470059905,0.19822602470059905,0.0,0.3472177498340607,0.3472177498340607,0.0,0
Economy,10,CFA,0.23586643317586922,0.23586643317586922,0.0,0.38637976241111754,0.38637976241111754,0.0,0
Economy,10,Aurora,0.31950637541484384,0.31950637541484384,0.0,0.41544849816958107,0.415448498169581,1.1102230246251565e-14,0
Economy,12,TaTS,0.20261828458814246,0.20261828458814246,0.0,0.3596185334196918,0.3596185334196918,0.0,0
Economy,12,MM-TSFlib,0.9899457956350605,0.9607698598134546,2.947225590557634,0.8279729322551592,0.8153691193261828,1.522249392217112,3
Economy,12,SpecTF,0.22845241864998087,0.22845241864998087,0.0,0.37327661572798204,0.37327661572798204,0.0,0
Economy,12,CFA,0.23668466176642305,0.23668466176642303,1.1102230246251565e-14,0.3859899857817175,0.3859899857817175,0.0,0
Economy,12,Aurora,0.3338778963764754,0.3338778963764754,0.0,0.42529069703735717,0.42529069703735717,0.0,0
Energy,12,TaTS,0.1838611601559035,0.16561305549078897,9.92493719154236,0.3366886945189952,0.30934245455776904,8.122114109086409,3
Energy,12,MM-TSFlib,0.1333271211084098,0.13018652740496547,2.3555550268655967,0.2584491496857998,0.2555645449660993,1.1161208010192047,1
Energy,12,SpecTF,0.09577729990129709,0.09623937005355043,-0.48244224125082447,0.21743078956868556,0.21902737614872878,-0.7342964550744346,1
Energy,12,CFA,0.10983223824033,0.10983223824033,0.0,0.23965344102473868,0.2396534410247387,-2.220446049250313e-14,0
Energy,12,Aurora,0.2606396293829479,0.2358359186150466,9.516477147632118,0.39671037994479935,0.37178405583166324,6.283254831044383,2
Energy,24,TaTS,0.2679513517190791,0.2679513517190791,0.0,0.3922856409649374,0.3922856409649374,0.0,0
Energy,24,MM-TSFlib,0.19196059548900862,0.19163905523322186,0.167503260222579,0.32605822162112613,0.3254207578523884,0.19550611714936883,1
Energy,24,SpecTF,0.2114401345279641,0.2114401345279641,0.0,0.3374395836808171,0.3374395836808171,0.0,0
Energy,24,CFA,0.22252381884649639,0.22252381884649639,0.0,0.3491063232834801,0.3491063232834801,0.0,0
Energy,24,Aurora,0.3169472024030514,0.3169472024030514,0.0,0.4405978372586386,0.4405978372586386,0.0,0
Energy,36,TaTS,0.3669344975156553,0.36693449751565527,1.1102230246251565e-14,0.4573445645811705,0.4573445645811705,0.0,0
Energy,36,MM-TSFlib,0.33496724056529875,0.3349672405660706,-2.30415686530705e-10,0.44573690237898556,0.44573690237907887,-2.0938806244430452e-11,0
Energy,36,SpecTF,0.30615976416374785,0.30615976416374785,0.0,0.40837087819876555,0.40837087819876555,0.0,0
Energy,36,CFA,0.3763866597826456,0.3763866597826457,-2.220446049250313e-14,0.45662996356005375,0.45662996356005375,0.0,0
Energy,36,Aurora,0.3960474992539366,0.3960474992539366,0.0,0.4908856648867456,0.4908856648867456,0.0,0
Energy,48,TaTS,0.40905897884304054,0.40905897884304054,0.0,0.4906507633676219,0.49065076336762187,1.1102230246251565e-14,0
Energy,48,MM-TSFlib,0.47098583846107467,0.4709858384610747,-2.220446049250313e-14,0.5479251636393152,0.5479251636393152,0.0,0
Energy,48,SpecTF,0.3815823420985617,0.3815823420985616,1.1102230246251565e-14,0.47182108019779095,0.47182108019779095,0.0,0
Energy,48,CFA,0.3953827732857235,0.3953827732857235,0.0,0.4816293025588268,0.4816293025588268,0.0,0
Energy,48,Aurora,0.4675554391113816,0.46755543909884273,2.6817881249030506e-09,0.536317047074805,0.5363170470703638,8.280931496074118e-10,0
Environment,48,TaTS,0.3035071647381012,0.283623268985057,6.551376067251047,0.4307871740492354,0.4052449495148784,5.929198006122105,3
Environment,48,MM-TSFlib,0.29596647508290747,0.2808008880065244,5.1240895010608245,0.4276555868102547,0.40242002861410775,5.900906938775385,3
Environment,48,SpecTF,0.30443698331933344,0.29870367880875903,1.8832483649204201,0.40447161256809344,0.3912893882668318,3.2591222453324575,3
Environment,48,CFA,0.31664634101683053,0.31675574694978575,-0.03455145971493767,0.39642162561096983,0.3933156949113001,0.7834917418752974,3
Environment,48,Aurora,0.39488863757207215,0.3937494760086843,0.28847666278569717,0.4438528716551231,0.4382074831869606,1.2719053606910058,3
Environment,96,TaTS,0.29697008480248327,0.2806170543719286,5.506625504528917,0.42227596902034753,0.4008713325166989,5.068873929365669,3
Environment,96,MM-TSFlib,0.3455599921922928,0.31269658357292807,9.51018907335699,0.46330808294714176,0.4309434446531684,6.985554425923057,3
Environment,96,SpecTF,0.3294876408245237,0.32958199471503863,-0.02863654924318837,0.41301379467768784,0.412556736979806,0.11066402715157464,1
Environment,96,CFA,0.35261779682305505,0.35660974252944483,-1.132088550934074,0.4128519849329427,0.41227047544623935,0.1408518083781951,3
Environment,96,Aurora,0.43624974417127504,0.4322944462143441,0.9066590891519399,0.4676209816556689,0.46270266393406034,1.0517743887784148,3
Environment,192,TaTS,0.2819047584851864,0.2667371722775416,5.380393821355744,0.4112357700426708,0.3924587173963839,4.566006659473853,3
Environment,192,MM-TSFlib,0.424233536785341,0.36644029475768014,13.6229781515137,0.5187985242389241,0.47572935245935977,8.301714397269489,3
Environment,192,SpecTF,0.3021611736934637,0.2891511643617107,4.305652236098146,0.4118383073853191,0.3936132813156726,4.425286755220437,3
Environment,192,CFA,0.35717743889884385,0.35336967838925476,1.066069716309126,0.41298422695429216,0.41334870642372995,-0.08825505809890721,3
Environment,192,Aurora,0.4248413094029132,0.4240099846343492,0.19567889236863367,0.46477970030512444,0.4639839533409633,0.1712094920752194,2
Environment,336,TaTS,0.3033101027995199,0.28313161818097915,6.652757172377544,0.4324199708525749,0.4112644508898946,4.8923549763368435,3
Environment,336,MM-TSFlib,0.4371093961378358,0.38029177471394976,12.998490063565104,0.5207986573842119,0.4780659443915983,8.205227180739104,3
Environment,336,SpecTF,0.3039387794760956,0.30100612584665193,0.9648830052218837,0.4100298751343203,0.4011375162502194,2.1687099948968225,3
Environment,336,CFA,0.34801837631476107,0.3478094772492087,0.060025297446775205,0.4114714629534046,0.41253768672395313,-0.2591245970973377,2
Environment,336,Aurora,0.4190524482224486,0.4197502191908395,-0.16651160764022954,0.46566729071656165,0.4660784117123014,-0.08828642336187187,1
Health,12,TaTS,1.1624856639502126,1.1624856639502126,0.0,0.6905360692734764,0.6905360692734764,0.0,0
Health,12,MM-TSFlib,1.1136970518834708,1.1136970518834708,0.0,0.7451287619688394,0.7451287619688394,0.0,0
Health,12,SpecTF,1.4038450804546994,1.4038450804546994,0.0,0.7974180852255333,0.7974180852255333,0.0,0
Health,12,CFA,1.2511063849645137,1.2511063849645137,0.0,0.7273466204651196,0.7273466204651196,0.0,0
Health,12,Aurora,2.9515839192135953,2.417123139523158,18.107592205368704,1.2123253232125963,1.08611870865049,10.410292695005797,3
Health,24,TaTS,1.9588399705676387,1.9588399705676387,0.0,0.8594140174078031,0.859414017407803,1.1102230246251565e-14,0
Health,24,MM-TSFlib,1.2781150498056244,1.2781150498056244,0.0,0.7995671803353506,0.7995671803353505,1.1102230246251565e-14,0
Health,24,SpecTF,1.8081685181614635,1.8081685181614635,0.0,0.91779143712086,0.9177914371208601,-2.220446049250313e-14,0
Health,24,CFA,2.2477706654605583,2.2477706654605583,0.0,0.9273627421712928,0.9273627421712928,0.0,0
Health,24,Aurora,3.68080986261969,3.2134414974460923,12.69743297310566,1.3722074656193801,1.2786682020801556,6.816699798160853,3
Health,36,TaTS,2.6637995198269984,2.7079933443752933,-1.6590522004135355,0.9724688034767643,0.9680561475420683,0.4537580968068111,3
Health,36,MM-TSFlib,1.3416884662270774,1.3416884662270772,1.1102230246251565e-14,0.7957999698718254,0.7957999698718256,-2.220446049250313e-14,0
Health,36,SpecTF,1.9760118218181606,1.9760118218181606,0.0,0.9709013853879775,0.9709013853879775,0.0,0
Health,36,CFA,3.2615469383600995,3.2615469383600995,0.0,1.0605147466558817,1.0605147466558817,0.0,0
Health,36,Aurora,3.2140425584838486,3.2140425584838486,0.0,1.2744120766422784,1.2744120766422784,0.0,0
Health,48,TaTS,2.4391529485784003,2.4335363870040436,0.2302668874303304,0.9848521591679822,0.9773306906047621,0.7637154971132265,2
Health,48,MM-TSFlib,1.5206820696563101,1.5039559594161893,1.0999084275322035,0.8628716780061357,0.8571131806823074,0.6673642756631848,1
Health,48,SpecTF,1.8182009804632495,1.8182009804611994,1.127542503809309e-10,0.9114058267188971,0.9114058267171222,1.947442207494987e-10,0
Health,48,CFA,2.486236831301244,2.486236831301244,0.0,1.0196322224856413,1.0196322224856413,0.0,0
Health,48,Aurora,3.04441356828496,3.0444135682849605,-2.220446049250313e-14,1.2394286782701736,1.2394286782701736,0.0,0
Security,6,TaTS,72.6991374139132,72.6991374139132,0.0,4.382157450728693,4.382157450728693,0.0,0
Security,6,MM-TSFlib,93.2256797838897,78.76997251695026,15.506143050337428,6.123006931733179,4.743153367008547,22.535554509556157,3
Security,6,SpecTF,67.14183396997961,67.14183396997961,0.0,3.8526697901370763,3.8526697901370763,0.0,0
Security,6,CFA,73.16995799985796,73.16995799985796,0.0,4.528802161625253,4.528802161625253,0.0,0
Security,6,Aurora,77.16228360015839,79.83116433189004,-3.4587892001244125,4.235003895715546,4.59404039731989,-8.477831672541614,3
Security,8,TaTS,72.97911949508219,72.97911949508219,0.0,4.433972100317567,4.433972100317567,0.0,0
Security,8,MM-TSFlib,96.53889005739344,93.35109700108274,3.3020817355736476,6.252864701323023,5.8274316059650095,6.80381098391587,3
Security,8,SpecTF,70.6990198622295,70.6990198622295,0.0,4.002957388563887,4.002957388563887,0.0,0
Security,8,CFA,91.43265867362122,91.43265867362122,0.0,5.660050303552103,5.660050303552102,1.1102230246251565e-14,0
Security,8,Aurora,81.18467338330083,81.3624637965272,-0.2189950464996704,4.406378367935899,4.419943723680589,-0.307857260815414,1
Security,10,TaTS,83.39170242577858,83.3917024227843,3.5906055906309575e-09,4.783439267786219,4.783439267689362,2.0248580590020993e-09,0
Security,10,MM-TSFlib,97.48980175008192,97.29639122657784,0.1983905188359114,6.213066877869424,6.194338848962371,0.3014297009060196,1
Security,10,SpecTF,73.9949897801101,73.9949897801101,0.0,4.140486573921517,4.140486573921517,0.0,0
Security,10,CFA,81.72534727849892,81.72534727800492,6.044609257571665e-10,4.891687168585136,4.891687168511251,1.5104140160815405e-09,0
Security,10,Aurora,84.90057875764339,84.9302949110946,-0.03500111999947819,4.551266480373219,4.554338923282301,-0.06750742726957526,1
Security,12,TaTS,80.98327342565297,80.98327342565297,0.0,4.631983135304633,4.631983135304633,0.0,0
Security,12,MM-TSFlib,96.64963786673496,96.49813117656886,0.15675867340031457,5.996091651229411,5.981648408568145,0.2408776166438975,1
Security,12,SpecTF,78.07562570941445,78.07562570941445,0.0,4.343691432009412,4.343691432009412,0.0,0
Security,12,CFA,101.22611710260571,101.2261170885544,1.3881107374658086e-08,5.842459637763871,5.8424596370265744,1.2619627565157998e-08,0
Security,12,Aurora,89.22429087175277,89.2499523393779,-0.028760629391855197,4.707309610690572,4.710177293570639,-0.060919784701507496,1
SocialGood,6,TaTS,1.064878293277627,1.052210764085452,1.1895753037828527,0.6525321386822702,0.6469728833813024,0.8519511869858554,1
SocialGood,6,MM-TSFlib,0.7169099234673274,0.7169099234673274,0.0,0.4204102437799664,0.4204102437799664,0.0,0
SocialGood,6,SpecTF,0.9929525026766165,0.9929525026766165,0.0,0.41201256257147656,0.41201256257147656,0.0,0
SocialGood,6,CFA,0.9942550612647435,0.9942550612647435,0.0,0.4034629328022056,0.40346293280220563,-2.220446049250313e-14,0
SocialGood,6,Aurora,1.6768303961171411,1.5137062200687357,9.728126137630543,0.8500577690591676,0.7635158045288725,10.180715673721641,2
SocialGood,8,TaTS,1.1622191062566747,1.1248593306204697,3.214520862295489,0.6840515832269662,0.6635498556875888,2.9971025639122018,1
SocialGood,8,MM-TSFlib,0.845313280627705,0.845313280627705,0.0,0.47276163831566276,0.47276163831566276,0.0,0
SocialGood,8,SpecTF,1.0952617932062743,1.0952617932247752,-1.6891821275066832e-09,0.446760548192314,0.44676054820329175,-2.4571900070213815e-09,0
SocialGood,8,CFA,0.8982351742735893,0.8982351742873981,-1.5373258221984543e-09,0.40577075217594527,0.40577075218632735,-2.5585977780906433e-09,0
SocialGood,8,Aurora,1.787518923563987,1.6569579642730847,7.304032285744277,0.8869289833702908,0.8236716486423467,7.13217584654513,2
SocialGood,10,TaTS,1.2931527146674995,1.1589708763370536,10.376333499400126,0.7389791462934141,0.6753496507168023,8.610458887204853,3
SocialGood,10,MM-TSFlib,0.8738624749434614,0.8738624749434614,0.0,0.4942628199982694,0.49426281999826943,-2.220446049250313e-14,0
SocialGood,10,SpecTF,1.3973327760600354,1.3973327760600354,0.0,0.5299950604018419,0.5299950604018419,0.0,0
SocialGood,10,CFA,0.9862629560847868,0.9862629560847868,0.0,0.448480175912777,0.448480175912777,0.0,0
SocialGood,10,Aurora,1.8458122988986667,1.845812298898667,-2.220446049250313e-14,0.9116577562991083,0.9116577562991083,0.0,0
SocialGood,12,TaTS,1.322838435281429,1.322838435281429,0.0,0.7108686566817576,0.7108686566817576,0.0,0
SocialGood,12,MM-TSFlib,0.9595029697920977,0.9599376492941004,-0.045302569735339304,0.5390425408569243,0.5399344245786546,-0.16545701946129032,1
SocialGood,12,SpecTF,1.302310829209715,1.302310829209715,0.0,0.5596722319171236,0.5596722319171236,0.0,0
SocialGood,12,CFA,1.1426291047109751,1.1426291047609711,-4.375522166810697e-09,0.4946390308919335,0.4946390309060304,-2.849942504212777e-09,0
SocialGood,12,Aurora,1.8754868897925865,1.8754868897925865,0.0,0.9264776484421877,0.9264776484421877,0.0,0
Traffic,6,TaTS,0.24723389000952123,0.24723389000952123,0.0,0.2870771830821588,0.2870771830821588,0.0,0
Traffic,6,MM-TSFlib,0.15184177843025573,0.15184177843025573,0.0,0.2889693409401198,0.2889693409401198,0.0,0
Traffic,6,SpecTF,0.16757848338838088,0.16757848338838088,0.0,0.23199237465071598,0.23199237465071598,0.0,0
Traffic,6,CFA,0.15811983108467015,0.15614976557771107,1.2459319577088013,0.2111115239240942,0.20742777669833046,1.7449294843270846,3
Traffic,6,Aurora,0.15602859012632012,0.15602859012632012,0.0,0.23506494097583758,0.23506494097583755,1.1102230246251565e-14,0
Traffic,8,TaTS,0.23876363465916217,0.23695657762300826,0.7568393062593048,0.2842959060963958,0.2837945288580275,0.17635753017081202,2
Traffic,8,MM-TSFlib,0.15819917205889875,0.15819917205889875,0.0,0.29109538162145954,0.29109538162145954,0.0,0
Traffic,8,SpecTF,0.18590940564234654,0.18578683097490775,0.06593247233257493,0.23040441761876343,0.23018210523437257,0.09648790014030739,2
Traffic,8,CFA,0.15928932672901436,0.15928932672901436,0.0,0.20568800303671095,0.20568800303671095,0.0,0
Traffic,8,Aurora,0.16190882453397848,0.16190882453397848,0.0,0.2416489091936988,0.24164890919369877,1.1102230246251565e-14,0
Traffic,10,TaTS,0.24555718831519832,0.24467953621385297,0.357412506376642,0.29089475784105123,0.2905714205655035,0.11115266495259624,2
Traffic,10,MM-TSFlib,0.1666901516930486,0.1666901516930486,0.0,0.3120483236214549,0.3120483236214549,0.0,0
Traffic,10,SpecTF,0.19986794571428487,0.19986794571428487,0.0,0.23956109915389534,0.23956109915389534,0.0,0
Traffic,10,CFA,0.1732082597712524,0.1732082597712524,0.0,0.21992391489215732,0.21992391489215732,0.0,0
Traffic,10,Aurora,0.16721218643952346,0.16721218643952343,1.1102230246251565e-14,0.248815129804857,0.248815129804857,0.0,0
Traffic,12,TaTS,0.22234044158079816,0.22234044158079816,0.0,0.2859304013482311,0.2859304013482311,0.0,0
Traffic,12,MM-TSFlib,0.17549252996919057,0.1754925299691906,-2.220446049250313e-14,0.33094635932591926,0.33094635932591926,0.0,0
Traffic,12,SpecTF,0.18894771280705278,0.18894771280705278,0.0,0.2395439922286753,0.2395439922286753,0.0,0
Traffic,12,CFA,0.17699060160295385,0.17699060160295385,0.0,0.2268597012549116,0.2268597012549116,0.0,0
Traffic,12,Aurora,0.17349987474511538,0.17349987474511538,0.0,0.257084223079054,0.257084223079054,0.0,0
