model,domain,horizon,alpha,baseline_mse,baseline_mae,plugin_mse,plugin_mae,mse_delta_pct,mae_delta_pct,test_windows
TaTS,Agriculture,6,1.0,0.49579507535694484,0.597170186592332,0.4895441472344312,0.5934024330572034,-1.2607886671753166,-0.6309346346690115,94
MM-TSFlib,Agriculture,6,1.0,3.020122845355682,1.2793749970324495,2.9869416339468007,1.2718481719493866,-1.0986709186319055,-0.5883204768360795,94
SpecTF,Agriculture,6,1.0,0.20984116460228341,0.29948388388816344,0.20610427004359522,0.29788428481588974,-1.7808205390828946,-0.5341185814429439,94
CFA,Agriculture,6,0.0,0.16785088766143674,0.28960072571504203,0.16785088766143674,0.28960072571504203,0.0,0.0,94
Aurora,Agriculture,6,1.0,0.9220825470752547,0.6908093629576636,0.9043784790527122,0.6852058863386195,-1.9200090142360793,-0.8111465940550011,94
TaTS,Agriculture,8,0.0,0.48419256850733144,0.572499158265798,0.48419256850733144,0.572499158265798,0.0,0.0,92
MM-TSFlib,Agriculture,8,0.0,3.108282920511877,1.2896458074126556,3.108282920511877,1.2896458074126556,0.0,0.0,92
SpecTF,Agriculture,8,0.0,0.28590594786042123,0.37219004835123604,0.28590594786042123,0.37219004835123604,0.0,0.0,92
CFA,Agriculture,8,0.0,0.21351532078321564,0.3195646000297173,0.21351532078321564,0.3195646000297173,0.0,0.0,92
Aurora,Agriculture,8,0.0,1.0007036012213404,0.7222759692889192,1.0007036012213404,0.7222759692889192,0.0,0.0,92
TaTS,Agriculture,10,1.0,0.660275754443527,0.6446413750118679,0.6526901484061455,0.6408557813697391,-1.1488542455681428,-0.5872402530878729,90
MM-TSFlib,Agriculture,10,1.0,3.1341403346513683,1.297273066441218,3.0940259259182707,1.2885265335771772,-1.2799174398666402,-0.6742245014023873,90
SpecTF,Agriculture,10,0.0,0.3745156943520879,0.44496886783176,0.3745156943520879,0.44496886783176,0.0,0.0,90
CFA,Agriculture,10,0.0,0.29576657039770654,0.37098269012239243,0.29576657039770654,0.37098269012239243,0.0,0.0,90
Aurora,Agriculture,10,1.0,1.0489926215870153,0.7414448785781861,1.0283354825278057,0.7352302867836422,-1.9692358777469332,-0.8381731365467271,90
TaTS,Agriculture,12,1.0,0.8091895123824263,0.717221935928771,0.8006997975203692,0.713640864261172,-1.049162740266063,-0.49929756581715834,88
MM-TSFlib,Agriculture,12,1.0,3.4444878730047837,1.3908870390644579,3.408319799724144,1.3834091309796681,-1.0500275981256024,-0.5376359024683697,88
SpecTF,Agriculture,12,0.0,0.35785318093730684,0.42091696788415767,0.35785318093730684,0.42091696788415767,0.0,0.0,88
CFA,Agriculture,12,1.0,0.37551116631150505,0.4144204809810176,0.3695415103924373,0.4116665048129631,-1.589741252625121,-0.6645366950820741,88
Aurora,Agriculture,12,1.0,1.0627158001504788,0.7462488257072188,1.0450110492418512,0.7409511149832697,-1.6659911244493286,-0.7099121018955712,88
TaTS,Climate,6,0.0,1.1433486500492296,0.8512762325241211,1.1433486500492296,0.8512762325241211,0.0,0.0,94
MM-TSFlib,Climate,6,0.0,1.1941477411059078,0.8785688414945142,1.1941477411059078,0.8785688414945142,0.0,0.0,94
SpecTF,Climate,6,0.0,1.0572414049925403,0.8341966693732121,1.0572414049925403,0.8341966693732121,0.0,0.0,94
CFA,Climate,6,0.0,1.2072524510127576,0.8877422131882016,1.2072524510127576,0.8877422131882016,0.0,0.0,94
Aurora,Climate,6,0.0,1.1349327217499228,0.8616187974929492,1.1349327217499228,0.8616187974929492,0.0,0.0,94
TaTS,Climate,8,0.0,1.1675973013245315,0.867811391901974,1.1675973013245315,0.867811391901974,0.0,0.0,92
MM-TSFlib,Climate,8,0.0,1.3202855798503386,0.92470549085714,1.3202855798503386,0.92470549085714,0.0,0.0,92
SpecTF,Climate,8,0.0,1.0735316048267858,0.8403140750015154,1.0735316048267858,0.8403140750015154,0.0,0.0,92
CFA,Climate,8,0.0,1.1615048121002263,0.8794871568882271,1.1615048121002263,0.8794871568882271,0.0,0.0,92
Aurora,Climate,8,0.0,1.1448523517070182,0.8674248044541024,1.1448523517070182,0.8674248044541024,0.0,0.0,92
TaTS,Climate,10,0.0,1.1619446530906397,0.8608195755340987,1.1619446530906397,0.8608195755340987,0.0,0.0,90
MM-TSFlib,Climate,10,0.0,1.240591446480515,0.89791528550701,1.240591446480515,0.89791528550701,0.0,0.0,90
SpecTF,Climate,10,0.0,1.122673221953801,0.8515015275155504,1.122673221953801,0.8515015275155504,0.0,0.0,90
CFA,Climate,10,0.0,1.092105793381428,0.84986556350357,1.092105793381428,0.84986556350357,0.0,0.0,90
Aurora,Climate,10,0.0,1.160987251945506,0.8762681745613615,1.160987251945506,0.8762681745613615,0.0,0.0,90
TaTS,Climate,12,0.0,1.140930466561277,0.8553936390552818,1.140930466561277,0.8553936390552818,0.0,0.0,88
MM-TSFlib,Climate,12,0.0,1.216266716641858,0.8851447832580148,1.216266716641858,0.8851447832580148,0.0,0.0,88
SpecTF,Climate,12,0.0,1.1263081595494997,0.8685202142964541,1.1263081595494997,0.8685202142964541,0.0,0.0,88
CFA,Climate,12,0.0,1.1168280253274563,0.8532134279693392,1.1168280253274563,0.8532134279693392,0.0,0.0,88
Aurora,Climate,12,0.0,1.170637196344912,0.8838027440554773,1.170637196344912,0.8838027440554773,0.0,0.0,88
TaTS,Economy,6,0.0,0.1627107498702051,0.32147399156908446,0.1627107498702051,0.32147399156908446,0.0,0.0,79
MM-TSFlib,Economy,6,0.0,0.856517587448229,0.7756360819571129,0.856517587448229,0.7756360819571129,0.0,0.0,79
SpecTF,Economy,6,0.0,0.15398558069776652,0.3086953954103124,0.15398558069776652,0.3086953954103124,0.0,0.0,79
CFA,Economy,6,0.0,0.17158745611883153,0.3179805547879215,0.17158745611883153,0.3179805547879215,0.0,0.0,79
Aurora,Economy,6,0.0,0.2765094516955123,0.39027200318589994,0.2765094516955123,0.39027200318589994,0.0,0.0,79
TaTS,Economy,8,0.0,0.1719353052738598,0.3322616248548805,0.1719353052738598,0.3322616248548805,0.0,0.0,77
MM-TSFlib,Economy,8,0.0,0.9900096772677194,0.845209825542066,0.9900096772677194,0.845209825542066,0.0,0.0,77
SpecTF,Economy,8,0.0,0.20794032095102088,0.3618400586502893,0.20794032095102088,0.3618400586502893,0.0,0.0,77
CFA,Economy,8,0.0,0.19030338749631454,0.3428347496823831,0.19030338749631454,0.3428347496823831,0.0,0.0,77
Aurora,Economy,8,0.0,0.30134888892780554,0.40555489179375886,0.30134888892780554,0.40555489179375886,0.0,0.0,77
TaTS,Economy,10,0.0,0.18058548867887825,0.3368168587684631,0.18058548867887825,0.3368168587684631,0.0,0.0,75
MM-TSFlib,Economy,10,0.0,0.9352328318386305,0.8021725075244903,0.9352328318386305,0.8021725075244903,0.0,0.0,75
SpecTF,Economy,10,0.0,0.19822602396889807,0.3472177498340607,0.19822602396889807,0.3472177498340607,0.0,0.0,75
CFA,Economy,10,0.0,0.23586643281035624,0.3863797625700633,0.23586643281035624,0.3863797625700633,0.0,0.0,75
Aurora,Economy,10,0.0,0.3195063771898608,0.41544849824905394,0.3195063771898608,0.41544849824905394,0.0,0.0,75
TaTS,Economy,12,0.0,0.20261828417278496,0.35961853335164995,0.20261828417278496,0.35961853335164995,0.0,0.0,73
MM-TSFlib,Economy,12,0.0,0.98994579527304,0.8279729316087618,0.98994579527304,0.8279729316087618,0.0,0.0,73
SpecTF,Economy,12,0.0,0.22845241895228424,0.37327661579602384,0.22845241895228424,0.37327661579602384,0.0,0.0,73
CFA,Economy,12,0.0,0.2366846614918831,0.3859899857136757,0.2366846614918831,0.3859899857136757,0.0,0.0,73
Aurora,Economy,12,0.0,0.3338778977769873,0.4252906971734408,0.3338778977769873,0.4252906971734408,0.0,0.0,73
TaTS,Energy,12,0.0,0.18386115946695256,0.3366886941402355,0.18386115946695256,0.3366886941402355,0.0,0.0,284
MM-TSFlib,Energy,12,0.0,0.13332712105521854,0.25844914960771137,0.13332712105521854,0.25844914960771137,0.0,0.0,284
SpecTF,Energy,12,0.0,0.09577729984053955,0.217430789418794,0.09577729984053955,0.217430789418794,0.0,0.0,284
CFA,Energy,12,0.0,0.10983223809643661,0.2396534409965913,0.10983223809643661,0.2396534409965913,0.0,0.0,284
Aurora,Energy,12,0.0,0.2606396295814447,0.39671037984359353,0.2606396295814447,0.39671037984359353,0.0,0.0,284
TaTS,Energy,24,0.0,0.2679513516919662,0.39228564087948053,0.2679513516919662,0.39228564087948053,0.0,0.0,272
MM-TSFlib,Energy,24,0.0,0.1919605948267692,0.326058221294564,0.1919605948267692,0.326058221294564,0.0,0.0,272
SpecTF,Energy,24,0.0,0.2114401345865756,0.3374395835384277,0.2114401345865756,0.3374395835384277,0.0,0.0,272
CFA,Energy,24,0.0,0.22252381886588932,0.34910632323861174,0.22252381886588932,0.34910632323861174,0.0,0.0,272
Aurora,Energy,24,0.0,0.3169472028399095,0.4405978372062022,0.3169472028399095,0.4405978372062022,0.0,0.0,272
TaTS,Energy,36,1.0,0.3669344974042282,0.457344564584454,0.3666938502267504,0.4573440400925221,-0.06558314336214677,-0.0001146820083786082,260
MM-TSFlib,Energy,36,1.0,0.3349672402421823,0.4457369022195737,0.33409513534768454,0.44497431237001817,-0.26035527947962933,-0.17108519527060384,260
SpecTF,Energy,36,1.0,0.306159764058636,0.4083708780128648,0.30603365625389156,0.4084463258276387,-0.041190195299556365,0.018475317128641144,260
CFA,Energy,36,1.0,0.37638666010281685,0.45662996367219055,0.3767461477703485,0.4568488267380207,0.09551020416966871,0.047930071007606934,260
Aurora,Energy,36,1.0,0.3960474991106734,0.49088566456739813,0.39565925831033594,0.49067969583039583,-0.09802884785518051,-0.04195859685244274,260
TaTS,Energy,48,1.0,0.4090589781089583,0.49065076306578703,0.40898423953230667,0.4907378599734417,-0.018270855952640108,0.01775130382157819,248
MM-TSFlib,Energy,48,1.0,0.4709858388990688,0.5479251636342886,0.46893064650134525,0.5464419801467566,-0.4363597008622544,-0.27069088736393354,248
SpecTF,Energy,48,1.0,0.381582341708379,0.4718210799986483,0.3814721898211386,0.4721261814468376,-0.02886713435092947,0.06466464961467633,248
CFA,Energy,48,1.0,0.3953827733198286,0.48162930243756086,0.3957585109172797,0.48223842039074677,0.09503135260453544,0.1264702853632782,248
Aurora,Energy,48,1.0,0.4675554385570295,0.5363170466955458,0.46671128565565206,0.5360524755489032,-0.1805460554544447,-0.04933110895368742,248
TaTS,Environment,48,1.0,0.3035071647855435,0.4307871740670092,0.30244386384385863,0.4296365668239422,-0.3503380035315473,-0.26709412729359894,3002
MM-TSFlib,Environment,48,1.0,0.2959664751371086,0.42765558682606614,0.295041477010548,0.4264993766878077,-0.3125347646661947,-0.2703601154469881,3002
SpecTF,Environment,48,0.0,0.3044369833964787,0.40447161262387255,0.3044369833964787,0.40447161262387255,0.0,0.0,3002
CFA,Environment,48,0.0,0.31664634096833216,0.3964216255846258,0.31664634096833216,0.3964216255846258,0.0,0.0,3002
Aurora,Environment,48,0.0,0.3948886373822743,0.44385287160782744,0.3948886373822743,0.44385287160782744,0.0,0.0,3002
TaTS,Environment,96,0.0,0.29697008487956755,0.42227596901620956,0.29697008487956755,0.42227596901620956,0.0,0.0,2954
MM-TSFlib,Environment,96,0.0,0.3455599920406702,0.46330808283132247,0.3455599920406702,0.46330808283132247,0.0,0.0,2954
SpecTF,Environment,96,1.0,0.3294876407837262,0.4130137946963252,0.32515725656860733,0.40940696266208393,-1.3142781941133053,-0.8732957786296902,2954
CFA,Environment,96,0.0,0.35261779682374667,0.4128519849729309,0.35261779682374667,0.4128519849729309,0.0,0.0,2954
Aurora,Environment,96,0.0,0.43624974411529105,0.4676209816124746,0.43624974411529105,0.4676209816124746,0.0,0.0,2954
TaTS,Environment,192,1.0,0.28190475844658797,0.41123577002239586,0.27922826067912365,0.40883381559277204,-0.9494333413217038,-0.5840820776590094,2858
MM-TSFlib,Environment,192,1.0,0.4242335365095049,0.5187985240273155,0.4175357311932075,0.5146383008609823,-1.5788014713323584,-0.8018957212981959,2858
SpecTF,Environment,192,1.0,0.30216117363206996,0.41183830735171933,0.2990854450765782,0.4089777437618921,-1.0179099182467954,-0.6945841459532365,2858
CFA,Environment,192,0.0,0.35717743875191077,0.4129842268859791,0.35717743875191077,0.4129842268859791,0.0,0.0,2858
Aurora,Environment,192,0.0,0.42484130935166997,0.46477970030904386,0.42484130935166997,0.46477970030904386,0.0,0.0,2858
TaTS,Environment,336,1.0,0.3033101027547769,0.43241997080498357,0.29627114373585767,0.42755128110380397,-2.320713670592811,-1.125916939524363,2714
MM-TSFlib,Environment,336,1.0,0.4371093961338869,0.5207986572771367,0.4231644677231984,0.5129438206588751,-3.190260500924391,-1.5082290456217007,2714
SpecTF,Environment,336,1.0,0.30393877965262633,0.4100298752127239,0.29793466046109196,0.40471477879844087,-1.975437026626392,-1.296270524562515,2714
CFA,Environment,336,1.0,0.34801837599330665,0.4114714628463914,0.3480479363829644,0.41311991751447785,0.008493916326512974,0.4006243000870935,2714
Aurora,Environment,336,0.0,0.4190524478685099,0.4656672906307553,0.4190524478685099,0.4656672906307553,0.0,0.0,2714
TaTS,Health,12,1.0,1.162485666759557,0.6905360702575702,1.1624998511965265,0.6897405390570572,0.0012201816654844322,-0.11520487267469015,265
MM-TSFlib,Health,12,1.0,1.1136970432833555,0.745128760355636,1.1111347492765662,0.7439392722413858,-0.2300710073931067,-0.15963524393858286,265
SpecTF,Health,12,0.0,1.4038450793465198,0.7974180852525733,1.4038450793465198,0.7974180852525733,0.0,0.0,265
CFA,Health,12,0.0,1.2511063900795063,0.7273466209799004,1.2511063900795063,0.7273466209799004,0.0,0.0,265
Aurora,Health,12,0.0,2.9515839197067186,1.2123253222572494,2.9515839197067186,1.2123253222572494,0.0,0.0,265
TaTS,Health,24,1.0,1.9588399699566217,0.8594140176587997,1.9611298291681414,0.8594749112955843,0.11689873836759901,0.00708548330996539,253
MM-TSFlib,Health,24,1.0,1.278115050167505,0.7995671802470325,1.276106206752755,0.7989761076058655,-0.15717234645554745,-0.07392407489568154,253
SpecTF,Health,24,0.0,1.8081685119736999,0.9177914362801706,1.8081685119736999,0.9177914362801706,0.0,0.0,253
CFA,Health,24,0.0,2.247770659152981,0.9273627418935746,2.247770659152981,0.9273627418935746,0.0,0.0,253
Aurora,Health,24,0.0,3.6808098775478593,1.372207467117542,3.6808098775478593,1.372207467117542,0.0,0.0,253
TaTS,Health,36,0.0,2.6637995121904203,0.9724688033589216,2.6637995121904203,0.9724688033589216,0.0,0.0,241
MM-TSFlib,Health,36,0.0,1.3416884651688015,0.7957999696227288,1.3416884651688015,0.7957999696227288,0.0,0.0,241
SpecTF,Health,36,0.0,1.976011818987007,0.9709013849676107,1.976011818987007,0.9709013849676107,0.0,0.0,241
CFA,Health,36,0.0,3.26154692370146,1.0605147452619221,3.26154692370146,1.0605147452619221,0.0,0.0,241
Aurora,Health,36,0.0,3.2140425610778958,1.2744120767663387,3.2140425610778958,1.2744120767663387,0.0,0.0,241
TaTS,Health,48,0.0,2.439152943043525,0.9848521590906262,2.439152943043525,0.9848521590906262,0.0,0.0,229
MM-TSFlib,Health,48,0.0,1.5206820689309244,0.8628716777655208,1.5206820689309244,0.8628716777655208,0.0,0.0,229
SpecTF,Health,48,0.0,1.8182009834333153,0.9114058270453634,1.8182009834333153,0.9114058270453634,0.0,0.0,229
CFA,Health,48,0.0,2.4862368211173114,1.0196322214681577,2.4862368211173114,1.0196322214681577,0.0,0.0,229
Aurora,Health,48,0.0,3.0444135682435243,1.2394286783697122,3.0444135682435243,1.2394286783697122,0.0,0.0,229
TaTS,Security,6,0.0,72.69913674090418,4.3821574355257145,72.69913674090418,4.3821574355257145,0.0,0.0,54
MM-TSFlib,Security,6,0.0,93.22567973938234,6.1230069236990845,93.22567973938234,6.1230069236990845,0.0,0.0,54
SpecTF,Security,6,0.0,67.14183349199133,3.8526697799931338,67.14183349199133,3.8526697799931338,0.0,0.0,54
CFA,Security,6,0.0,73.1699577518967,4.5288021627031725,73.1699577518967,4.5288021627031725,0.0,0.0,54
Aurora,Security,6,0.0,77.16228135948103,4.235003875361548,77.16228135948103,4.235003875361548,0.0,0.0,54
TaTS,Security,8,0.0,72.97911925256292,4.433972103807789,72.97911925256292,4.433972103807789,0.0,0.0,52
MM-TSFlib,Security,8,0.0,96.53889037487309,6.252864701964427,96.53889037487309,6.252864701964427,0.0,0.0,52
SpecTF,Security,8,0.0,70.69901896497308,4.00295739248395,70.69901896497308,4.00295739248395,0.0,0.0,52
CFA,Security,8,0.0,91.43265875629481,5.660050311555656,91.43265875629481,5.660050311555656,0.0,0.0,52
Aurora,Security,8,0.0,81.18467217771146,4.406378358029402,81.18467217771146,4.406378358029402,0.0,0.0,52
TaTS,Security,10,0.0,83.39170232092721,4.78343926948309,83.39170232092721,4.78343926948309,0.0,0.0,50
MM-TSFlib,Security,10,1.0,97.48980132754845,6.213066874310374,96.44926803863416,6.115814939752221,-1.067325273767128,-1.565280666143598,50
SpecTF,Security,10,0.0,73.99498989666476,4.1404865727424625,73.99498989666476,4.1404865727424625,0.0,0.0,50
CFA,Security,10,0.0,81.7253473516777,4.8916871753335,81.7253473516777,4.8916871753335,0.0,0.0,50
Aurora,Security,10,1.0,84.90057840505591,4.551266473531723,85.02049202730926,4.563542530179023,0.14124005337308176,0.2697283650318516,50
TaTS,Security,12,0.0,80.98327353058404,4.631983137844752,80.98327353058404,4.631983137844752,0.0,0.0,48
MM-TSFlib,Security,12,0.0,96.64963798939301,5.996091662857604,96.64963798939301,5.996091662857604,0.0,0.0,48
SpecTF,Security,12,0.0,78.0756260248761,4.3436914251910315,78.0756260248761,4.3436914251910315,0.0,0.0,48
CFA,Security,12,0.0,101.2261177744636,5.842459636533426,101.2261177744636,5.842459636533426,0.0,0.0,48
Aurora,Security,12,0.0,89.22429023995113,4.707309598103166,89.22429023995113,4.707309598103166,0.0,0.0,48
TaTS,SocialGood,6,0.0,1.0648782938669898,0.6525321384759077,1.0648782938669898,0.6525321384759077,0.0,0.0,173
MM-TSFlib,SocialGood,6,0.0,0.7169099200156654,0.42041024343722533,0.7169099200156654,0.42041024343722533,0.0,0.0,173
SpecTF,SocialGood,6,0.0,0.9929524954321776,0.4120125620606174,0.9929524954321776,0.4120125620606174,0.0,0.0,173
CFA,SocialGood,6,0.0,0.9942550496840478,0.403462932055712,0.9942550496840478,0.403462932055712,0.0,0.0,173
Aurora,SocialGood,6,0.0,1.6768303964901883,0.8500577699687325,1.6768303964901883,0.8500577699687325,0.0,0.0,173
TaTS,SocialGood,8,0.0,1.1622190975434339,0.6840515820914063,1.1622190975434339,0.6840515820914063,0.0,0.0,171
MM-TSFlib,SocialGood,8,0.0,0.8453132897591976,0.47276163964439727,0.8453132897591976,0.47276163964439727,0.0,0.0,171
SpecTF,SocialGood,8,0.0,1.0952617962044382,0.4467605487470738,1.0952617962044382,0.4467605487470738,0.0,0.0,171
CFA,SocialGood,8,0.0,0.89823517771868,0.4057707524428155,0.89823517771868,0.4057707524428155,0.0,0.0,171
Aurora,SocialGood,8,0.0,1.7875189295430172,0.8869289855543546,1.7875189295430172,0.8869289855543546,0.0,0.0,171
TaTS,SocialGood,10,0.0,1.2931527020712021,0.7389791452364456,1.2931527020712021,0.7389791452364456,0.0,0.0,169
MM-TSFlib,SocialGood,10,0.0,0.8738624770825355,0.49426281996313814,0.8738624770825355,0.49426281996313814,0.0,0.0,169
SpecTF,SocialGood,10,0.0,1.397332768674239,0.5299950597851851,1.397332768674239,0.5299950597851851,0.0,0.0,169
CFA,SocialGood,10,0.0,0.9862629585341308,0.4484801761872141,0.9862629585341308,0.4484801761872141,0.0,0.0,169
Aurora,SocialGood,10,0.0,1.8458123105731856,0.9116577583965818,1.8458123105731856,0.9116577583965818,0.0,0.0,169
TaTS,SocialGood,12,0.0,1.3228384370664317,0.7108686566194835,1.3228384370664317,0.7108686566194835,0.0,0.0,167
MM-TSFlib,SocialGood,12,0.0,0.9595029720529905,0.5390425416345368,0.9595029720529905,0.5390425416345368,0.0,0.0,167
SpecTF,SocialGood,12,0.0,1.3023108138924064,0.5596722309159751,1.3023108138924064,0.5596722309159751,0.0,0.0,167
CFA,SocialGood,12,0.0,1.1426290902530842,0.49463902991134934,1.1426290902530842,0.49463902991134934,0.0,0.0,167
Aurora,SocialGood,12,0.0,1.8754868967839402,0.9264776503217375,1.8754868967839402,0.9264776503217375,0.0,0.0,167
TaTS,Traffic,6,0.0,0.24723389009120703,0.2870771832788738,0.24723389009120703,0.2870771832788738,0.0,0.0,101
MM-TSFlib,Traffic,6,0.0,0.15184177871611557,0.28896934118601353,0.15184177871611557,0.28896934118601353,0.0,0.0,101
SpecTF,Traffic,6,0.0,0.16757848477025947,0.231992375044146,0.16757848477025947,0.231992375044146,0.0,0.0,101
CFA,Traffic,6,0.0,0.15811982992664445,0.21111152372737924,0.15811982992664445,0.21111152372737924,0.0,0.0,101
Aurora,Traffic,6,0.0,0.1560285923625199,0.23506494156598257,0.1560285923625199,0.23506494156598257,0.0,0.0,101
TaTS,Traffic,8,0.0,0.23876363488914465,0.28429590669846294,0.23876363488914465,0.28429590669846294,0.0,0.0,99
MM-TSFlib,Traffic,8,0.0,0.15819917394803196,0.29109538214826824,0.15819917394803196,0.29109538214826824,0.0,0.0,99
SpecTF,Traffic,8,0.0,0.18590940305294804,0.23040441702110598,0.18590940305294804,0.23040441702110598,0.0,0.0,99
CFA,Traffic,8,0.0,0.15928932580387434,0.20568800288619418,0.15928932580387434,0.20568800288619418,0.0,0.0,99
Aurora,Traffic,8,0.0,0.1619088261432561,0.24164890972050754,0.1619088261432561,0.24164890972050754,0.0,0.0,99
TaTS,Traffic,10,0.0,0.2455571864377533,0.29089475784105123,0.2455571864377533,0.29089475784105123,0.0,0.0,97
MM-TSFlib,Traffic,10,0.0,0.16669015236758458,0.3120483235292828,0.16669015236758458,0.3120483235292828,0.0,0.0,97
SpecTF,Traffic,10,0.0,0.19986794588377374,0.2395610991519751,0.19986794588377374,0.2395610991519751,0.0,0.0,97
CFA,Traffic,10,0.0,0.17320825794425226,0.21992391427767646,0.17320825794425226,0.21992391427767646,0.0,0.0,97
Aurora,Traffic,10,0.0,0.16721218841008467,0.24881513045006193,0.16721218841008467,0.24881513045006193,0.0,0.0,97
TaTS,Traffic,12,0.0,0.22234044241728987,0.28593040155737026,0.22234044241728987,0.28593040155737026,0.0,0.0,95
MM-TSFlib,Traffic,12,0.0,0.17549252854562822,0.3309463587769291,0.17549252854562822,0.3309463587769291,0.0,0.0,95
SpecTF,Traffic,12,0.0,0.1889477112484695,0.23954399147054606,0.1889477112484695,0.23954399147054606,0.0,0.0,95
CFA,Traffic,12,0.0,0.1769906006536231,0.22685970094120295,0.1769906006536231,0.22685970094120295,0.0,0.0,95
Aurora,Traffic,12,0.0,0.17349987628605187,0.2570842235234746,0.17349987628605187,0.2570842235234746,0.0,0.0,95
