model,domain,horizon,original_mse,selected_mse,change_pct,displayed_zero,exact_mse_equal,alpha_seed2026,alpha_seed2027,alpha_seed2028,best_epoch_seed2026,best_epoch_seed2027,best_epoch_seed2028,all_alpha_zero,all_saved_initial,cause
TaTS,Agriculture,6,0.49579507604065326,0.39879276563082805,-19.565000762910234,False,False,1.0,1.0,1.0,61,59,46,False,False,实际MSE发生变化
MM-TSFlib,Agriculture,6,3.0201228416151027,2.3462828262171267,-22.31167574089865,False,False,1.0,1.0,1.0,61,59,46,False,False,实际MSE发生变化
SpecTF,Agriculture,6,0.2098411645526121,0.19503883813547426,-7.054062270716443,False,False,0.25,0.25,0.25,61,59,46,False,False,实际MSE发生变化
CFA,Agriculture,6,0.16785088749539434,0.16785088749539434,0.0,True,True,0.0,0.0,0.0,61,59,46,True,False,三个种子alpha=0，至少一个保存训练权重
Aurora,Agriculture,6,0.9220825499208489,0.6123797379431767,-33.587319487203935,False,False,1.0,1.0,1.0,61,59,46,False,False,实际MSE发生变化
TaTS,Agriculture,8,0.4841925676786266,0.45103549373708196,-6.847910553544889,False,False,1.0,1.0,1.0,79,76,81,False,False,实际MSE发生变化
MM-TSFlib,Agriculture,8,3.1082829187258283,2.4707100831047852,-20.512059303868067,False,False,1.0,1.0,1.0,79,76,81,False,False,实际MSE发生变化
SpecTF,Agriculture,8,0.285905947009229,0.285905947009229,0.0,True,True,0.0,0.0,0.0,79,76,81,True,False,三个种子alpha=0，至少一个保存训练权重
CFA,Agriculture,8,0.2135153200313922,0.2135153200313922,0.0,True,True,0.0,0.0,0.0,79,76,81,True,False,三个种子alpha=0，至少一个保存训练权重
Aurora,Agriculture,8,1.000703602706396,0.6984608144350771,-30.20302789496364,False,False,1.0,1.0,1.0,79,76,81,False,False,实际MSE发生变化
TaTS,Agriculture,10,0.6602757535858196,0.5670861724352844,-14.113736669026855,False,False,1.0,1.0,1.0,46,63,44,False,False,实际MSE发生变化
MM-TSFlib,Agriculture,10,3.1341403583348333,2.4678484897208213,-21.259158570933067,False,False,1.0,1.0,1.0,46,63,44,False,False,实际MSE发生变化
SpecTF,Agriculture,10,0.3745156939748262,0.35625884358332033,-4.874789143744951,False,False,0.25,0.25,0.25,46,63,44,False,False,实际MSE发生变化
CFA,Agriculture,10,0.29576657031370107,0.29576657031370107,0.0,True,True,0.0,0.0,0.0,46,63,44,True,False,三个种子alpha=0，至少一个保存训练权重
Aurora,Agriculture,10,1.0489926219606276,0.7326247429868493,-30.159209164166334,False,False,1.0,1.0,1.0,46,63,44,False,False,实际MSE发生变化
TaTS,Agriculture,12,0.8091895099223382,0.6913876378728827,-14.558007809661477,False,False,1.0,1.0,1.0,87,107,89,False,False,实际MSE发生变化
MM-TSFlib,Agriculture,12,3.444487867309843,2.7991756667358154,-18.73463415848867,False,False,1.0,1.0,1.0,87,107,89,False,False,实际MSE发生变化
SpecTF,Agriculture,12,0.35785318025578033,0.35785318025578033,0.0,True,True,0.0,0.0,0.0,87,107,89,True,False,三个种子alpha=0，至少一个保存训练权重
CFA,Agriculture,12,0.37551116732851375,0.3341299192220575,-11.01997802112078,False,False,0.5,0.5,0.5,87,107,89,False,False,实际MSE发生变化
Aurora,Agriculture,12,1.0627157999916093,0.7716000380838873,-27.393566738164655,False,False,1.0,1.0,1.0,87,107,89,False,False,实际MSE发生变化
TaTS,Climate,6,1.1433486550950163,1.1433486550950163,0.0,True,True,0.0,0.0,0.0,0,0,0,True,True,三个种子alpha=0且保存初始化权重
MM-TSFlib,Climate,6,1.1941477400109357,1.1941477400109357,0.0,True,True,0.0,0.0,0.0,0,0,0,True,True,三个种子alpha=0且保存初始化权重
SpecTF,Climate,6,1.0572414052259043,1.0572414052328372,6.55764331725095e-10,True,False,0.25,0.25,0.25,0,0,0,False,True,存在非零alpha但初始化/浮点量级变化
CFA,Climate,6,1.2072524518723515,1.207252451827332,-3.7290948107226995e-09,True,False,0.5,0.5,0.5,0,0,0,False,True,存在非零alpha但初始化/浮点量级变化
Aurora,Climate,6,1.1349327105336318,1.1349327105976588,5.6414872773302704e-09,True,False,0.25,0.25,0.25,0,0,0,False,True,存在非零alpha但初始化/浮点量级变化
TaTS,Climate,8,1.1675973042594807,1.1675973043756265,9.947420664957463e-09,True,False,0.75,0.75,0.75,0,0,0,False,True,存在非零alpha但初始化/浮点量级变化
MM-TSFlib,Climate,8,1.3202855790609833,1.3202855790648724,2.9456437289354653e-10,True,False,0.5,0.5,0.5,0,0,0,False,True,存在非零alpha但初始化/浮点量级变化
SpecTF,Climate,8,1.07353160690252,1.07353160690252,0.0,True,True,0.0,0.0,0.0,0,0,0,True,True,三个种子alpha=0且保存初始化权重
CFA,Climate,8,1.1615048166871749,1.1615048166871749,0.0,True,True,0.0,0.0,0.0,0,0,0,True,True,三个种子alpha=0且保存初始化权重
Aurora,Climate,8,1.1448523384243392,1.1448523384243392,0.0,True,True,0.0,0.0,0.0,0,0,0,True,True,三个种子alpha=0且保存初始化权重
TaTS,Climate,10,1.1619446589645592,1.1619446589774514,1.109534686349889e-09,True,False,0.75,0.75,0.75,0,0,0,False,True,存在非零alpha但初始化/浮点量级变化
MM-TSFlib,Climate,10,1.2405914477230617,1.2405914477497597,2.152034106472911e-09,True,False,0.25,0.25,0.25,0,0,0,False,True,存在非零alpha但初始化/浮点量级变化
SpecTF,Climate,10,1.1226732238917876,1.1226732238917876,0.0,True,True,0.0,0.0,0.0,0,0,0,True,True,三个种子alpha=0且保存初始化权重
CFA,Climate,10,1.0921057930035716,1.0921057930063105,2.5079938126282286e-10,True,False,0.25,0.25,0.25,0,0,0,False,True,存在非零alpha但初始化/浮点量级变化
Aurora,Climate,10,1.160987237939077,1.1609872381995572,2.243607521990043e-08,True,False,0.75,0.75,0.75,0,0,0,False,True,存在非零alpha但初始化/浮点量级变化
TaTS,Climate,12,1.1409304660185637,1.1409304659432564,-6.600520130461973e-09,True,False,1.0,1.0,1.0,0,0,0,False,True,存在非零alpha但初始化/浮点量级变化
MM-TSFlib,Climate,12,1.216266717246754,1.2162667169387846,-2.5320878727086438e-08,True,False,0.75,0.75,0.75,0,0,0,False,True,存在非零alpha但初始化/浮点量级变化
SpecTF,Climate,12,1.1263081593985549,1.1263081593985549,0.0,True,True,0.0,0.0,0.0,0,0,0,True,True,三个种子alpha=0且保存初始化权重
CFA,Climate,12,1.116828027737457,1.1168280277392026,1.5631940186722204e-10,True,False,0.5,0.5,0.5,0,0,0,False,True,存在非零alpha但初始化/浮点量级变化
Aurora,Climate,12,1.1706371855200317,1.1706371855200317,0.0,True,True,0.0,0.0,0.0,0,0,0,True,True,三个种子alpha=0且保存初始化权重
TaTS,Economy,6,0.16271074981363087,0.15969326996280628,-1.8545055285411838,False,False,1.0,1.0,1.0,75,84,107,False,False,实际MSE发生变化
MM-TSFlib,Economy,6,0.8565175914521214,0.8565175914521214,0.0,True,True,0.0,0.0,0.0,75,84,107,True,False,三个种子alpha=0，至少一个保存训练权重
SpecTF,Economy,6,0.15398558090161274,0.15398558090161274,0.0,True,True,0.0,0.0,0.0,75,84,107,True,False,三个种子alpha=0，至少一个保存训练权重
CFA,Economy,6,0.17158745546126114,0.17138097061577887,-0.12033796114476747,False,False,0.5,0.0,0.0,75,84,107,False,False,实际MSE发生变化
Aurora,Economy,6,0.276509449314873,0.276509449314873,0.0,True,True,0.0,0.0,0.0,75,84,107,True,False,三个种子alpha=0，至少一个保存训练权重
TaTS,Economy,8,0.17193530537689122,0.17437181315140884,1.417107306249088,False,False,1.0,1.0,1.0,104,265,204,False,False,实际MSE发生变化
MM-TSFlib,Economy,8,0.9900096828286012,0.8182179346546891,-17.3525321169666,False,False,0.75,0.75,0.5,104,265,204,False,False,实际MSE发生变化
SpecTF,Economy,8,0.20794032049325598,0.19871709179462593,-4.435517208375739,False,False,1.0,1.0,1.0,104,265,204,False,False,实际MSE发生变化
CFA,Economy,8,0.19030338745728353,0.18486033380818037,-2.8601979827211133,False,False,1.0,1.0,1.0,104,265,204,False,False,实际MSE发生变化
Aurora,Economy,8,0.30134888800131915,0.30134888800131915,0.0,True,True,0.0,0.0,0.0,104,265,204,True,False,三个种子alpha=0，至少一个保存训练权重
TaTS,Economy,10,0.18058548881660597,0.17938204131914834,-0.6664142868532452,False,False,0.25,0.0,0.0,67,6,5,False,False,实际MSE发生变化
MM-TSFlib,Economy,10,0.9352328334071817,0.8757472603098329,-6.360509487315014,False,False,0.75,1.0,1.0,67,6,5,False,False,实际MSE发生变化
SpecTF,Economy,10,0.19822602470059905,0.19822602470059905,0.0,True,True,0.0,0.0,0.0,67,6,5,True,False,三个种子alpha=0，至少一个保存训练权重
CFA,Economy,10,0.23586643317586922,0.23586643317586922,0.0,True,True,0.0,0.0,0.0,67,6,5,True,False,三个种子alpha=0，至少一个保存训练权重
Aurora,Economy,10,0.31950637541484384,0.31950637541484384,0.0,True,True,0.0,0.0,0.0,67,6,5,True,False,三个种子alpha=0，至少一个保存训练权重
TaTS,Economy,12,0.20261828458814246,0.20261828458814246,0.0,True,True,0.0,0.0,0.0,73,5,4,True,False,三个种子alpha=0，至少一个保存训练权重
MM-TSFlib,Economy,12,0.9899457956350605,0.9607698598134546,-2.947225590557634,False,False,0.25,1.0,1.0,73,5,4,False,False,实际MSE发生变化
SpecTF,Economy,12,0.22845241864998087,0.22845241864998087,0.0,True,True,0.0,0.0,0.0,73,5,4,True,False,三个种子alpha=0，至少一个保存训练权重
CFA,Economy,12,0.23668466176642305,0.23668466176642303,-1.1102230246251565e-14,True,False,0.0,0.0,0.0,73,5,4,True,False,三个种子alpha=0，至少一个保存训练权重
Aurora,Economy,12,0.3338778963764754,0.3338778963764754,0.0,True,True,0.0,0.0,0.0,73,5,4,True,False,三个种子alpha=0，至少一个保存训练权重
TaTS,Energy,12,0.1838611601559035,0.16561305549078897,-9.92493719154236,False,False,1.0,1.0,1.0,48,78,29,False,False,实际MSE发生变化
MM-TSFlib,Energy,12,0.1333271211084098,0.13018652740496547,-2.3555550268655967,False,False,0.0,0.0,1.0,48,78,29,False,False,实际MSE发生变化
SpecTF,Energy,12,0.09577729990129709,0.09623937005355043,0.48244224125082447,False,False,0.0,0.0,1.0,48,78,29,False,False,实际MSE发生变化
CFA,Energy,12,0.10983223824033,0.10983223824033,0.0,True,True,0.0,0.0,0.0,48,78,29,True,False,三个种子alpha=0，至少一个保存训练权重
Aurora,Energy,12,0.2606396293829479,0.2358359186150466,-9.516477147632118,False,False,1.0,0.0,1.0,48,78,29,False,False,实际MSE发生变化
TaTS,Energy,24,0.2679513517190791,0.2679513517190791,0.0,True,True,0.0,0.0,0.0,0,0,65,True,False,三个种子alpha=0，至少一个保存训练权重
MM-TSFlib,Energy,24,0.19196059548900862,0.19163905523322186,-0.167503260222579,False,False,0.0,0.0,0.5,0,0,65,False,False,实际MSE发生变化
SpecTF,Energy,24,0.2114401345279641,0.2114401345279641,0.0,True,True,0.0,0.0,0.0,0,0,65,True,False,三个种子alpha=0，至少一个保存训练权重
CFA,Energy,24,0.22252381884649639,0.22252381884649639,0.0,True,True,0.0,0.0,0.0,0,0,65,True,False,三个种子alpha=0，至少一个保存训练权重
Aurora,Energy,24,0.3169472024030514,0.3169472024030514,0.0,True,True,0.0,0.0,0.0,0,0,65,True,False,三个种子alpha=0，至少一个保存训练权重
TaTS,Energy,36,0.3669344975156553,0.36693449751565527,-1.1102230246251565e-14,True,False,0.0,0.0,0.0,0,0,0,True,True,三个种子alpha=0且保存初始化权重
MM-TSFlib,Energy,36,0.33496724056529875,0.3349672405660706,2.30415686530705e-10,True,False,1.0,1.0,1.0,0,0,0,False,True,存在非零alpha但初始化/浮点量级变化
SpecTF,Energy,36,0.30615976416374785,0.30615976416374785,0.0,True,True,0.0,0.0,0.0,0,0,0,True,True,三个种子alpha=0且保存初始化权重
CFA,Energy,36,0.3763866597826456,0.3763866597826457,2.220446049250313e-14,True,False,0.0,0.0,0.0,0,0,0,True,True,三个种子alpha=0且保存初始化权重
Aurora,Energy,36,0.3960474992539366,0.3960474992539366,0.0,True,True,0.0,0.0,0.0,0,0,0,True,True,三个种子alpha=0且保存初始化权重
TaTS,Energy,48,0.40905897884304054,0.40905897884304054,0.0,True,True,0.0,0.0,0.0,0,0,0,True,True,三个种子alpha=0且保存初始化权重
MM-TSFlib,Energy,48,0.47098583846107467,0.4709858384610747,2.220446049250313e-14,True,False,0.0,0.0,0.0,0,0,0,True,True,三个种子alpha=0且保存初始化权重
SpecTF,Energy,48,0.3815823420985617,0.3815823420985616,-1.1102230246251565e-14,True,False,0.0,0.0,0.0,0,0,0,True,True,三个种子alpha=0且保存初始化权重
CFA,Energy,48,0.3953827732857235,0.3953827732857235,0.0,True,True,0.0,0.0,0.0,0,0,0,True,True,三个种子alpha=0且保存初始化权重
Aurora,Energy,48,0.4675554391113816,0.46755543909884273,-2.6817881249030506e-09,True,False,1.0,1.0,1.0,0,0,0,False,True,存在非零alpha但初始化/浮点量级变化
TaTS,Environment,48,0.3035071647381012,0.283623268985057,-6.551376067251047,False,False,1.0,1.0,1.0,2,1,2,False,False,实际MSE发生变化
MM-TSFlib,Environment,48,0.29596647508290747,0.2808008880065244,-5.1240895010608245,False,False,1.0,1.0,1.0,2,1,2,False,False,实际MSE发生变化
SpecTF,Environment,48,0.30443698331933344,0.29870367880875903,-1.8832483649204201,False,False,1.0,1.0,1.0,2,1,2,False,False,实际MSE发生变化
CFA,Environment,48,0.31664634101683053,0.31675574694978575,0.03455145971493767,False,False,0.25,0.5,0.25,2,1,2,False,False,实际MSE发生变化
Aurora,Environment,48,0.39488863757207215,0.3937494760086843,-0.28847666278569717,False,False,0.75,1.0,1.0,2,1,2,False,False,实际MSE发生变化
TaTS,Environment,96,0.29697008480248327,0.2806170543719286,-5.506625504528917,False,False,1.0,1.0,1.0,2,2,2,False,False,实际MSE发生变化
MM-TSFlib,Environment,96,0.3455599921922928,0.31269658357292807,-9.51018907335699,False,False,1.0,1.0,1.0,2,2,2,False,False,实际MSE发生变化
SpecTF,Environment,96,0.3294876408245237,0.32958199471503863,0.02863654924318837,False,False,0.75,0.0,0.0,2,2,2,False,False,实际MSE发生变化
CFA,Environment,96,0.35261779682305505,0.35660974252944483,1.132088550934074,False,False,0.75,0.75,0.75,2,2,2,False,False,实际MSE发生变化
Aurora,Environment,96,0.43624974417127504,0.4322944462143441,-0.9066590891519399,False,False,0.5,1.0,1.0,2,2,2,False,False,实际MSE发生变化
TaTS,Environment,192,0.2819047584851864,0.2667371722775416,-5.380393821355744,False,False,1.0,1.0,1.0,3,3,3,False,False,实际MSE发生变化
MM-TSFlib,Environment,192,0.424233536785341,0.36644029475768014,-13.6229781515137,False,False,1.0,1.0,1.0,3,3,3,False,False,实际MSE发生变化
SpecTF,Environment,192,0.3021611736934637,0.2891511643617107,-4.305652236098146,False,False,1.0,1.0,1.0,3,3,3,False,False,实际MSE发生变化
CFA,Environment,192,0.35717743889884385,0.35336967838925476,-1.066069716309126,False,False,0.5,1.0,1.0,3,3,3,False,False,实际MSE发生变化
Aurora,Environment,192,0.4248413094029132,0.4240099846343492,-0.19567889236863367,False,False,0.0,0.75,0.75,3,3,3,False,False,实际MSE发生变化
TaTS,Environment,336,0.3033101027995199,0.28313161818097915,-6.652757172377544,False,False,1.0,1.0,1.0,8,9,5,False,False,实际MSE发生变化
MM-TSFlib,Environment,336,0.4371093961378358,0.38029177471394976,-12.998490063565104,False,False,1.0,1.0,1.0,8,9,5,False,False,实际MSE发生变化
SpecTF,Environment,336,0.3039387794760956,0.30100612584665193,-0.9648830052218837,False,False,1.0,0.75,1.0,8,9,5,False,False,实际MSE发生变化
CFA,Environment,336,0.34801837631476107,0.3478094772492087,-0.060025297446775205,False,False,0.25,0.0,0.75,8,9,5,False,False,实际MSE发生变化
Aurora,Environment,336,0.4190524482224486,0.4197502191908395,0.16651160764022954,False,False,0.0,0.0,0.5,8,9,5,False,False,实际MSE发生变化
TaTS,Health,12,1.1624856639502126,1.1624856639502126,0.0,True,True,0.0,0.0,0.0,107,94,76,True,False,三个种子alpha=0，至少一个保存训练权重
MM-TSFlib,Health,12,1.1136970518834708,1.1136970518834708,0.0,True,True,0.0,0.0,0.0,107,94,76,True,False,三个种子alpha=0，至少一个保存训练权重
SpecTF,Health,12,1.4038450804546994,1.4038450804546994,0.0,True,True,0.0,0.0,0.0,107,94,76,True,False,三个种子alpha=0，至少一个保存训练权重
CFA,Health,12,1.2511063849645137,1.2511063849645137,0.0,True,True,0.0,0.0,0.0,107,94,76,True,False,三个种子alpha=0，至少一个保存训练权重
Aurora,Health,12,2.9515839192135953,2.417123139523158,-18.107592205368704,False,False,1.0,1.0,1.0,107,94,76,False,False,实际MSE发生变化
TaTS,Health,24,1.9588399705676387,1.9588399705676387,0.0,True,True,0.0,0.0,0.0,81,82,95,True,False,三个种子alpha=0，至少一个保存训练权重
MM-TSFlib,Health,24,1.2781150498056244,1.2781150498056244,0.0,True,True,0.0,0.0,0.0,81,82,95,True,False,三个种子alpha=0，至少一个保存训练权重
SpecTF,Health,24,1.8081685181614635,1.8081685181614635,0.0,True,True,0.0,0.0,0.0,81,82,95,True,False,三个种子alpha=0，至少一个保存训练权重
CFA,Health,24,2.2477706654605583,2.2477706654605583,0.0,True,True,0.0,0.0,0.0,81,82,95,True,False,三个种子alpha=0，至少一个保存训练权重
Aurora,Health,24,3.68080986261969,3.2134414974460923,-12.69743297310566,False,False,1.0,1.0,1.0,81,82,95,False,False,实际MSE发生变化
TaTS,Health,36,2.6637995198269984,2.7079933443752933,1.6590522004135355,False,False,1.0,1.0,1.0,4,5,5,False,False,实际MSE发生变化
MM-TSFlib,Health,36,1.3416884662270774,1.3416884662270772,-1.1102230246251565e-14,True,False,0.0,0.0,0.0,4,5,5,True,False,三个种子alpha=0，至少一个保存训练权重
SpecTF,Health,36,1.9760118218181606,1.9760118218181606,0.0,True,True,0.0,0.0,0.0,4,5,5,True,False,三个种子alpha=0，至少一个保存训练权重
CFA,Health,36,3.2615469383600995,3.2615469383600995,0.0,True,True,0.0,0.0,0.0,4,5,5,True,False,三个种子alpha=0，至少一个保存训练权重
Aurora,Health,36,3.2140425584838486,3.2140425584838486,0.0,True,True,0.0,0.0,0.0,4,5,5,True,False,三个种子alpha=0，至少一个保存训练权重
TaTS,Health,48,2.4391529485784003,2.4335363870040436,-0.2302668874303304,False,False,0.25,0.0,0.25,60,0,20,False,False,实际MSE发生变化
MM-TSFlib,Health,48,1.5206820696563101,1.5039559594161893,-1.0999084275322035,False,False,0.25,1.0,0.0,60,0,20,False,False,实际MSE发生变化
SpecTF,Health,48,1.8182009804632495,1.8182009804611994,-1.127542503809309e-10,True,False,0.0,0.25,0.0,60,0,20,False,False,存在非零alpha但初始化/浮点量级变化
CFA,Health,48,2.486236831301244,2.486236831301244,0.0,True,True,0.0,0.0,0.0,60,0,20,True,False,三个种子alpha=0，至少一个保存训练权重
Aurora,Health,48,3.04441356828496,3.0444135682849605,2.220446049250313e-14,True,False,0.0,0.0,0.0,60,0,20,True,False,三个种子alpha=0，至少一个保存训练权重
TaTS,Security,6,72.6991374139132,72.6991374139132,0.0,True,True,0.0,0.0,0.0,79,29,37,True,False,三个种子alpha=0，至少一个保存训练权重
MM-TSFlib,Security,6,93.2256797838897,78.76997251695026,-15.506143050337428,False,False,1.0,1.0,1.0,79,29,37,False,False,实际MSE发生变化
SpecTF,Security,6,67.14183396997961,67.14183396997961,0.0,True,True,0.0,0.0,0.0,79,29,37,True,False,三个种子alpha=0，至少一个保存训练权重
CFA,Security,6,73.16995799985796,73.16995799985796,0.0,True,True,0.0,0.0,0.0,79,29,37,True,False,三个种子alpha=0，至少一个保存训练权重
Aurora,Security,6,77.16228360015839,79.83116433189004,3.4587892001244125,False,False,0.75,0.75,0.75,79,29,37,False,False,实际MSE发生变化
TaTS,Security,8,72.97911949508219,72.97911949508219,0.0,True,True,0.0,0.0,0.0,10,72,16,True,False,三个种子alpha=0，至少一个保存训练权重
MM-TSFlib,Security,8,96.53889005739344,93.35109700108274,-3.3020817355736476,False,False,1.0,0.5,0.5,10,72,16,False,False,实际MSE发生变化
SpecTF,Security,8,70.6990198622295,70.6990198622295,0.0,True,True,0.0,0.0,0.0,10,72,16,True,False,三个种子alpha=0，至少一个保存训练权重
CFA,Security,8,91.43265867362122,91.43265867362122,0.0,True,True,0.0,0.0,0.0,10,72,16,True,False,三个种子alpha=0，至少一个保存训练权重
Aurora,Security,8,81.18467338330083,81.3624637965272,0.2189950464996704,False,False,0.25,0.0,0.0,10,72,16,False,False,实际MSE发生变化
TaTS,Security,10,83.39170242577858,83.3917024227843,-3.5906055906309575e-09,True,False,0.0,0.5,0.5,1,0,0,False,False,存在非零alpha但初始化/浮点量级变化
MM-TSFlib,Security,10,97.48980175008192,97.29639122657784,-0.1983905188359114,False,False,1.0,0.75,0.75,1,0,0,False,False,实际MSE发生变化
SpecTF,Security,10,73.9949897801101,73.9949897801101,0.0,True,True,0.0,0.5,0.5,1,0,0,False,False,存在非零alpha但初始化/浮点量级变化
CFA,Security,10,81.72534727849892,81.72534727800492,-6.044609257571665e-10,True,False,0.0,0.5,0.5,1,0,0,False,False,存在非零alpha但初始化/浮点量级变化
Aurora,Security,10,84.90057875764339,84.9302949110946,0.03500111999947819,False,False,1.0,1.0,1.0,1,0,0,False,False,实际MSE发生变化
TaTS,Security,12,80.98327342565297,80.98327342565297,0.0,True,True,0.0,0.0,0.0,1,0,0,True,False,三个种子alpha=0，至少一个保存训练权重
MM-TSFlib,Security,12,96.64963786673496,96.49813117656886,-0.15675867340031457,False,False,1.0,0.75,0.75,1,0,0,False,False,实际MSE发生变化
SpecTF,Security,12,78.07562570941445,78.07562570941445,0.0,True,True,0.0,0.5,0.5,1,0,0,False,False,存在非零alpha但初始化/浮点量级变化
CFA,Security,12,101.22611710260571,101.2261170885544,-1.3881107374658086e-08,True,False,0.0,0.75,0.75,1,0,0,False,False,存在非零alpha但初始化/浮点量级变化
Aurora,Security,12,89.22429087175277,89.2499523393779,0.028760629391855197,False,False,1.0,1.0,1.0,1,0,0,False,False,实际MSE发生变化
TaTS,SocialGood,6,1.064878293277627,1.052210764085452,-1.1895753037828527,False,False,0.0,1.0,0.0,78,3,77,False,False,实际MSE发生变化
MM-TSFlib,SocialGood,6,0.7169099234673274,0.7169099234673274,0.0,True,True,0.0,0.0,0.0,78,3,77,True,False,三个种子alpha=0，至少一个保存训练权重
SpecTF,SocialGood,6,0.9929525026766165,0.9929525026766165,0.0,True,True,0.0,0.0,0.0,78,3,77,True,False,三个种子alpha=0，至少一个保存训练权重
CFA,SocialGood,6,0.9942550612647435,0.9942550612647435,0.0,True,True,0.0,0.0,0.0,78,3,77,True,False,三个种子alpha=0，至少一个保存训练权重
Aurora,SocialGood,6,1.6768303961171411,1.5137062200687357,-9.728126137630543,False,False,1.0,0.0,1.0,78,3,77,False,False,实际MSE发生变化
TaTS,SocialGood,8,1.1622191062566747,1.1248593306204697,-3.214520862295489,False,False,0.0,1.0,0.5,92,69,0,False,False,实际MSE发生变化
MM-TSFlib,SocialGood,8,0.845313280627705,0.845313280627705,0.0,True,True,0.0,0.0,0.0,92,69,0,True,False,三个种子alpha=0，至少一个保存训练权重
SpecTF,SocialGood,8,1.0952617932062743,1.0952617932247752,1.6891821275066832e-09,True,False,0.0,0.0,0.5,92,69,0,False,False,存在非零alpha但初始化/浮点量级变化
CFA,SocialGood,8,0.8982351742735893,0.8982351742873981,1.5373258221984543e-09,True,False,0.0,0.0,1.0,92,69,0,False,False,存在非零alpha但初始化/浮点量级变化
Aurora,SocialGood,8,1.787518923563987,1.6569579642730847,-7.304032285744277,False,False,1.0,1.0,0.0,92,69,0,False,False,实际MSE发生变化
TaTS,SocialGood,10,1.2931527146674995,1.1589708763370536,-10.376333499400126,False,False,0.75,1.0,1.0,77,56,85,False,False,实际MSE发生变化
MM-TSFlib,SocialGood,10,0.8738624749434614,0.8738624749434614,0.0,True,True,0.0,0.0,0.0,77,56,85,True,False,三个种子alpha=0，至少一个保存训练权重
SpecTF,SocialGood,10,1.3973327760600354,1.3973327760600354,0.0,True,True,0.0,0.0,0.0,77,56,85,True,False,三个种子alpha=0，至少一个保存训练权重
CFA,SocialGood,10,0.9862629560847868,0.9862629560847868,0.0,True,True,0.0,0.0,0.0,77,56,85,True,False,三个种子alpha=0，至少一个保存训练权重
Aurora,SocialGood,10,1.8458122988986667,1.845812298898667,2.220446049250313e-14,True,False,0.0,0.0,0.0,77,56,85,True,False,三个种子alpha=0，至少一个保存训练权重
TaTS,SocialGood,12,1.322838435281429,1.322838435281429,0.0,True,True,0.0,0.0,0.0,0,5,0,True,False,三个种子alpha=0，至少一个保存训练权重
MM-TSFlib,SocialGood,12,0.9595029697920977,0.9599376492941004,0.045302569735339304,False,False,0.0,1.0,0.0,0,5,0,False,False,实际MSE发生变化
SpecTF,SocialGood,12,1.302310829209715,1.302310829209715,0.0,True,True,0.0,0.0,0.0,0,5,0,True,False,三个种子alpha=0，至少一个保存训练权重
CFA,SocialGood,12,1.1426291047109751,1.1426291047609711,4.375522166810697e-09,True,False,1.0,0.0,1.0,0,5,0,False,False,存在非零alpha但初始化/浮点量级变化
Aurora,SocialGood,12,1.8754868897925865,1.8754868897925865,0.0,True,True,0.0,0.0,0.0,0,5,0,True,False,三个种子alpha=0，至少一个保存训练权重
TaTS,Traffic,6,0.24723389000952123,0.24723389000952123,0.0,True,True,0.0,0.0,0.0,3,3,3,True,False,三个种子alpha=0，至少一个保存训练权重
MM-TSFlib,Traffic,6,0.15184177843025573,0.15184177843025573,0.0,True,True,0.0,0.0,0.0,3,3,3,True,False,三个种子alpha=0，至少一个保存训练权重
SpecTF,Traffic,6,0.16757848338838088,0.16757848338838088,0.0,True,True,0.0,0.0,0.0,3,3,3,True,False,三个种子alpha=0，至少一个保存训练权重
CFA,Traffic,6,0.15811983108467015,0.15614976557771107,-1.2459319577088013,False,False,0.75,1.0,1.0,3,3,3,False,False,实际MSE发生变化
Aurora,Traffic,6,0.15602859012632012,0.15602859012632012,0.0,True,True,0.0,0.0,0.0,3,3,3,True,False,三个种子alpha=0，至少一个保存训练权重
TaTS,Traffic,8,0.23876363465916217,0.23695657762300826,-0.7568393062593048,False,False,0.0,0.5,1.0,0,2,1,False,False,实际MSE发生变化
MM-TSFlib,Traffic,8,0.15819917205889875,0.15819917205889875,0.0,True,True,0.0,0.0,0.0,0,2,1,True,False,三个种子alpha=0，至少一个保存训练权重
SpecTF,Traffic,8,0.18590940564234654,0.18578683097490775,-0.06593247233257493,False,False,0.0,0.25,1.0,0,2,1,False,False,实际MSE发生变化
CFA,Traffic,8,0.15928932672901436,0.15928932672901436,0.0,True,True,0.0,0.0,0.0,0,2,1,True,False,三个种子alpha=0，至少一个保存训练权重
Aurora,Traffic,8,0.16190882453397848,0.16190882453397848,0.0,True,True,0.0,0.0,0.0,0,2,1,True,False,三个种子alpha=0，至少一个保存训练权重
TaTS,Traffic,10,0.24555718831519832,0.24467953621385297,-0.357412506376642,False,False,0.0,0.25,0.75,0,1,1,False,False,实际MSE发生变化
MM-TSFlib,Traffic,10,0.1666901516930486,0.1666901516930486,0.0,True,True,0.0,0.0,0.0,0,1,1,True,False,三个种子alpha=0，至少一个保存训练权重
SpecTF,Traffic,10,0.19986794571428487,0.19986794571428487,0.0,True,True,0.0,0.0,0.0,0,1,1,True,False,三个种子alpha=0，至少一个保存训练权重
CFA,Traffic,10,0.1732082597712524,0.1732082597712524,0.0,True,True,0.0,0.0,0.0,0,1,1,True,False,三个种子alpha=0，至少一个保存训练权重
Aurora,Traffic,10,0.16721218643952346,0.16721218643952343,-1.1102230246251565e-14,True,False,0.0,0.0,0.0,0,1,1,True,False,三个种子alpha=0，至少一个保存训练权重
TaTS,Traffic,12,0.22234044158079816,0.22234044158079816,0.0,True,True,0.0,0.0,0.0,0,0,0,True,True,三个种子alpha=0且保存初始化权重
MM-TSFlib,Traffic,12,0.17549252996919057,0.1754925299691906,2.220446049250313e-14,True,False,0.0,0.0,0.0,0,0,0,True,True,三个种子alpha=0且保存初始化权重
SpecTF,Traffic,12,0.18894771280705278,0.18894771280705278,0.0,True,True,0.0,0.0,0.0,0,0,0,True,True,三个种子alpha=0且保存初始化权重
CFA,Traffic,12,0.17699060160295385,0.17699060160295385,0.0,True,True,0.0,0.0,0.0,0,0,0,True,True,三个种子alpha=0且保存初始化权重
Aurora,Traffic,12,0.17349987474511538,0.17349987474511538,0.0,True,True,0.0,0.0,0.0,0,0,0,True,True,三个种子alpha=0且保存初始化权重
