model,domain,horizon,control_mse,control_mae,internal_mse,internal_mae,previous_native_mse,previous_native_mae,previous_internal_mse,previous_internal_mae,historical_original_mse,historical_original_mae,decrease_vs_control_mse_pct,decrease_vs_control_mae_pct,decrease_vs_previous_plugin_mse_pct,decrease_vs_previous_plugin_mae_pct
SpecTF,Agriculture,6,0.39308219085778856,0.44112649602247467,0.2095309213818193,0.30571116475348775,0.3944587793330101,0.4419820858231673,0.22478373665608603,0.3126493686057152,0.2098411645526121,0.29948388388816344,46.69539189130434,30.69761904804914,6.785551081750718,2.2191645174813313
CFA,Agriculture,6,0.1692335032852432,0.2721319579063578,0.17550588400101533,0.2759284865348897,0.1692335032852432,0.2721319579063578,0.157066423793299,0.26139138628405034,0.16785088749539434,0.28960072571504203,-3.706346907680591,-1.3951057632997088,-11.739912173707378,-5.561430488394947
TaTS,Agriculture,6,0.4710029562389434,0.5974356073437007,0.46537971648549675,0.5914731281446227,0.4710029562389434,0.5974356073437007,0.3920059689823655,0.5334634829497507,0.49579507604065326,0.597170186592332,1.193886297094482,0.9980120243565982,-18.717507718978645,-10.874154848259089
MM-TSFlib,Agriculture,6,3.0939223955126827,1.2995492805403175,3.147763637181764,1.3825980232539752,3.0939223955126827,1.2995492805403175,2.795263140157302,1.2553243892835386,3.0201228416151027,1.2793749966097216,-1.7402259910323181,-6.390580484883834,-12.61063733000196,-10.138704788734042
Aurora,Agriculture,6,0.14297550838826567,0.25906975281999467,0.14657270187601332,0.2732094891950594,0.14297550838826567,0.25906975281999467,0.1465616175845564,0.2679481779007202,0.9220825499208489,0.6908093629576636,-2.5159508284307464,-5.457887777771275,-0.0075628883193124,-1.9635555410601135
SpecTF,Agriculture,8,0.44246284629251004,0.46585921133341995,0.2572823398796977,0.3385237696702066,0.44246284629251004,0.46585921133341995,0.2514037946365727,0.3455747171588566,0.285905947009229,0.37219004835123604,41.85221605937743,27.333460102408104,-2.3382881915616993,2.0403539780396662
CFA,Agriculture,8,0.21781700557239017,0.3149949483897375,0.23583910250332862,0.32165158880145656,0.21781700557239017,0.3149949483897375,0.19809888995321295,0.30055733770132065,0.2135153200313922,0.3195646000297173,-8.273962303163195,-2.1132530682628214,-19.051198398450975,-7.01837834386807
TaTS,Agriculture,8,0.5122571443149263,0.604211943305057,0.48149711616110874,0.5842930851099284,0.5122571443149263,0.604211943305057,0.4860778315921493,0.580804086735715,0.4841925676786266,0.572499158265798,6.004802177030621,3.296667405508713,0.942383119188217,-0.6007186336829173
MM-TSFlib,Agriculture,8,2.955129903781439,1.2259057316443194,2.934721274844912,1.3347382841874724,2.955129903781439,1.2259057316443194,2.941812253521426,1.2473986642840116,3.1082829187258283,1.2896458072506862,0.6906169813520435,-8.877726054610658,0.24104117004837278,-7.001740694791625
Aurora,Agriculture,8,0.2481492175632144,0.3374479106910851,0.23874472546301662,0.327345199721015,0.2481492175632144,0.3374479106910851,0.21190203798055296,0.31006440163954446,1.000703602706396,0.7222759692889192,3.7898536181368514,2.9938579111010055,-12.667498499909247,-5.573293157838788
SpecTF,Agriculture,10,0.5021372897131062,0.506258848508199,0.33746647038612965,0.3960606306129032,0.5037515780411929,0.5075447765986124,0.3670716458000418,0.4428099775314331,0.3745156939748262,0.44496886783176,32.793983378741,21.767168755670873,8.065230794219191,10.557428533825519
CFA,Agriculture,10,0.30065800229621487,0.37287691752115887,0.32884923555447354,0.3827434504032135,0.30065800229621487,0.37287691752115887,0.2992369221616209,0.36607694943745933,0.29576657031370107,0.37098269012239243,-9.3765118649608,-2.646056223497606,-9.895942378681033,-4.552731602294302
TaTS,Agriculture,10,0.660488018000564,0.6736602361996968,0.6762435153246072,0.6788259857230716,0.660488018000564,0.6736602361996968,0.5093121736234872,0.5868929525216421,0.6602757535858196,0.6446413748794132,-2.3854327246902063,-0.7668182335528906,-32.77583971996813,-15.664361414876504
MM-TSFlib,Agriculture,10,3.0325362972216703,1.2750540925396814,3.1956278122415087,1.414560384882821,3.0325362972216703,1.2750540925396814,2.957363847127838,1.269471570253372,3.1341403583348333,1.297273069355223,-5.378056485894622,-10.94120580133724,-8.05663345567269,-11.429071593977547
Aurora,Agriculture,10,0.29217941538824926,0.3484549831019508,0.34721479949233247,0.39996807482507496,0.29217941538824926,0.3484549831019508,0.2861072144594041,0.34475551154878403,1.0489926219606276,0.7414448785781861,-18.836160662089064,-14.783284562199107,-21.358281771534603,-16.014990747574508
SpecTF,Agriculture,12,0.5769127902184205,0.5417042427668066,0.6673946151878664,0.5739022195339203,0.577131936837846,0.5418002479004137,0.35703513409712856,0.4115243469449607,0.35785318025578033,0.42091696788415767,-15.68379597463756,-5.943829533743239,-86.92687398274563,-39.45765877387488
CFA,Agriculture,12,0.4061936092383514,0.438950081553423,0.39785873177672665,0.4273834226257873,0.4061936092383514,0.438950081553423,0.3569445286627482,0.39490488916635513,0.37551116732851375,0.4144204809810176,2.051946971113938,2.6350738759865044,-11.462342136818538,-8.224393860505108
TaTS,Agriculture,12,0.6412977168480459,0.638213717914892,0.655587638971808,0.6526074976180539,0.6412977168480459,0.638213717914892,0.5822365379643099,0.6216226329631878,0.8091895099223382,0.7172219355901083,-2.2282820830856087,-2.2553228329512898,-12.598161782144036,-4.984513595839601
MM-TSFlib,Agriculture,12,3.644852734005768,1.4414424290033905,3.26323351856295,1.4140323558540056,3.644852734005768,1.4414424290033905,3.307307289645145,1.3502577518423398,3.444487867309843,1.3908870386129075,10.470085989548627,1.9015725219311164,1.3326179644747804,-4.72314296471541
Aurora,Agriculture,12,0.36281892715025776,0.404313033051563,0.43845508848371945,0.4327468102176984,0.36281892715025776,0.404313033051563,0.3605084609273583,0.40313657237724826,1.0627157999916093,0.7462488257072188,-20.8468069534139,-7.032614544114679,-21.621303243717005,-7.344964428764689
SpecTF,Climate,6,1.0292159764208848,0.8193681230207126,0.9785038458470064,0.7994750781077231,1.030459881807782,0.8202761663024888,1.3313731104746012,0.9354273619936079,1.0572414052259043,0.8341966694260531,4.9272583923765545,2.427851945185644,26.5041603928598,14.53370827170798
CFA,Climate,6,1.134430519579871,0.8615211599460202,1.211715113157913,0.8834666917678498,1.1862549142889274,0.8872724049542997,1.189790874850483,0.8893184540479556,1.2072524518723515,0.8877422128843658,-6.812633497083964,-2.547300384729323,-1.842696794105514,0.6580052683569204
TaTS,Climate,6,1.0473207890200056,0.8123078238258653,1.105006482364426,0.8248686213904979,1.0473207890200056,0.8123078238258653,1.0473236163706618,0.8106895990881091,1.1433486550950163,0.8512762332391258,-5.507929752678509,-1.5463100558939402,-5.5076449238923075,-1.7490075508971303
MM-TSFlib,Climate,6,1.1936666599331465,0.8773746338989982,1.3657909161898767,0.946111545296954,1.2291354969764934,0.8866645007110234,1.2306472092352219,0.9006707553177121,1.1941477400109357,0.8785688413343399,-14.419792563056966,-7.834385534089727,-10.981514924869407,-5.045216546773812
Aurora,Climate,6,1.0332634886050627,0.809226528264199,1.1153017704005557,0.8414689174007809,1.0332634886050627,0.809226528264199,1.0341484382475996,0.8096204519648342,1.1349327105336318,0.8616187951697127,-7.939725220161131,-3.98434653467703,-7.847358188779285,-3.933752582293959
SpecTF,Climate,8,1.0452759793823216,0.8334279311820865,1.0296978103081298,0.8268179153079551,1.0461533167658763,0.8337654939083301,1.220245007209285,0.8612964902802006,1.07353160690252,0.8403140751279945,1.490340291125547,0.7931118728833675,15.615486707619397,4.003101761279526
CFA,Climate,8,1.1484397842622507,0.8636048891310802,1.2237331218046716,0.8904280639304172,1.1438353608892893,0.8632475215152068,1.1439560726701248,0.863904741235867,1.1615048166871749,0.8794871590760759,-6.556141521236913,-3.105954486469531,-6.973786060537979,-3.07016751136322
TaTS,Climate,8,1.056192103340004,0.8213236732762712,1.0436066037879186,0.8138696392036407,1.056192103340004,0.8213236732762712,1.0544076643742872,0.8224037263805614,1.1675973042594807,0.8678113940556574,1.1915919000233144,0.9075635239997659,1.0243723515399816,1.0377004509062204
MM-TSFlib,Climate,8,1.147827742860952,0.8633429327696238,1.221412577890586,0.8922671601783646,1.2296032272738195,0.8850438040554645,1.2470861739956478,0.892289165017681,1.3202855790609833,0.9247054916578117,-6.410790773032216,-3.3502593593893515,2.058686612073002,0.0024661107832613105
Aurora,Climate,8,1.1737208316550922,0.8701138776504314,1.301406560450574,0.9182498706352856,1.1737208316550922,0.8701138776504314,1.043171024732786,0.8105031745078083,1.1448523384243392,0.8674248015116993,-10.878713689986142,-5.532148632640577,-24.754860861279827,-13.293803098662549
SpecTF,Climate,10,1.0548128069621092,0.829002216681838,1.116624755424746,0.8771122614501251,1.054777252132524,0.8288271338347759,1.1707863831524097,0.8549368916576108,1.1226732238917876,0.8515015271989331,-5.859992223706212,-5.803367445849816,4.626089652822108,-2.5938019529744727
CFA,Climate,10,1.129675051065909,0.8655512700147099,1.2092509012800419,0.8933998251364876,1.129675051065909,0.8655512700147099,1.1552558929152394,0.8822354789409372,1.0921057930035716,0.8498655628878623,-7.044136288488345,-3.217435648994482,-4.6738569953145515,-1.2654610318950654
TaTS,Climate,10,1.0455842211293405,0.8261921234842804,1.080504642233961,0.8291527924935023,1.0455842211293405,0.8261921234842804,1.0461115887807404,0.8266423654535578,1.1619446589645592,0.8608195766972171,-3.3397999318412586,-0.3583511540555362,-3.2877040864547125,-0.30368961776681136
MM-TSFlib,Climate,10,1.2924231681985363,0.9134717743802402,1.3120222764463403,0.9198449814981885,1.2502222070548716,0.8986429126312335,1.4645660001922938,0.9787756756279203,1.2405914477230617,0.8979152856917224,-1.5164621565181724,-0.6976906453702192,10.41562645356542,6.020858057381295
Aurora,Climate,10,1.0643724737111904,0.8286163285788563,1.2193921103520757,0.8865878909826279,1.0643724737111904,0.8286163285788563,1.0624884248926927,0.8271560519561172,1.160987237939077,0.8762681714300561,-14.564416167243799,-6.996188755198385,-14.767566571393909,-7.185081809649119
SpecTF,Climate,12,1.1421393812769807,0.856605724262243,0.9720479284610248,0.8061132326891477,1.1421393812769807,0.856605724262243,1.0641783547671138,0.8221174605943926,1.1263081593985549,0.8685202138501953,14.892355136706993,5.894484491868446,8.6574234378457,1.946708186160384
CFA,Climate,12,1.0883965728432088,0.8487354871388313,1.1390649189702748,0.8620293047737725,1.0989479432503955,0.8570417389238366,1.100067812540642,0.8578680623992996,1.116828027737457,0.8532134292084569,-4.655320256540829,-1.5663086834929008,-3.544972953946157,-0.48506787428763687
TaTS,Climate,12,1.04337345943861,0.8206916451533537,1.164355801868276,0.8537998663995302,1.04337345943861,0.8206916451533537,1.0456532050220098,0.8206258935599842,1.1409304660185637,0.8553936386050544,-11.595305720615222,-4.034185243836608,-11.352004304693718,-4.042520849011111
MM-TSFlib,Climate,12,1.2511833092794464,0.8976684123856213,1.2649606243051799,0.8985238500419214,1.222348912145224,0.8924682619372933,1.4426928938960488,0.9712121650174429,1.216266717246754,0.8851447826729616,-1.1011428080564656,-0.09529550605738013,12.31948048977326,7.484287943841405
Aurora,Climate,12,1.135605533139412,0.8547922383127805,1.2372036870042882,0.8939672053093091,1.135605533139412,0.8547922383127805,1.1393444363665874,0.8554892565536482,1.1706371855200317,0.8838027416239914,-8.946606096925702,-4.582981131631891,-8.589083995510393,-4.497771124639249
SpecTF,Economy,6,0.2600013176601718,0.4091366315692789,0.2171875001289439,0.36852601157965037,0.2600994939145991,0.4092043507451247,0.2627352359637482,0.41212791430799267,0.15398558090161274,0.3086953954103124,16.46676944429437,9.925931059720305,17.335982997381027,10.5797014020646
CFA,Economy,6,0.16621647475682935,0.3107797697123596,0.17111693548339113,0.3102289488546959,0.16299183791015834,0.3059508175538059,0.16700506637534296,0.31099904363165426,0.17158745546126114,0.3179805547879215,-2.948240078927822,0.17723832480265322,-2.4621223758606092,0.24761966080850684
TaTS,Economy,6,0.14700269003824054,0.3063987159024814,0.1545714186048314,0.31590679451383114,0.14700269003824054,0.3063987159024814,0.15837452038851527,0.3177833311919925,0.16271074981363087,0.32147399156908446,-5.1487007241989735,-3.103171820855777,2.4013343651203,0.5905082154946673
MM-TSFlib,Economy,6,0.7681216780755188,0.7298149782142559,0.5571320089128701,0.6067189274960932,0.7681216780755188,0.7298149782142559,0.9021551516710545,0.7781338671591714,0.8565175914521214,0.7756360827116021,27.46826123841085,16.866747654228696,38.24432439576507,22.028978161416322
Aurora,Economy,6,0.17751978514306482,0.3172414564382175,0.19434611413235148,0.3348294148213753,0.17751978514306482,0.3172414564382175,0.17784422759953541,0.3175435244156842,0.276509449314873,0.39027200293440356,-9.47856543186223,-5.544029012041518,-9.278842926504494,-5.4436286923183586
SpecTF,Economy,8,0.2626164552857039,0.4083824113204882,0.21542995499333634,0.36622001288773176,0.2632944759146908,0.4090193484897737,0.25942699128992924,0.40316795896400104,0.20794032049325598,0.3618400586502893,17.967838398029066,10.32424444932043,16.959313322730907,9.164405368723349
CFA,Economy,8,0.18631947838766016,0.33339362010940327,0.1933584593639901,0.33878096376920674,0.1896578100307732,0.3356144053788928,0.1936428842028143,0.339532164300417,0.19030338745728353,0.3428347496823831,-3.7779093400446717,-1.615910843775481,0.1468811208814258,0.2212457640818899
TaTS,Economy,8,0.15737055906779013,0.31766545298424637,0.1629753661638852,0.3228179709864901,0.16330371197184,0.3238281429588021,0.15770365697698896,0.3169491494243795,0.17193530537689122,0.3322616248065001,-3.5615347173550305,-1.6219950749568168,-3.342794509619673,-1.8516602971704321
MM-TSFlib,Economy,8,0.6977471621492334,0.6906591087773248,0.5988631291983021,0.6332401999018409,0.6977471621492334,0.6906591087773248,1.0186091656923324,0.837118730142519,0.9900096828286012,0.8452098264129131,14.171900412513905,8.313639557600672,41.20776158623466,24.354792564009166
Aurora,Economy,8,0.20847781291576897,0.354907066597567,0.22022811269623654,0.3590338842628838,0.20847781291576897,0.354907066597567,0.21034426847619778,0.3572853478518399,0.30134888800131915,0.40555489189051963,-5.636235154296743,-1.162788249014013,-4.698889250294558,-0.48939493924307076
SpecTF,Economy,10,0.25246379989391776,0.39744187744458515,0.22273456077027246,0.37120537368456524,0.25246379989391776,0.39744187744458515,0.2817333959364095,0.42937295834223427,0.19822602470059905,0.3472177498340607,11.775644324507983,6.601343554612715,20.941370819756767,13.547100143951363
CFA,Economy,10,0.21150361234711007,0.36102117602030437,0.2241685550653035,0.3766629569530487,0.21150361234711007,0.36102117602030437,0.21197684256784086,0.36158160042762755,0.23586643317586922,0.38637976241111754,-5.988050311598614,-4.332649155146684,-5.7514360294147915,-4.170941360839442
TaTS,Economy,10,0.19469489632200296,0.35436924076080323,0.18460985236554137,0.3433207921981812,0.211155830834138,0.372061017592748,0.21649700684255432,0.37681706817944843,0.18058548881660597,0.3368168587684631,5.179922097075462,3.1177786590342538,14.72868144556041,8.889267182906801
MM-TSFlib,Economy,10,0.8581337828760252,0.7698622268040974,0.6947490412867692,0.6798246639569601,0.8740565260644383,0.7779596264362335,1.0546347372427651,0.8672338848114014,0.9352328334071817,0.8021725076436996,19.03954195133467,11.695282572949084,34.12420274500728,21.60999750317615
Aurora,Economy,10,0.21350933759650587,0.3580471622943878,0.23264130143972467,0.36961588621139524,0.2016109521764194,0.3488032076358795,0.2019251567777363,0.34897723547617593,0.31950637541484384,0.41544849816958107,-8.960715282333354,-3.2310614732635523,-15.211648291945302,-5.914039265930371
SpecTF,Economy,12,0.30388060809660344,0.444474103243928,0.2517245272390432,0.4055857867955073,0.30388060809660344,0.444474103243928,0.2968627820454838,0.4391567922073957,0.22845241864998087,0.37327661572798204,17.1633462181897,8.74928734083722,15.205090545680033,7.6444235880186895
CFA,Economy,12,0.22141127972358737,0.36799029216646606,0.23630043163456874,0.3810316460998091,0.229201957308845,0.3747989714962162,0.23322967148051624,0.3794705117946346,0.23668466176642305,0.3859899857817175,-6.7246582602156435,-3.5439396666050005,-1.3166249965365306,-0.4113980550929819
TaTS,Economy,12,0.2076465273019715,0.3627014887523433,0.18916505020610108,0.3459540609627554,0.22709189175226654,0.38193449752243686,0.24565865489312416,0.40099171198666367,0.20261828458814246,0.3596185334196918,8.900450845967478,4.617413578090734,22.996789879681256,13.72538368716677
MM-TSFlib,Economy,12,0.8375495645384529,0.7554413740901642,0.7596523293820221,0.7111216914163877,0.8375495645384529,0.7554413740901642,0.8148370781613867,0.7517589374900409,0.9899457956350605,0.8279729322551592,9.30061198221236,5.86672694848811,6.77248866778185,5.405621941700101
Aurora,Economy,12,0.22929390727931534,0.37301028611725323,0.2703033880742287,0.40607025157915405,0.22929390727931534,0.37301028611725323,0.22922382388725693,0.3728707618501088,0.3338778963764754,0.42529069703735717,-17.885115780663764,-8.863017104978343,-17.921158233175905,-8.90375248633497
SpecTF,Energy,12,0.08602744624600091,0.21458283172479825,0.07473281173210523,0.19081675270659754,0.08614785209833255,0.2149039030726425,0.11933892259021761,0.24858744743892522,0.09577729990129709,0.21743078956868556,13.12910589208699,11.075480189710907,37.37767183576769,23.239586442320746
CFA,Energy,12,0.10151075571025127,0.2263795476898162,0.0995924064539512,0.2215958424412619,0.10151075571025127,0.2263795476898162,0.10655465841532093,0.22970216422606293,0.10983223824033,0.23965344102473868,1.8897990098465378,2.113134908772274,6.53397239023823,3.5290576438901766
TaTS,Energy,12,0.1912588227202306,0.33914415544978926,0.14875487490289127,0.2911675765819655,0.19025162349607325,0.33298457404729764,0.18710494342532444,0.33321551275942385,0.1838611601559035,0.3366886945189952,22.22326123982955,14.146367583482277,20.496555473286616,12.618841130549718
MM-TSFlib,Energy,12,0.17018829421258908,0.286270110044812,0.13515639449025085,0.2524891995022537,0.17018829421258908,0.286270110044812,0.27708228703212723,0.3750478226402906,0.1333271211084098,0.2584491496857998,20.58420050827847,11.800362439959367,51.221568170981755,32.67813215798435
Aurora,Energy,12,0.1131786474062519,0.2422112482690095,0.1158649025268639,0.24235017780961138,0.1131786474062519,0.2422112482690095,0.11303359038157612,0.23652471644839954,0.2606396293829479,0.39671037994479935,-2.3734645908691343,-0.05735883101827266,-2.5048413800976332,-2.4629397927986574
SpecTF,Energy,24,0.2500040559568666,0.3806235818290089,0.21754037183116615,0.349551304990004,0.2500040559568666,0.3806235818290089,0.2271422754256994,0.3503450118326987,0.2114401345279641,0.3374395836808171,12.985262979613987,8.163518584343477,4.227263980929052,0.22655006233506247
CFA,Energy,24,0.22403029772631322,0.3479403009201347,0.2738822990302427,0.3785636332935717,0.22403029772631322,0.3479403009201347,0.20780118679942133,0.3327153639912984,0.22252381884649639,0.3491063232834801,-22.25234792341846,-8.801318011294734,-31.800161129303707,-13.780027694624986
TaTS,Energy,24,0.28362904710079995,0.3985561783720186,0.2388343607669653,0.36426410847832136,0.2898032550649072,0.39817058196176197,0.2779338715243613,0.3938119780085638,0.2679513517190791,0.3922856409649374,15.793405785379555,8.604074344994473,14.067918581837501,7.503039821099577
MM-TSFlib,Energy,24,0.2426610204859734,0.364129979669872,0.3354748016676023,0.4173276705610881,0.2426610204859734,0.364129979669872,0.20468871461485513,0.32751299188285155,0.19196059548900862,0.32605822162112613,-38.24832723267717,-14.609533370321849,-63.895113757901065,-27.423241490939844
Aurora,Energy,24,0.2682098390256761,0.37523690384970154,0.3202603635162848,0.4179500700152929,0.2682098390256761,0.37523690384970154,0.2313671948353324,0.3525632649626798,0.3169472024030514,0.4405978372586386,-19.406642455657952,-11.382986515286841,-38.42081793152179,-18.546119675722462
SpecTF,Energy,36,0.3299663420941352,0.43630862947151416,0.3456494313458954,0.43761526130962697,0.3309232586274982,0.43734607206009285,0.33852769443282993,0.44230619131161586,0.30615976416374785,0.40837087819876555,-4.752936057728574,-0.29947421385991824,-2.103738344065831,1.060561686482031
CFA,Energy,36,0.3118191043131185,0.4157451339127719,0.3516186915647371,0.43315316384059227,0.3118191043131185,0.4157451339127719,0.3144605549008305,0.41891737304173676,0.3763866597826456,0.45662996356005375,-12.763678267657763,-4.187187896581079,-11.816469851242516,-3.3982335694244803
TaTS,Energy,36,0.362842249281711,0.4565853333681758,0.3763853086935263,0.46207092619345835,0.362842249281711,0.4565853333681758,0.3650676136197439,0.46209140915650493,0.3669344975156553,0.4573445645811705,-3.732492409201349,-1.2014386850352832,-3.100164093320812,0.004432664758680094
MM-TSFlib,Energy,36,0.4068996281013987,0.49624152858990334,0.4399780876022692,0.49691997994907583,0.4068996281013987,0.49624152858990334,0.5172326213166516,0.5493969429109213,0.33496724056529875,0.44573690237898556,-8.129390448257535,-0.13671797302019506,14.936129418466615,9.551739164000782
Aurora,Energy,36,0.3552136782609534,0.44616389516054483,0.5193629023968699,0.5355004062395519,0.3552136782609534,0.44616389516054483,0.4034040748740638,0.4842025688029507,0.3960474992539366,0.4908856648867456,-46.21140293345525,-20.02324976270451,-28.745080861914076,-10.59429270757899
SpecTF,Energy,48,0.4003250655840117,0.4839393120410512,0.4420778453970696,0.5061996862863726,0.40148810551771263,0.4849877492349435,0.5412955295943875,0.5756083239143419,0.3815823420985617,0.47182108019779095,-10.42971909644157,-4.599827641907539,18.329669981140494,12.058310268337646
CFA,Energy,48,0.3896846235521356,0.47655890008145335,0.38456236648823755,0.4675362900575286,0.3765172773892544,0.46581465275147654,0.3756979673233246,0.4655090585815791,0.3953827732857235,0.4816293025588268,1.3144621969444437,1.893283290351433,-2.359448263206665,-0.4354870090233165
TaTS,Energy,48,0.4287211658005246,0.5084181315923679,0.40625972885137346,0.49940866733740347,0.4287211658005246,0.5084181315923679,0.41864531886756445,0.5008958117744255,0.40905897884304054,0.4906507633676219,5.239171457096193,1.772058015859268,2.958492417804648,0.2968969598196258
MM-TSFlib,Energy,48,0.43449903258222555,0.5257013399132511,0.4467760392040093,0.512971569548495,0.43449903258222555,0.5257013399132511,0.4259006529116896,0.5214168054291061,0.47098583846107467,0.5479251636393152,-2.8255544204141447,2.421483340114128,-4.901468487921812,1.619670826232955
Aurora,Energy,48,0.49582096134511683,0.5267279735352756,0.6366808904452348,0.6030667885652781,0.49582096134511683,0.5267279735352756,0.7040908837680852,0.6314916263259502,0.4675554391113816,0.536317047074805,-28.40943406627623,-14.493024647548935,9.574047168753575,4.501221643436393
SpecTF,Environment,48,0.278897019880534,0.3712113240536925,0.3142119540556915,0.40384853785413305,0.2786701842638501,0.371570934979031,0.35183248380233706,0.43396091498895756,0.30443698331933344,0.40447161256809344,-12.662356231086559,-8.792084639023523,10.692739152471532,6.938960651696191
CFA,Environment,48,0.317355597303369,0.3985603556363005,0.4041778625759756,0.45489188313734497,0.3210403406654179,0.40234817731436023,0.3596265421726208,0.4193570871296389,0.31664634101683053,0.39642162561096983,-27.35803811571371,-14.133750811997192,-12.388218103760028,-8.473636692521413
TaTS,Environment,48,0.2974591927084519,0.4175066332224699,0.321148178253185,0.4280390786098695,0.2974591927084519,0.4175066332224699,0.29686694561975724,0.42379802389364285,0.3035071647381012,0.4307871740492354,-7.963776586979221,-2.5227013295827883,-8.179163423781244,-1.0007254581467784
MM-TSFlib,Environment,48,0.28059289823104205,0.3971964706066051,0.4560379049225335,0.5409376701968458,0.2873347861176563,0.40213851530054257,0.34017157200574377,0.46503249680608777,0.29596647508290747,0.4276555868102547,-62.52653142597673,-36.18894180270955,-34.061145154961196,-16.322552490865917
Aurora,Environment,48,0.3152364831182798,0.3876509978832904,0.4324837506696914,0.4722646507929241,0.3152364831182798,0.3876509978832904,0.36548169054887725,0.4283379844124011,0.39488863757207215,0.4438528716551231,-37.19343217879363,-21.82727591871394,-18.33253535086561,-10.255141495513676
SpecTF,Environment,96,0.300123696423989,0.3952018421315867,0.3133076375375479,0.4100827839208598,0.300123696423989,0.3952018421315867,0.3178452591296013,0.4197406711344806,0.3294876408245237,0.41301379467768784,-4.392835777596771,-3.765402941699425,1.427619717997175,2.3009176564942724
CFA,Environment,96,0.3602239804507072,0.41215215809659034,0.46410475219283404,0.48796853058837947,0.3602239804507072,0.41215215809659034,0.40248430728313334,0.45019615766109505,0.35261779682305505,0.4128519849329427,-28.83782795697074,-18.395238506556865,-15.31002421576475,-8.39020331126843
TaTS,Environment,96,0.2903972587010364,0.41364851173846195,0.3124476665572412,0.4280210157702294,0.2903972587010364,0.41364851173846195,0.28270096830196356,0.40443435745444656,0.29697008480248327,0.42227596902034753,-7.593187330637208,-3.47456925962657,-10.522319196128137,-5.832011519555302
MM-TSFlib,Environment,96,0.33293346732102336,0.4592074108013764,0.4332194238205442,0.5129748654887021,0.33293346732102336,0.4592074108013764,0.3293862928701987,0.43415063144898713,0.3455599921922928,0.46330808294714176,-30.12192114733314,-11.708751518947501,-31.52320943460236,-18.155964388819925
Aurora,Environment,96,0.3503139613832111,0.4115474001659806,0.5626096488493153,0.5370839945939782,0.3503139613832111,0.4115474001659806,0.4103963771513007,0.4545182656530642,0.43624974417127504,0.4676209816556689,-60.60154914404692,-30.503556668652877,-37.08933123498266,-18.16554694942376
SpecTF,Environment,192,0.30346040158830967,0.39800037149978706,0.3360495969535184,0.4274245487053052,0.30346040158830967,0.39800037149978706,0.37713608473240207,0.4515769733442643,0.3021611736934637,0.4118383073853191,-10.73919206414975,-7.39300244736929,10.894340118113256,5.348462402786469
CFA,Environment,192,0.3531045057075992,0.40974639125988976,0.5043318538191149,0.500920633783804,0.3531045057075992,0.40974639125988976,0.4220426472447837,0.46900545439601177,0.35717743889884385,0.41298422695429216,-42.827929314712556,-22.25138389713972,-19.4978415360483,-6.804863160683894
TaTS,Environment,192,0.2847486807766606,0.4156176641170361,0.281697174153965,0.4070955033597793,0.28731663876367236,0.419174266915687,0.27761892567892593,0.40250594448621363,0.2819047584851864,0.4112357700426708,1.071649081699877,2.050480884964745,-1.4690095299034756,-1.1402462339839659
MM-TSFlib,Environment,192,0.37206498122304876,0.4693100351690509,0.48231967233198525,0.5381291727092895,0.37206498122304876,0.4693100351690509,0.39663010562083895,0.4946169682926191,0.424233536785341,0.5187985242389241,-29.633181479887803,-14.663896440111102,-21.604403068954568,-8.797151575060447
Aurora,Environment,192,0.3503759289369044,0.40997789162015874,0.5867209163261055,0.5467904929007728,0.3503759289369044,0.40997789162015874,0.40211990672024367,0.4533129079521751,0.4248413094029132,0.46477970030512444,-67.45468734290876,-33.370726587220425,-45.90695623887364,-20.62098460219881
SpecTF,Environment,336,0.3086486323576277,0.41429698788147934,0.29839100561019904,0.3993877110059662,0.3086486323576277,0.41429698788147934,0.327048190827326,0.41783407311860893,0.3039387794760956,0.4100298751343203,3.323399384301573,3.598693041856804,8.762373870539864,4.414757747007969
CFA,Environment,336,0.35027233524372625,0.4136953818869641,0.4927821994938417,0.5031344516342324,0.35027233524372625,0.4136953818869641,0.39168921454670924,0.4614773640019086,0.34801837631476107,0.4114714629534046,-40.68544669705483,-21.61954753744537,-25.80948905221312,-9.02689728290802
TaTS,Environment,336,0.2991550510043567,0.42818850656865504,0.2946037447765486,0.41064592205395967,0.30071693494653934,0.4292424447528937,0.268755269510818,0.4015764995959099,0.3033101027995199,0.4324199708525749,1.5213870574900645,4.0969302644938255,-9.61784872638194,-2.2584544830626108
MM-TSFlib,Environment,336,0.43098258437779163,0.5077705441264414,0.4435586308784451,0.5291110783186638,0.40223848401110657,0.4949104435939454,0.4506744656272017,0.5296654962279778,0.4371093961378358,0.5207986573842119,-2.917994127027068,-4.202790894248554,1.5789300906705495,0.10467321606981717
Aurora,Environment,336,0.34625439106718414,0.4211828494011583,0.5414262625671896,0.5246778197449165,0.34625439106718414,0.4211828494011583,0.39820598466642876,0.45549486739407363,0.4190524482224486,0.46566729071656165,-56.366612679905636,-24.572455998839526,-35.96638006853019,-15.188525119205964
SpecTF,Health,12,1.5405704656872239,0.8608994496412247,1.492231009040212,0.7955653367687087,1.5405704656872239,0.8608994496412247,1.315029552676908,0.7635016389976039,1.4038450804546994,0.7974180852255333,3.137763427487783,7.589052693638454,-13.475093088409174,-4.199558472880427
CFA,Health,12,1.146073791226857,0.7008662100783227,1.3442178902973054,0.7283478161658353,1.146073791226857,0.7008662100783227,1.2200983804810617,0.7161150757498664,1.2511063849645137,0.7273466204651196,-17.28894776123775,-3.921091599556714,-10.172909972006172,-1.7082087544602498
TaTS,Health,12,2.1665269735860875,0.8676079366725149,2.0922569498055745,0.8659085974003534,2.1665269735860875,0.8676079366725149,1.9591997715799696,0.7896019509677196,1.1624856639502126,0.6905360692734764,3.4280682717547473,0.1958648832419474,-6.791404335368156,-9.663938436210051
MM-TSFlib,Health,12,1.1335678729922878,0.7139445898749824,1.1650597020036138,0.7194743653466491,1.1335678729922878,0.7139445898749824,1.2175027261411469,0.758036488489652,1.1136970518834708,0.7451287619688394,-2.778115873043996,-0.7745384656020704,4.307425602548776,5.0871064557638785
Aurora,Health,12,2.1004850520339,0.8148360661576567,2.726671242076447,0.8927179803193178,2.1004850520339,0.8148360661576567,1.3583875500740796,0.7142134731266436,2.9515839192135953,1.2123253232125963,-29.81150422547454,-9.557985636167498,-100.72852124769165,-24.99315875563466
SpecTF,Health,24,1.9665535390195157,0.9893394315809169,2.5450440098142737,1.0621151929293,1.9630127829199033,0.9884856160531037,2.030375674426106,0.9720353782930546,1.8081685181614635,0.91779143712086,-29.416461810807437,-7.355995225227296,-25.34842895680578,-9.26713334183682
CFA,Health,24,2.7120568905270175,0.9784828736289584,2.9310020050163827,0.9957043968864419,2.1180899199227663,0.9265463735562551,1.5499080553498346,0.833566060385603,2.2477706654605583,0.9273627421712928,-8.073028086325241,-1.7600229622428687,-89.1081212785114,-19.45116820445336
TaTS,Health,24,1.9575914012772844,0.8352677871315766,1.9680777981068358,0.8249053577547377,1.9173403363630466,0.8346672671924042,1.517541986985908,0.8184464909855647,1.9588399705676387,0.8594140174078031,-0.5356785293759048,1.2406116381459942,-29.68852361151255,-0.7891617644295135
MM-TSFlib,Health,24,1.2278147295418451,0.7541743694492175,1.3371219476860432,0.796477072715774,1.2065210936229782,0.7535528577496058,1.9640024324004075,0.9741783170072468,1.2781150498056244,0.7995671803353506,-8.902582410376002,-5.609140933475465,31.918518753980862,18.241141399798877
Aurora,Health,24,3.4477329355691624,1.007695119130299,3.9612701771533194,1.0320778762653582,3.4477329355691624,1.007695119130299,2.2913889497069517,0.9035275465825987,3.68080986261969,1.3722074656193801,-14.894925192324404,-2.419656171015583,-72.87637603646166,-14.227604921285897
SpecTF,Health,36,1.9955959688229312,0.9634686751725258,2.5770781180551676,1.023617055598576,1.9955959688229312,0.9634686751725258,2.4060498592071387,1.1173660613637446,1.9760118218181606,0.9709013853879775,-29.13827038722743,-6.242899429530446,-7.108259132434913,8.39017838529551
CFA,Health,36,2.7267051082243503,1.0068587710850763,2.732780537861578,0.9740641636413481,2.7267051082243503,1.0068587710850763,2.006224554196023,0.9486124721642776,3.2615469383600995,1.0605147466558817,-0.2228121265810179,3.2571208977388078,-36.21508779493112,-2.683044153847347
TaTS,Health,36,2.4843831824510945,0.9489114275216916,2.3935488795958304,0.9173602204702062,2.3376490680521447,0.9239058942741634,1.943738908356002,0.9002572771961728,2.6637995198269984,0.9724688034767643,3.656211469184345,3.3249896814804836,-23.141481055203748,-1.899783951461087
MM-TSFlib,Health,36,1.3772395771028718,0.7941714569578143,1.6417998655091686,0.8581222416841631,1.3772395771028718,0.7941714569578143,1.5558833260015847,0.8308332288605983,1.3416884662270774,0.7957999698718254,-19.20946019884351,-8.052516136921017,-5.522042563974128,-3.284535557272883
Aurora,Health,36,2.8711454563042835,0.992546550976778,3.1455566370588675,1.0229833530513943,2.978412810410785,1.010853187557272,2.147598632828122,0.9234920322859411,3.2140425584838486,1.2744120766422784,-9.557550633739197,-3.066536480799109,-46.46855278151105,-10.773381608846154
SpecTF,Health,48,1.944809651528509,0.9249600350373497,2.1205315812616727,0.9463962146343717,1.9464669003501482,0.92505172929268,2.19164561306922,1.0218286587502985,1.8182009804632495,0.9114058267188971,-9.035430773137954,-2.317524950811145,3.2447778684418838,7.382103004253282
CFA,Health,48,2.4267461045935157,0.9790404752366078,2.951441932051079,1.0603015107961657,2.4267461045935157,0.9790404752366078,1.9307700449018101,0.9397006262034643,2.486236831301244,1.0196322224856413,-21.621373017324807,-8.30006905893439,-52.863461904453544,-12.833968737463518
TaTS,Health,48,2.6568361174401565,1.0177494496615636,2.971572537867535,1.011716743727405,2.6568361174401565,1.0177494496615636,2.336929255298623,0.9264984978760713,2.4391529485784003,0.9848521591679822,-11.846286579791943,0.5927496139805921,-27.157145691507644,-9.197882786285172
MM-TSFlib,Health,48,1.570994483573793,0.8504479186033411,1.7072261851418749,0.9069047715076689,1.5437496292575532,0.8722945886002034,1.724311742897858,0.8694281920355724,1.5206820696563101,0.8628716780061357,-8.671685546480967,-6.638484458524485,0.9908624601297045,-4.310485882031667
Aurora,Health,48,2.9672372606274413,1.0356599672652707,3.555528656385201,1.0965338149510446,2.9672372606274413,1.0356599672652707,2.1080168776161443,0.9406907591875193,3.04441356828496,1.2394286782701736,-19.82623376849082,-5.87778321165735,-68.66699190786265,-16.566874314586432
SpecTF,Security,6,67.30650235066241,3.8065156450978033,66.17545845825158,3.7091139439999323,67.30650235066241,3.8065156450978033,68.16370538663129,4.1633404519087005,67.14183396997961,3.8526697901370763,1.6804377777917545,2.558815204747922,2.916870374200131,10.910145666817284
CFA,Security,6,79.46881046770625,4.963947921163506,83.15819387181816,5.229151998589068,79.46881046770625,4.963947921163506,79.54950593734921,4.9694759527934185,73.16995799985796,4.528802161625253,-4.642555214301547,-5.342603944229163,-4.536405213265615,-5.225421116077267
TaTS,Security,6,81.85941712898746,5.09834268072873,85.73292881325982,5.452236305416366,81.85941712898746,5.09834268072873,78.54347563609412,4.798294455272916,72.6991374139132,4.382157450728693,-4.73190723819692,-6.94134637174002,-9.153469615319443,-13.628631094634546
MM-TSFlib,Security,6,91.52760211851981,5.992889486299253,92.89248781254788,6.077140305950134,91.52760211851981,5.992889486299253,89.26818905805095,5.737449005085193,93.2256797838897,6.123006931733179,-1.4912285064134778,-1.4058463758340967,-4.060011514448969,-5.920598171136104
Aurora,Security,6,75.83662919492656,4.992204679015242,76.36833501983345,4.920393406241028,75.83662919492656,4.992204679015242,76.17938402312257,5.01284654861615,77.16228360015839,4.235003895715546,-0.7011200663207484,1.4384681196280558,-0.24803429318034365,1.8443242073836297
SpecTF,Security,8,71.42497542018769,4.075383432066212,69.87417133179306,3.9546708670229864,71.42497542018769,4.075383432066212,77.19605909134138,4.905025050975382,70.6990198622295,4.002957388563887,2.1712350326638097,2.961992829764837,9.484794749541258,19.375113767531417
CFA,Security,8,77.9822489594788,4.723807000555098,80.93915606288303,4.893952308724133,79.63485797336526,4.924521141255704,79.7229836553627,4.933558174767173,91.43265867362122,5.660050303552103,-3.79176946402342,-3.601868326733948,-1.5254978574030353,0.8027850212774412
TaTS,Security,8,78.48885319602073,4.589826995793444,79.85602586613666,4.695499978171518,78.48885319602073,4.589826995793444,78.68041326468835,4.604578952161739,72.97911949508219,4.433972100317567,-1.741868576804806,-2.3023304031921654,-1.4941617013289443,-1.974578500105717
MM-TSFlib,Security,8,97.19736082045793,6.324144635439063,95.21213552350198,6.163716576635265,97.19736082045793,6.324144635439063,91.0368227704809,5.75283402385405,96.53889005739344,6.252864701323023,2.0424683141582745,2.5367550562457986,-4.586399904956862,-7.142263292796125
Aurora,Security,8,78.26246954948748,4.998235227683415,86.52933072614094,5.316427182692748,78.26246954948748,4.998235227683415,78.80015395936815,5.043323749246506,81.18467338330083,4.406378367935899,-10.562995551049026,-6.366086038667862,-9.808580793837285,-5.415147768117112
SpecTF,Security,10,73.79134071627233,4.074792823553086,71.18163914423505,3.852383550643921,73.83403745478157,4.07899973487854,74.7902004233749,4.140527587771416,73.9949897801101,4.140486573921517,3.5365959565250127,5.458173765880725,4.824911898500583,6.959114050549897
CFA,Security,10,95.20651549825385,5.553900872707367,100.21058478301569,5.799151136040687,95.01635369225464,5.539291144371033,85.62009686657282,5.124106008887291,81.72534727849892,4.891687168585136,-5.256015576847384,-4.415819960678702,-17.04096170222762,-13.173910258347355
TaTS,Security,10,77.38151499860786,4.5069596799016,80.47294482183612,4.572371131777763,77.38151499860786,4.5069596799016,77.53714658241103,4.525402151882648,83.39170242577858,4.783439267786219,-3.995049493776248,-1.4513431785924347,-3.7863119405674217,-1.0378962646573786
MM-TSFlib,Security,10,97.16247133646425,6.166114194989205,98.88666873172548,6.3343611067980525,97.16247133646425,6.166114194989205,95.15647624907028,5.979585912674666,97.48980175008192,6.213066877869424,-1.774550782359685,-2.7285727524406056,-3.920061597164959,-5.933106394062926
Aurora,Security,10,84.05262415076655,5.149530700266361,89.26016631012989,5.449157438695431,84.05262415076655,5.149530700266361,84.48524777843366,5.17368199723959,84.90057875764339,4.551266480373219,-6.195573561180545,-5.818525140816644,-5.651777863300667,-5.324553028246037
SpecTF,Security,12,79.08985885470628,4.398003680217597,78.67311174782195,4.342906364343232,79.08985885470628,4.398003680217597,82.89706134270634,4.731787868051065,78.07562570941445,4.343691432009412,0.5269286263994033,1.2527801220857282,5.095415357876288,8.21848980875819
CFA,Security,12,84.92981338902356,4.978246638758315,88.40047765496318,5.048505402480562,84.92981338902356,4.978246638758315,84.69012285189413,4.9515844425186515,101.22611710260571,5.842459637763871,-4.08650876229073,-1.4113154453868404,-4.381095077117436,-1.9573726569148686
TaTS,Security,12,80.11431795138935,4.506232638118996,83.43810355099541,4.65653867336611,80.11431795138935,4.506232638118996,80.09499856267591,4.499493715560271,80.98327342565297,4.631983135304633,-4.1488034655962736,-3.335514326882505,-4.173924774720428,-3.490280634524323
MM-TSFlib,Security,12,103.57875454144161,6.522895976099083,100.03321230573412,6.243902603597639,103.57875454144161,6.522895976099083,98.34000143377926,6.02984169498086,96.64963786673496,5.996091651229411,3.4230400349995693,4.277139686478515,-1.7217926045029142,-3.5500253480113653
Aurora,Security,12,89.30154223497983,5.317690279231304,107.10693912735148,6.323609044671887,89.30154223497983,5.317690279231304,90.19798603456108,5.367598263753785,89.22429087175277,4.707309610690572,-19.938509959346696,-18.916460203958962,-18.74648629772222,-17.810773719297003
SpecTF,SocialGood,6,1.0748719891089311,0.44909879239006884,1.0101510893182941,0.42172973715702006,1.0763174467809995,0.45030630726245213,0.997054956833131,0.49881176807539024,0.9929525026766165,0.41201256257147656,6.0212658294585,6.094217062440266,-1.3134815082570084,15.453129988448877
CFA,SocialGood,6,0.8845457456184029,0.3710232722162052,0.9052784168685029,0.3862493563953048,0.8845457456184029,0.3710232722162052,0.9766396885295776,0.39914280804401703,0.9942550612647435,0.4034629328022056,-2.343877787304871,-4.103808391357977,7.306816679600214,3.2302853487191974
TaTS,SocialGood,6,1.394755474764555,0.7253940130722115,1.1028343941725758,0.5970104257441583,1.394755474764555,0.7253940130722115,1.2788137459019278,0.6826439038249225,1.064878293277627,0.6525321386822702,20.92991107572154,17.69846249272433,13.7611401420491,12.544384795784625
MM-TSFlib,SocialGood,6,0.7214682008512361,0.3736638434604528,0.725634859337081,0.3561039339600271,0.728324193708752,0.37343031770562274,0.7039476626594375,0.39058188827051593,0.7169099234673274,0.4204102437799664,-0.5775248972759828,4.699386844016162,-3.0807967449897777,8.827330540890188
Aurora,SocialGood,6,1.0025712947460266,0.4083132114627458,0.9449759462585537,0.38367001982208393,1.0025712947460266,0.4083132114627458,1.1859022658506202,0.4349370464567734,1.6768303961171411,0.8500577690591676,5.744763368879713,6.035364751578776,20.3158663685709,11.78722922140979
SpecTF,SocialGood,8,1.4012766258064053,0.798105580067774,0.8731684317048652,0.47058058946191916,1.4022225294465902,0.798521778600737,0.9408524520457815,0.4768502435576149,1.0952617932062743,0.446760548192314,37.68764741919711,41.03780236419872,7.193903804336665,1.3148056817419262
CFA,SocialGood,8,0.8858080358823393,0.4034490479123697,0.9196505299810624,0.40735015114742107,0.9151378258409288,0.4227997883065054,0.9917119390438445,0.4336614863979712,0.8982351742735893,0.40577075217594527,-3.8205223623889673,-0.9669382677286009,7.266364982180185,6.067252010109147
TaTS,SocialGood,8,1.5772674402278384,0.745397078784248,1.19646466812205,0.5889750943241412,1.5772674402278384,0.745397078784248,1.4512283603619993,0.765543955519839,1.1622191062566747,0.6840515832269662,24.143196162775084,20.985054665794102,17.55503814550593,23.064496809435266
MM-TSFlib,SocialGood,8,0.7886609844869289,0.40622169671754477,0.7567793139292077,0.386920524724318,0.858990991030245,0.46337656189867277,0.7999509502948733,0.4238482874910734,0.845313280627705,0.47276163831566276,4.04250637280632,4.751388748850438,5.396785434125917,8.712495450989199
Aurora,SocialGood,8,1.0241007246024625,0.41198799765685146,1.0282864309265056,0.42666797229355713,1.0241007246024625,0.41198799765685146,1.1548808096579437,0.44716056287751604,1.787518923563987,0.8869289833702908,-0.40872017990885023,-3.56320444289564,10.961683463156103,4.5828260104351255
SpecTF,SocialGood,10,1.2414984245560958,0.507083763440068,1.2605688029154212,0.49756762757456513,1.238488045169726,0.5061585472577069,0.94736966650994,0.49720925540172844,1.3973327760600354,0.5299950604018419,-1.5360775319665843,1.876639827894544,-33.05986538066923,-0.07207673005746873
CFA,SocialGood,10,1.167847133775167,0.4981981867119758,1.091236869670443,0.48148319066981593,1.167847133775167,0.4981981867119758,0.9942571919036646,0.48628699339088605,0.9862629560847868,0.448480175912777,6.559956512208465,3.3550896988357226,-9.753983029390545,0.9878534253143667
TaTS,SocialGood,10,1.4736491233236524,0.759647440830984,1.2026142514328377,0.6230954019683441,1.4736491233236524,0.759647440830984,1.54140059180321,0.787189254208782,1.2931527146674995,0.7389791462934141,18.39208992161754,17.975712353254902,21.979123543351086,20.845540175135092
MM-TSFlib,SocialGood,10,0.8969623682821259,0.4839797730287592,0.8533101572380644,0.442884440191046,0.8969623682821259,0.4839797730287592,0.8364595459410885,0.4410905657347137,0.8738624749434614,0.4942628199982694,4.86667139978959,8.491126102344616,-2.014515989295984,-0.40669073330650285
Aurora,SocialGood,10,1.243938380793965,0.5265078611815205,1.2428314806509866,0.5224487279778754,1.243938380793965,0.5265078611815205,1.2201411605300077,0.4762456709155317,1.8458122988986667,0.9116577562991083,0.08898351880355371,0.7709539596495452,-1.8596471338711895,-9.70151749065209
SpecTF,SocialGood,12,1.4452631033808443,0.8389920232354657,1.1168263233201485,0.589042860646537,1.462218831324665,0.847177350520437,0.9621610907920779,0.4724379777118281,1.302310829209715,0.5596722319171236,22.725051189115476,29.79160178722936,-16.074775212614956,-24.681521900390923
CFA,SocialGood,12,1.222150793538783,0.5172947263670434,1.1483757072136989,0.5117754360657193,1.222150793538783,0.5172947263670434,1.3688130882667333,0.5549279570713371,1.1426291047109751,0.4946390308919335,6.036496209397013,1.0669527485977048,16.104271864624298,7.776238420813697
TaTS,SocialGood,12,1.7401217169626637,0.7967434775394698,1.8046333291298846,0.7752523526787282,1.7486812390946433,0.806309667005094,1.366750692121357,0.7206587504312961,1.322838435281429,0.7108686566817576,-3.7073045832577867,2.6973706677977827,-32.03822317652405,-7.575513683107182
MM-TSFlib,SocialGood,12,0.9508277643204679,0.5224450198439008,0.9080824700658416,0.4779672210993331,0.9508277643204679,0.5224450198439008,0.9649208248489766,0.5005686925779916,0.9595029697920977,0.5390425408569243,4.495587514230326,8.513393190704932,5.890468245623248,4.5151588211116644
Aurora,SocialGood,12,1.5075102307920043,0.5759410437664942,1.6941079775027632,0.585073661497848,1.4178615421863279,0.54283773617265,1.6457024997441487,0.6013410033633981,1.8754868897925865,0.9264776484421877,-12.37787597718163,-1.5856862139272065,-2.941326136779887,2.7051775572535797
SpecTF,Traffic,6,0.18389140122231193,0.255549218149075,0.16441312369885974,0.227543006758682,0.18400796094582486,0.2560534135933363,0.28326611242738947,0.3701756176578723,0.16757848338838088,0.23199237465071598,10.592272066002861,10.95922405603117,41.95806823133342,38.531065822659286
CFA,Traffic,6,0.14738682083910956,0.20389029511524112,0.1482570794135163,0.20690401702529132,0.14804000013420884,0.2039488120244281,0.14916404872429945,0.21376916244871938,0.15811983108467015,0.2111115239240942,-0.5904588819082512,-1.4781095433437974,0.6080347902459482,3.2114760355460126
TaTS,Traffic,6,0.24554872123234098,0.28074861939984186,0.2695116883976206,0.2915254870657087,0.24554872123234098,0.28074861939984186,0.2574547530083496,0.28576820774046896,0.24723389000952123,0.2870771830821588,-9.758946023019831,-3.8386182232719834,-4.683127908258111,-2.01466754148818
MM-TSFlib,Traffic,6,0.14369751509816434,0.2778783732219891,0.13682109036894252,0.2649265696900119,0.14369751509816434,0.2778783732219891,0.14678206506639993,0.2853022512823048,0.15184177843025573,0.2889693409401198,4.7853470009723615,4.660961334198688,6.786234198947505,7.141787876090511
Aurora,Traffic,6,0.16290027324864406,0.20892507900105844,0.16311705599294463,0.2098995719854981,0.16399918649639963,0.20892426165023653,0.15573052715313915,0.19815892057351941,0.15602859012632012,0.23506494097583758,-0.13307696787572265,-0.46643178937590957,-4.74314765051933,-5.924866454660949
SpecTF,Traffic,8,0.1811684220815044,0.2397707493392506,0.17947313814072882,0.23274532547502808,0.18116742003189368,0.24011860242245173,0.18411872395874276,0.27761716214996396,0.18590940564234654,0.23040441761876343,0.935750237981825,2.9300587680452628,2.5231468685688485,16.163207032098725
CFA,Traffic,8,0.1519787740848727,0.20655915825957,0.15368702222548805,0.21103886198816876,0.1519787740848727,0.20655915825957,0.153667451797965,0.21261986800365978,0.15928932672901436,0.20568800303671095,-1.124004421605207,-2.168726754283834,-0.012735571062094664,0.7435833867904584
TaTS,Traffic,8,0.23326783866988923,0.27889175404502886,0.2691067171934577,0.30208409178738643,0.2287212712306481,0.2783727858102683,0.22990541957182317,0.277967720998056,0.23876363465916217,0.2842959060963958,-15.363831862945364,-8.315892243487788,-17.051054165944922,-8.67596090033025
MM-TSFlib,Traffic,8,0.15180562922424676,0.29316589811986143,0.14205873652906584,0.2745433893769678,0.15003715753877186,0.2904500214364191,0.1644002267900764,0.3176603373328243,0.15819917205889875,0.29109538162145954,6.4206398306764,6.3522083783700385,13.589695523679868,13.573286585879707
Aurora,Traffic,8,0.16208573995727005,0.20494978370690586,0.16279710407497933,0.20736185068057644,0.16498259207934962,0.20749934371372666,0.16027144632047952,0.20661381048837094,0.16190882453397848,0.2416489091936988,-0.43888137099341584,-1.1769063280008263,-1.5758625834382922,-0.3620475274316748
SpecTF,Traffic,10,0.21219327526358348,0.2995170178487129,0.20115944545716702,0.3133206035212143,0.21268835287989166,0.2999217320348799,0.2771149704985654,0.4123330052673202,0.19986794571428487,0.23956109915389534,5.199896081867061,-4.608614819834278,27.409390732209328,24.01272769370354
CFA,Traffic,10,0.16668008217883232,0.2156252291399179,0.1682657419386191,0.2171018046202119,0.1676832824671958,0.21631550100660815,0.1746374454878802,0.22816082770676957,0.1732082597712524,0.21992391489215732,-0.9513192812597104,-0.6847879008331725,3.6485322672125897,4.8470297016850905
TaTS,Traffic,10,0.24797369105621325,0.2889689732458174,0.297942625839788,0.3279719840005501,0.24797369105621325,0.2889689732458174,0.22575999311345182,0.2795432605079769,0.24555718831519832,0.29089475784105123,-20.15090172297642,-13.497300529061995,-31.973172806601745,-17.32423217950958
MM-TSFlib,Traffic,10,0.16079200358983736,0.30722722666165264,0.15025145105383642,0.2868197453390692,0.16172856493215565,0.3060506746019285,0.16227250034597204,0.30985154856726066,0.1666901516930486,0.3120483236214549,6.555395977830303,6.642471614359257,7.407939895241789,7.433173509924185
Aurora,Traffic,10,0.18149681330319822,0.2238412403568779,0.18853634165774355,0.2311763410101232,0.18149681330319822,0.2238412403568779,0.16352782113446837,0.2149871915348412,0.16721218643952346,0.248815129804857,-3.8785961177100647,-3.2769210184641073,-15.29312893046546,-7.530285576412288
SpecTF,Traffic,12,0.2778663454852204,0.3935403116439518,0.18433203698581288,0.2820508555362099,0.2777664031897794,0.3938850299831022,0.21285957157988314,0.34944989310021984,0.18894771280705278,0.2395439922286753,33.6616182632965,28.32986934477246,13.402044541541457,19.287182195440067
CFA,Traffic,12,0.17234725902741577,0.22148415854102688,0.17463849435253678,0.22572763827547693,0.17294160712493833,0.22108494560969502,0.17550619553869873,0.23381655843634355,0.17699060160295385,0.2268597012549116,-1.3294295122828315,-1.9159292305160447,0.49439917690575763,3.459515534298152
TaTS,Traffic,12,0.2492479021720748,0.3001156464741941,0.2956098438672576,0.33500775585049075,0.2492479021720748,0.3001156464741941,0.24124873833719784,0.2928914977793108,0.22234044158079816,0.2859304013482311,-18.60073496754071,-11.626221353739696,-22.533218579604842,-14.379474443779827
MM-TSFlib,Traffic,12,0.1840856415039714,0.34515030130482555,0.15591829413156186,0.297066303355652,0.1840856415039714,0.34515030130482555,0.1725804792660672,0.3272281031075277,0.17549252996919057,0.33094635932591926,15.301219118603482,13.93132144674193,9.65473337735797,9.217362281981167
Aurora,Traffic,12,0.21635603426536673,0.24057138739970693,0.22401692664840275,0.24546563494623752,0.21770601689465288,0.24266423729428074,0.17625849353357617,0.2255760978711279,0.17349987474511538,0.257084223079054,-3.5408729916170056,-2.0344262879437247,-27.095677579775113,-8.817218341312284
