model,domain,horizon,control_mse,internal_mse,mse_decrease_pct,control_mae,internal_mae,mae_decrease_pct,control_epochs,internal_epochs
SpecTF,Agriculture,6,0.39308219085778856,0.2095309213818193,46.69539189130434,0.44112649602247467,0.30571116475348775,30.69761904804914,45,49
CFA,Agriculture,6,0.1692335032852432,0.17550588400101533,-3.706346907680591,0.2721319579063578,0.2759284865348897,-1.3951057632997088,45,47
TaTS,Agriculture,6,0.4710029562389434,0.46537971648549675,1.193886297094482,0.5974356073437007,0.5914731281446227,0.9980120243565982,45,46
MM-TSFlib,Agriculture,6,3.0939223955126827,3.147763637181764,-1.7402259910323181,1.2995492805403175,1.3825980232539752,-6.390580484883834,45,51
Aurora,Agriculture,6,0.14297550838826567,0.14657270187601332,-2.5159508284307464,0.25906975281999467,0.2732094891950594,-5.457887777771275,45,47
SpecTF,Agriculture,8,0.44246284629251004,0.2572823398796977,41.85221605937743,0.46585921133341995,0.3385237696702066,27.333460102408104,45,46
CFA,Agriculture,8,0.21781700557239017,0.23583910250332862,-8.273962303163195,0.3149949483897375,0.32165158880145656,-2.1132530682628214,45,48
TaTS,Agriculture,8,0.5122571443149263,0.48149711616110874,6.004802177030621,0.604211943305057,0.5842930851099284,3.296667405508713,45,46
MM-TSFlib,Agriculture,8,2.955129903781439,2.934721274844912,0.6906169813520435,1.2259057316443194,1.3347382841874724,-8.877726054610658,45,46
Aurora,Agriculture,8,0.2481492175632144,0.23874472546301662,3.7898536181368514,0.3374479106910851,0.327345199721015,2.9938579111010055,45,45
SpecTF,Agriculture,10,0.5021372897131062,0.33746647038612965,32.793983378741,0.506258848508199,0.3960606306129032,21.767168755670873,64,49
CFA,Agriculture,10,0.30065800229621487,0.32884923555447354,-9.3765118649608,0.37287691752115887,0.3827434504032135,-2.646056223497606,45,45
TaTS,Agriculture,10,0.660488018000564,0.6762435153246072,-2.3854327246902063,0.6736602361996968,0.6788259857230716,-0.7668182335528906,45,46
MM-TSFlib,Agriculture,10,3.0325362972216703,3.1956278122415087,-5.378056485894622,1.2750540925396814,1.414560384882821,-10.94120580133724,45,45
Aurora,Agriculture,10,0.29217941538824926,0.34721479949233247,-18.836160662089064,0.3484549831019508,0.39996807482507496,-14.783284562199107,45,47
SpecTF,Agriculture,12,0.5769127902184205,0.6673946151878664,-15.68379597463756,0.5417042427668066,0.5739022195339203,-5.943829533743239,45,45
CFA,Agriculture,12,0.4061936092383514,0.39785873177672665,2.051946971113938,0.438950081553423,0.4273834226257873,2.6350738759865044,45,46
TaTS,Agriculture,12,0.6412977168480459,0.655587638971808,-2.2282820830856087,0.638213717914892,0.6526074976180539,-2.2553228329512898,45,47
MM-TSFlib,Agriculture,12,3.644852734005768,3.26323351856295,10.470085989548627,1.4414424290033905,1.4140323558540056,1.9015725219311164,45,47
Aurora,Agriculture,12,0.36281892715025776,0.43845508848371945,-20.8468069534139,0.404313033051563,0.4327468102176984,-7.032614544114679,45,45
SpecTF,Climate,6,1.0292159764208848,0.9785038458470064,4.9272583923765545,0.8193681230207126,0.7994750781077231,2.427851945185644,47,54
CFA,Climate,6,1.134430519579871,1.211715113157913,-6.812633497083964,0.8615211599460202,0.8834666917678498,-2.547300384729323,45,45
TaTS,Climate,6,1.0473207890200056,1.105006482364426,-5.507929752678509,0.8123078238258653,0.8248686213904979,-1.5463100558939402,45,45
MM-TSFlib,Climate,6,1.1936666599331465,1.3657909161898767,-14.419792563056966,0.8773746338989982,0.946111545296954,-7.834385534089727,45,49
Aurora,Climate,6,1.0332634886050627,1.1153017704005557,-7.939725220161131,0.809226528264199,0.8414689174007809,-3.98434653467703,45,45
SpecTF,Climate,8,1.0452759793823216,1.0296978103081298,1.490340291125547,0.8334279311820865,0.8268179153079551,0.7931118728833675,51,49
CFA,Climate,8,1.1484397842622507,1.2237331218046716,-6.556141521236913,0.8636048891310802,0.8904280639304172,-3.105954486469531,45,46
TaTS,Climate,8,1.056192103340004,1.0436066037879186,1.1915919000233144,0.8213236732762712,0.8138696392036407,0.9075635239997659,45,55
MM-TSFlib,Climate,8,1.147827742860952,1.221412577890586,-6.410790773032216,0.8633429327696238,0.8922671601783646,-3.3502593593893515,45,50
Aurora,Climate,8,1.1737208316550922,1.301406560450574,-10.878713689986142,0.8701138776504314,0.9182498706352856,-5.532148632640577,45,46
SpecTF,Climate,10,1.0548128069621092,1.116624755424746,-5.859992223706212,0.829002216681838,0.8771122614501251,-5.803367445849816,52,54
CFA,Climate,10,1.129675051065909,1.2092509012800419,-7.044136288488345,0.8655512700147099,0.8933998251364876,-3.217435648994482,45,46
TaTS,Climate,10,1.0455842211293405,1.080504642233961,-3.3397999318412586,0.8261921234842804,0.8291527924935023,-0.3583511540555362,45,45
MM-TSFlib,Climate,10,1.2924231681985363,1.3120222764463403,-1.5164621565181724,0.9134717743802402,0.9198449814981885,-0.6976906453702192,45,45
Aurora,Climate,10,1.0643724737111904,1.2193921103520757,-14.564416167243799,0.8286163285788563,0.8865878909826279,-6.996188755198385,45,46
SpecTF,Climate,12,1.1421393812769807,0.9720479284610248,14.892355136706993,0.856605724262243,0.8061132326891477,5.894484491868446,45,51
CFA,Climate,12,1.0883965728432088,1.1390649189702748,-4.655320256540829,0.8487354871388313,0.8620293047737725,-1.5663086834929008,45,52
TaTS,Climate,12,1.04337345943861,1.164355801868276,-11.595305720615222,0.8206916451533537,0.8537998663995302,-4.034185243836608,45,45
MM-TSFlib,Climate,12,1.2511833092794464,1.2649606243051799,-1.1011428080564656,0.8976684123856213,0.8985238500419214,-0.09529550605738013,45,52
Aurora,Climate,12,1.135605533139412,1.2372036870042882,-8.946606096925702,0.8547922383127805,0.8939672053093091,-4.582981131631891,45,45
SpecTF,Economy,6,0.2600013176601718,0.2171875001289439,16.46676944429437,0.4091366315692789,0.36852601157965037,9.925931059720305,45,45
CFA,Economy,6,0.16621647475682935,0.17111693548339113,-2.948240078927822,0.3107797697123596,0.3102289488546959,0.17723832480265322,45,45
TaTS,Economy,6,0.14700269003824054,0.1545714186048314,-5.1487007241989735,0.3063987159024814,0.31590679451383114,-3.103171820855777,45,48
MM-TSFlib,Economy,6,0.7681216780755188,0.5571320089128701,27.46826123841085,0.7298149782142559,0.6067189274960932,16.866747654228696,45,45
Aurora,Economy,6,0.17751978514306482,0.19434611413235148,-9.47856543186223,0.3172414564382175,0.3348294148213753,-5.544029012041518,45,45
SpecTF,Economy,8,0.2626164552857039,0.21542995499333634,17.967838398029066,0.4083824113204882,0.36622001288773176,10.32424444932043,45,3081
CFA,Economy,8,0.18631947838766016,0.1933584593639901,-3.7779093400446717,0.33339362010940327,0.33878096376920674,-1.615910843775481,45,46
TaTS,Economy,8,0.15737055906779013,0.1629753661638852,-3.5615347173550305,0.31766545298424637,0.3228179709864901,-1.6219950749568168,45,51
MM-TSFlib,Economy,8,0.6977471621492334,0.5988631291983021,14.171900412513905,0.6906591087773248,0.6332401999018409,8.313639557600672,45,63
Aurora,Economy,8,0.20847781291576897,0.22022811269623654,-5.636235154296743,0.354907066597567,0.3590338842628838,-1.162788249014013,45,45
SpecTF,Economy,10,0.25246379989391776,0.22273456077027246,11.775644324507983,0.39744187744458515,0.37120537368456524,6.601343554612715,45,163
CFA,Economy,10,0.21150361234711007,0.2241685550653035,-5.988050311598614,0.36102117602030437,0.3766629569530487,-4.332649155146684,45,50
TaTS,Economy,10,0.19469489632200296,0.18460985236554137,5.179922097075462,0.35436924076080323,0.3433207921981812,3.1177786590342538,45,165
MM-TSFlib,Economy,10,0.8581337828760252,0.6947490412867692,19.03954195133467,0.7698622268040974,0.6798246639569601,11.695282572949084,45,51
Aurora,Economy,10,0.21350933759650587,0.23264130143972467,-8.960715282333354,0.3580471622943878,0.36961588621139524,-3.2310614732635523,45,45
SpecTF,Economy,12,0.30388060809660344,0.2517245272390432,17.1633462181897,0.444474103243928,0.4055857867955073,8.74928734083722,45,45
CFA,Economy,12,0.22141127972358737,0.23630043163456874,-6.7246582602156435,0.36799029216646606,0.3810316460998091,-3.5439396666050005,45,55
TaTS,Economy,12,0.2076465273019715,0.18916505020610108,8.900450845967478,0.3627014887523433,0.3459540609627554,4.617413578090734,45,95
MM-TSFlib,Economy,12,0.8375495645384529,0.7596523293820221,9.30061198221236,0.7554413740901642,0.7111216914163877,5.86672694848811,45,59
Aurora,Economy,12,0.22929390727931534,0.2703033880742287,-17.885115780663764,0.37301028611725323,0.40607025157915405,-8.863017104978343,45,45
SpecTF,Energy,12,0.08602744624600091,0.07473281173210523,13.12910589208699,0.21458283172479825,0.19081675270659754,11.075480189710907,45,48
CFA,Energy,12,0.10151075571025127,0.0995924064539512,1.8897990098465378,0.2263795476898162,0.2215958424412619,2.113134908772274,45,50
TaTS,Energy,12,0.1912588227202306,0.14875487490289127,22.22326123982955,0.33914415544978926,0.2911675765819655,14.146367583482277,45,48
MM-TSFlib,Energy,12,0.17018829421258908,0.13515639449025085,20.58420050827847,0.286270110044812,0.2524891995022537,11.800362439959367,45,51
Aurora,Energy,12,0.1131786474062519,0.1158649025268639,-2.3734645908691343,0.2422112482690095,0.24235017780961138,-0.05735883101827266,45,45
SpecTF,Energy,24,0.2500040559568666,0.21754037183116615,12.985262979613987,0.3806235818290089,0.349551304990004,8.163518584343477,45,45
CFA,Energy,24,0.22403029772631322,0.2738822990302427,-22.25234792341846,0.3479403009201347,0.3785636332935717,-8.801318011294734,45,48
TaTS,Energy,24,0.28362904710079995,0.2388343607669653,15.793405785379555,0.3985561783720186,0.36426410847832136,8.604074344994473,45,46
MM-TSFlib,Energy,24,0.2426610204859734,0.3354748016676023,-38.24832723267717,0.364129979669872,0.4173276705610881,-14.609533370321849,45,60
Aurora,Energy,24,0.2682098390256761,0.3202603635162848,-19.406642455657952,0.37523690384970154,0.4179500700152929,-11.382986515286841,45,46
SpecTF,Energy,36,0.3299663420941352,0.3456494313458954,-4.752936057728574,0.43630862947151416,0.43761526130962697,-0.29947421385991824,45,51
CFA,Energy,36,0.3118191043131185,0.3516186915647371,-12.763678267657763,0.4157451339127719,0.43315316384059227,-4.187187896581079,45,45
TaTS,Energy,36,0.362842249281711,0.3763853086935263,-3.732492409201349,0.4565853333681758,0.46207092619345835,-1.2014386850352832,45,46
MM-TSFlib,Energy,36,0.4068996281013987,0.4399780876022692,-8.129390448257535,0.49624152858990334,0.49691997994907583,-0.13671797302019506,45,57
Aurora,Energy,36,0.3552136782609534,0.5193629023968699,-46.21140293345525,0.44616389516054483,0.5355004062395519,-20.02324976270451,45,45
SpecTF,Energy,48,0.4003250655840117,0.4420778453970696,-10.42971909644157,0.4839393120410512,0.5061996862863726,-4.599827641907539,58,56
CFA,Energy,48,0.3896846235521356,0.38456236648823755,1.3144621969444437,0.47655890008145335,0.4675362900575286,1.893283290351433,50,47
TaTS,Energy,48,0.4287211658005246,0.40625972885137346,5.239171457096193,0.5084181315923679,0.49940866733740347,1.772058015859268,45,61
MM-TSFlib,Energy,48,0.43449903258222555,0.4467760392040093,-2.8255544204141447,0.5257013399132511,0.512971569548495,2.421483340114128,45,45
Aurora,Energy,48,0.49582096134511683,0.6366808904452348,-28.40943406627623,0.5267279735352756,0.6030667885652781,-14.493024647548935,45,45
SpecTF,Environment,48,0.278897019880534,0.3142119540556915,-12.662356231086559,0.3712113240536925,0.40384853785413305,-8.792084639023523,54,48
CFA,Environment,48,0.317355597303369,0.4041778625759756,-27.35803811571371,0.3985603556363005,0.45489188313734497,-14.133750811997192,45,45
TaTS,Environment,48,0.2974591927084519,0.321148178253185,-7.963776586979221,0.4175066332224699,0.4280390786098695,-2.5227013295827883,45,45
MM-TSFlib,Environment,48,0.28059289823104205,0.4560379049225335,-62.52653142597673,0.3971964706066051,0.5409376701968458,-36.18894180270955,45,46
Aurora,Environment,48,0.3152364831182798,0.4324837506696914,-37.19343217879363,0.3876509978832904,0.4722646507929241,-21.82727591871394,45,48
SpecTF,Environment,96,0.300123696423989,0.3133076375375479,-4.392835777596771,0.3952018421315867,0.4100827839208598,-3.765402941699425,45,45
CFA,Environment,96,0.3602239804507072,0.46410475219283404,-28.83782795697074,0.41215215809659034,0.48796853058837947,-18.395238506556865,45,47
TaTS,Environment,96,0.2903972587010364,0.3124476665572412,-7.593187330637208,0.41364851173846195,0.4280210157702294,-3.47456925962657,45,45
MM-TSFlib,Environment,96,0.33293346732102336,0.4332194238205442,-30.12192114733314,0.4592074108013764,0.5129748654887021,-11.708751518947501,45,45
Aurora,Environment,96,0.3503139613832111,0.5626096488493153,-60.60154914404692,0.4115474001659806,0.5370839945939782,-30.503556668652877,45,47
SpecTF,Environment,192,0.30346040158830967,0.3360495969535184,-10.73919206414975,0.39800037149978706,0.4274245487053052,-7.39300244736929,45,46
CFA,Environment,192,0.3531045057075992,0.5043318538191149,-42.827929314712556,0.40974639125988976,0.500920633783804,-22.25138389713972,45,48
TaTS,Environment,192,0.2847486807766606,0.281697174153965,1.071649081699877,0.4156176641170361,0.4070955033597793,2.050480884964745,45,45
MM-TSFlib,Environment,192,0.37206498122304876,0.48231967233198525,-29.633181479887803,0.4693100351690509,0.5381291727092895,-14.663896440111102,45,53
Aurora,Environment,192,0.3503759289369044,0.5867209163261055,-67.45468734290876,0.40997789162015874,0.5467904929007728,-33.370726587220425,45,56
SpecTF,Environment,336,0.3086486323576277,0.29839100561019904,3.323399384301573,0.41429698788147934,0.3993877110059662,3.598693041856804,45,48
CFA,Environment,336,0.35027233524372625,0.4927821994938417,-40.68544669705483,0.4136953818869641,0.5031344516342324,-21.61954753744537,45,45
TaTS,Environment,336,0.2991550510043567,0.2946037447765486,1.5213870574900645,0.42818850656865504,0.41064592205395967,4.0969302644938255,45,45
MM-TSFlib,Environment,336,0.43098258437779163,0.4435586308784451,-2.917994127027068,0.5077705441264414,0.5291110783186638,-4.202790894248554,45,45
Aurora,Environment,336,0.34625439106718414,0.5414262625671896,-56.366612679905636,0.4211828494011583,0.5246778197449165,-24.572455998839526,45,46
SpecTF,Health,12,1.5405704656872239,1.492231009040212,3.137763427487783,0.8608994496412247,0.7955653367687087,7.589052693638454,45,48
CFA,Health,12,1.146073791226857,1.3442178902973054,-17.28894776123775,0.7008662100783227,0.7283478161658353,-3.921091599556714,45,64
TaTS,Health,12,2.1665269735860875,2.0922569498055745,3.4280682717547473,0.8676079366725149,0.8659085974003534,0.1958648832419474,45,45
MM-TSFlib,Health,12,1.1335678729922878,1.1650597020036138,-2.778115873043996,0.7139445898749824,0.7194743653466491,-0.7745384656020704,45,69
Aurora,Health,12,2.1004850520339,2.726671242076447,-29.81150422547454,0.8148360661576567,0.8927179803193178,-9.557985636167498,45,46
SpecTF,Health,24,1.9665535390195157,2.5450440098142737,-29.416461810807437,0.9893394315809169,1.0621151929293,-7.355995225227296,51,45
CFA,Health,24,2.7120568905270175,2.9310020050163827,-8.073028086325241,0.9784828736289584,0.9957043968864419,-1.7600229622428687,45,52
TaTS,Health,24,1.9575914012772844,1.9680777981068358,-0.5356785293759048,0.8352677871315766,0.8249053577547377,1.2406116381459942,51,87
MM-TSFlib,Health,24,1.2278147295418451,1.3371219476860432,-8.902582410376002,0.7541743694492175,0.796477072715774,-5.609140933475465,45,46
Aurora,Health,24,3.4477329355691624,3.9612701771533194,-14.894925192324404,1.007695119130299,1.0320778762653582,-2.419656171015583,45,72
SpecTF,Health,36,1.9955959688229312,2.5770781180551676,-29.13827038722743,0.9634686751725258,1.023617055598576,-6.242899429530446,45,45
CFA,Health,36,2.7267051082243503,2.732780537861578,-0.2228121265810179,1.0068587710850763,0.9740641636413481,3.2571208977388078,45,45
TaTS,Health,36,2.4843831824510945,2.3935488795958304,3.656211469184345,0.9489114275216916,0.9173602204702062,3.3249896814804836,45,52
MM-TSFlib,Health,36,1.3772395771028718,1.6417998655091686,-19.20946019884351,0.7941714569578143,0.8581222416841631,-8.052516136921017,45,46
Aurora,Health,36,2.8711454563042835,3.1455566370588675,-9.557550633739197,0.992546550976778,1.0229833530513943,-3.066536480799109,45,61
SpecTF,Health,48,1.944809651528509,2.1205315812616727,-9.035430773137954,0.9249600350373497,0.9463962146343717,-2.317524950811145,45,45
CFA,Health,48,2.4267461045935157,2.951441932051079,-21.621373017324807,0.9790404752366078,1.0603015107961657,-8.30006905893439,45,46
TaTS,Health,48,2.6568361174401565,2.971572537867535,-11.846286579791943,1.0177494496615636,1.011716743727405,0.5927496139805921,45,74
MM-TSFlib,Health,48,1.570994483573793,1.7072261851418749,-8.671685546480967,0.8504479186033411,0.9069047715076689,-6.638484458524485,45,54
Aurora,Health,48,2.9672372606274413,3.555528656385201,-19.82623376849082,1.0356599672652707,1.0965338149510446,-5.87778321165735,45,45
SpecTF,Security,6,67.30650235066241,66.17545845825158,1.6804377777917545,3.8065156450978033,3.7091139439999323,2.558815204747922,45,163
CFA,Security,6,79.46881046770625,83.15819387181816,-4.642555214301547,4.963947921163506,5.229151998589068,-5.342603944229163,45,46
TaTS,Security,6,81.85941712898746,85.73292881325982,-4.73190723819692,5.09834268072873,5.452236305416366,-6.94134637174002,45,45
MM-TSFlib,Security,6,91.52760211851981,92.89248781254788,-1.4912285064134778,5.992889486299253,6.077140305950134,-1.4058463758340967,45,45
Aurora,Security,6,75.83662919492656,76.36833501983345,-0.7011200663207484,4.992204679015242,4.920393406241028,1.4384681196280558,45,47
SpecTF,Security,8,71.42497542018769,69.87417133179306,2.1712350326638097,4.075383432066212,3.9546708670229864,2.961992829764837,45,2972
CFA,Security,8,77.9822489594788,80.93915606288303,-3.79176946402342,4.723807000555098,4.893952308724133,-3.601868326733948,45,69
TaTS,Security,8,78.48885319602073,79.85602586613666,-1.741868576804806,4.589826995793444,4.695499978171518,-2.3023304031921654,45,45
MM-TSFlib,Security,8,97.19736082045793,95.21213552350198,2.0424683141582745,6.324144635439063,6.163716576635265,2.5367550562457986,45,52
Aurora,Security,8,78.26246954948748,86.52933072614094,-10.562995551049026,4.998235227683415,5.316427182692748,-6.366086038667862,45,45
SpecTF,Security,10,73.79134071627233,71.18163914423505,3.5365959565250127,4.074792823553086,3.852383550643921,5.458173765880725,46,56
CFA,Security,10,95.20651549825385,100.21058478301569,-5.256015576847384,5.553900872707367,5.799151136040687,-4.415819960678702,45,46
TaTS,Security,10,77.38151499860786,80.47294482183612,-3.995049493776248,4.5069596799016,4.572371131777763,-1.4513431785924347,45,92
MM-TSFlib,Security,10,97.16247133646425,98.88666873172548,-1.774550782359685,6.166114194989205,6.3343611067980525,-2.7285727524406056,45,49
Aurora,Security,10,84.05262415076655,89.26016631012989,-6.195573561180545,5.149530700266361,5.449157438695431,-5.818525140816644,45,45
SpecTF,Security,12,79.08985885470628,78.67311174782195,0.5269286263994033,4.398003680217597,4.342906364343232,1.2527801220857282,45,76
CFA,Security,12,84.92981338902356,88.40047765496318,-4.08650876229073,4.978246638758315,5.048505402480562,-1.4113154453868404,45,46
TaTS,Security,12,80.11431795138935,83.43810355099541,-4.1488034655962736,4.506232638118996,4.65653867336611,-3.335514326882505,45,53
MM-TSFlib,Security,12,103.57875454144161,100.03321230573412,3.4230400349995693,6.522895976099083,6.243902603597639,4.277139686478515,45,47
Aurora,Security,12,89.30154223497983,107.10693912735148,-19.938509959346696,5.317690279231304,6.323609044671887,-18.916460203958962,45,46
SpecTF,SocialGood,6,1.0748719891089311,1.0101510893182941,6.0212658294585,0.44909879239006884,0.42172973715702006,6.094217062440266,173,64
CFA,SocialGood,6,0.8845457456184029,0.9052784168685029,-2.343877787304871,0.3710232722162052,0.3862493563953048,-4.103808391357977,45,58
TaTS,SocialGood,6,1.394755474764555,1.1028343941725758,20.92991107572154,0.7253940130722115,0.5970104257441583,17.69846249272433,45,47
MM-TSFlib,SocialGood,6,0.7214682008512361,0.725634859337081,-0.5775248972759828,0.3736638434604528,0.3561039339600271,4.699386844016162,45,138
Aurora,SocialGood,6,1.0025712947460266,0.9449759462585537,5.744763368879713,0.4083132114627458,0.38367001982208393,6.035364751578776,45,45
SpecTF,SocialGood,8,1.4012766258064053,0.8731684317048652,37.68764741919711,0.798105580067774,0.47058058946191916,41.03780236419872,45,49
CFA,SocialGood,8,0.8858080358823393,0.9196505299810624,-3.8205223623889673,0.4034490479123697,0.40735015114742107,-0.9669382677286009,45,69
TaTS,SocialGood,8,1.5772674402278384,1.19646466812205,24.143196162775084,0.745397078784248,0.5889750943241412,20.985054665794102,45,84
MM-TSFlib,SocialGood,8,0.7886609844869289,0.7567793139292077,4.04250637280632,0.40622169671754477,0.386920524724318,4.751388748850438,45,50
Aurora,SocialGood,8,1.0241007246024625,1.0282864309265056,-0.40872017990885023,0.41198799765685146,0.42666797229355713,-3.56320444289564,45,45
SpecTF,SocialGood,10,1.2414984245560958,1.2605688029154212,-1.5360775319665843,0.507083763440068,0.49756762757456513,1.876639827894544,45,62
CFA,SocialGood,10,1.167847133775167,1.091236869670443,6.559956512208465,0.4981981867119758,0.48148319066981593,3.3550896988357226,45,47
TaTS,SocialGood,10,1.4736491233236524,1.2026142514328377,18.39208992161754,0.759647440830984,0.6230954019683441,17.975712353254902,45,47
MM-TSFlib,SocialGood,10,0.8969623682821259,0.8533101572380644,4.86667139978959,0.4839797730287592,0.442884440191046,8.491126102344616,45,51
Aurora,SocialGood,10,1.243938380793965,1.2428314806509866,0.08898351880355371,0.5265078611815205,0.5224487279778754,0.7709539596495452,45,45
SpecTF,SocialGood,12,1.4452631033808443,1.1168263233201485,22.725051189115476,0.8389920232354657,0.589042860646537,29.79160178722936,520,48
CFA,SocialGood,12,1.222150793538783,1.1483757072136989,6.036496209397013,0.5172947263670434,0.5117754360657193,1.0669527485977048,45,65
TaTS,SocialGood,12,1.7401217169626637,1.8046333291298846,-3.7073045832577867,0.7967434775394698,0.7752523526787282,2.6973706677977827,45,54
MM-TSFlib,SocialGood,12,0.9508277643204679,0.9080824700658416,4.495587514230326,0.5224450198439008,0.4779672210993331,8.513393190704932,45,45
Aurora,SocialGood,12,1.5075102307920043,1.6941079775027632,-12.37787597718163,0.5759410437664942,0.585073661497848,-1.5856862139272065,45,49
SpecTF,Traffic,6,0.18389140122231193,0.16441312369885974,10.592272066002861,0.255549218149075,0.227543006758682,10.95922405603117,45,160
CFA,Traffic,6,0.14738682083910956,0.1482570794135163,-0.5904588819082512,0.20389029511524112,0.20690401702529132,-1.4781095433437974,45,54
TaTS,Traffic,6,0.24554872123234098,0.2695116883976206,-9.758946023019831,0.28074861939984186,0.2915254870657087,-3.8386182232719834,45,46
MM-TSFlib,Traffic,6,0.14369751509816434,0.13682109036894252,4.7853470009723615,0.2778783732219891,0.2649265696900119,4.660961334198688,45,80
Aurora,Traffic,6,0.16290027324864406,0.16311705599294463,-0.13307696787572265,0.20892507900105844,0.2098995719854981,-0.46643178937590957,45,57
SpecTF,Traffic,8,0.1811684220815044,0.17947313814072882,0.935750237981825,0.2397707493392506,0.23274532547502808,2.9300587680452628,45,60
CFA,Traffic,8,0.1519787740848727,0.15368702222548805,-1.124004421605207,0.20655915825957,0.21103886198816876,-2.168726754283834,45,51
TaTS,Traffic,8,0.23326783866988923,0.2691067171934577,-15.363831862945364,0.27889175404502886,0.30208409178738643,-8.315892243487788,45,46
MM-TSFlib,Traffic,8,0.15180562922424676,0.14205873652906584,6.4206398306764,0.29316589811986143,0.2745433893769678,6.3522083783700385,45,53
Aurora,Traffic,8,0.16208573995727005,0.16279710407497933,-0.43888137099341584,0.20494978370690586,0.20736185068057644,-1.1769063280008263,45,47
SpecTF,Traffic,10,0.21219327526358348,0.20115944545716702,5.199896081867061,0.2995170178487129,0.3133206035212143,-4.608614819834278,156,66
CFA,Traffic,10,0.16668008217883232,0.1682657419386191,-0.9513192812597104,0.2156252291399179,0.2171018046202119,-0.6847879008331725,45,56
TaTS,Traffic,10,0.24797369105621325,0.297942625839788,-20.15090172297642,0.2889689732458174,0.3279719840005501,-13.497300529061995,45,45
MM-TSFlib,Traffic,10,0.16079200358983736,0.15025145105383642,6.555395977830303,0.30722722666165264,0.2868197453390692,6.642471614359257,45,48
Aurora,Traffic,10,0.18149681330319822,0.18853634165774355,-3.8785961177100647,0.2238412403568779,0.2311763410101232,-3.2769210184641073,45,52
SpecTF,Traffic,12,0.2778663454852204,0.18433203698581288,33.6616182632965,0.3935403116439518,0.2820508555362099,28.32986934477246,45,126
CFA,Traffic,12,0.17234725902741577,0.17463849435253678,-1.3294295122828315,0.22148415854102688,0.22572763827547693,-1.9159292305160447,45,64
TaTS,Traffic,12,0.2492479021720748,0.2956098438672576,-18.60073496754071,0.3001156464741941,0.33500775585049075,-11.626221353739696,45,46
MM-TSFlib,Traffic,12,0.1840856415039714,0.15591829413156186,15.301219118603482,0.34515030130482555,0.297066303355652,13.93132144674193,45,62
Aurora,Traffic,12,0.21635603426536673,0.22401692664840275,-3.5408729916170056,0.24057138739970693,0.24546563494623752,-2.0344262879437247,45,45
