model,domain,horizon,fit_raw,fit_purged,fit_mse,fit_mae,energy_k4,energy_k8,energy_k16,energy_k32
TaTS,Agriculture,6,31,26,0.13420945571873252,0.29468492208383024,0.9741857062542046,1.0,1.0,1.0
MM-TSFlib,Agriculture,6,31,26,0.39755202250606675,0.5893887250851362,0.9892446746131737,1.0,1.0,1.0
SpecTF,Agriculture,6,31,26,0.08853435216544579,0.250747643220119,0.9564846903242559,1.0,1.0,1.0
CFA,Agriculture,6,31,26,0.075109462802068,0.23316268966748163,0.9049544801871937,1.0,1.0,1.0
Aurora,Agriculture,6,31,26,0.47644462246790337,0.6178000118487921,0.9917181277162109,1.0,1.0,1.0
TaTS,Agriculture,8,30,23,0.1033886025408391,0.2598436060159103,0.9356919859790925,1.0,1.0,1.0
MM-TSFlib,Agriculture,8,30,23,0.4820653261435027,0.6336989039960115,0.9760231175003462,1.0,1.0,1.0
SpecTF,Agriculture,8,30,23,0.11008249782396308,0.27957869029563404,0.9310696563465782,1.0,1.0,1.0
CFA,Agriculture,8,30,23,0.0747531764412322,0.2296691912671794,0.8983621500176301,1.0,1.0,1.0
Aurora,Agriculture,8,30,23,0.5560194329601361,0.6873521163411762,0.9859308784106732,1.0,1.0,1.0
TaTS,Agriculture,10,28,19,0.20087482892570452,0.3475362871822558,0.9408760110601554,0.9896555210129903,1.0,1.0
MM-TSFlib,Agriculture,10,28,19,0.49608875767812133,0.6572415044433192,0.9702206047672224,0.9944720363475098,1.0,1.0
SpecTF,Agriculture,10,28,19,0.14082938731673658,0.3263279168229354,0.9192862485694875,0.9835328261782448,1.0,1.0
CFA,Agriculture,10,28,19,0.11000851880936303,0.2827801409520601,0.8874042571005384,0.9757716174323168,1.0,1.0
Aurora,Agriculture,10,28,19,0.6226262274945862,0.7357242916759692,0.9787251650092508,0.9968657880173017,1.0,1.0
TaTS,Agriculture,12,27,16,0.3184504659244003,0.5010094965497652,0.9554042778535111,0.9912531581351686,1.0,1.0
MM-TSFlib,Agriculture,12,27,16,0.5876892640190762,0.6889001472542683,0.959324600004602,0.9908842361458553,1.0,1.0
SpecTF,Agriculture,12,27,16,0.09619033953234601,0.25409582691888016,0.8457171572862179,0.9659314807780471,1.0,1.0
CFA,Agriculture,12,27,16,0.14621824818537146,0.3252366924037536,0.8961614827320766,0.9786948504061369,1.0,1.0
Aurora,Agriculture,12,27,16,0.6235923682319529,0.7352556698024273,0.9704290117351918,0.9945484787329798,1.0,1.0
TaTS,Climate,6,31,26,0.9233120059124129,0.7644862433393987,0.8322170999895134,1.0,1.0,1.0
MM-TSFlib,Climate,6,31,26,0.7979887949417348,0.7150165698437306,0.7645090962662273,1.0,1.0,1.0
SpecTF,Climate,6,31,26,0.9511701884433373,0.7928009423612354,0.8124687157282163,1.0,1.0,1.0
CFA,Climate,6,31,26,0.9378731571072954,0.7747603384300302,0.8128755068124183,1.0,1.0,1.0
Aurora,Climate,6,31,26,1.0123735153285827,0.7900570320049062,0.7960945259342302,1.0,1.0,1.0
TaTS,Climate,8,30,23,1.0223179184410933,0.7975082671100213,0.6869126068902244,1.0,1.0,1.0
MM-TSFlib,Climate,8,30,23,0.9227528432149019,0.7844935944961869,0.6530161906368857,1.0,1.0,1.0
SpecTF,Climate,8,30,23,0.985845907630454,0.794461394119856,0.6831420905205767,1.0,1.0,1.0
CFA,Climate,8,30,23,1.0140936331339956,0.8158336445162802,0.6951990328710722,1.0,1.0,1.0
Aurora,Climate,8,30,23,1.0441960595473705,0.800081882802972,0.6833935289904578,1.0,1.0,1.0
TaTS,Climate,10,28,19,1.110474421205842,0.8533952088977553,0.5078653286242868,0.8735439170381203,1.0,1.0
MM-TSFlib,Climate,10,28,19,0.927478416092647,0.7701734609460752,0.48808644341050134,0.8413233848374857,1.0,1.0
SpecTF,Climate,10,28,19,1.140304142306341,0.8470377384893302,0.6266429448840865,0.8706088298267837,1.0,1.0
CFA,Climate,10,28,19,1.077502364025418,0.8589297448530009,0.5504108123489619,0.869966109017044,1.0,1.0
Aurora,Climate,10,28,19,1.118275186501899,0.8435877141150597,0.5358288853495924,0.845500509909296,1.0,1.0
TaTS,Climate,12,27,16,1.1882177472398177,0.8849492400149757,0.38231003909814304,0.7966379414010637,1.0,1.0
MM-TSFlib,Climate,12,27,16,0.8826375250558071,0.7783255545145948,0.366957466032577,0.7623279347360831,1.0,1.0
SpecTF,Climate,12,27,16,1.0981173623988019,0.861779325583484,0.41900277002217606,0.8057521894590554,1.0,1.0
CFA,Climate,12,27,16,1.1540384666126329,0.8669196440702459,0.38981048011920394,0.8048914031428963,1.0,1.0
Aurora,Climate,12,27,16,1.1575358916893672,0.8600279684809115,0.40712147383023056,0.7896479262345838,1.0,1.0
TaTS,Economy,6,26,21,0.05038737680839142,0.17712740434540641,0.6967281908817308,1.0,1.0,1.0
MM-TSFlib,Economy,6,26,21,0.07153091564781433,0.21888412133095755,0.5842588409407143,1.0,1.0,1.0
SpecTF,Economy,6,26,21,0.04251031730416739,0.16577251255512238,0.7383503180058795,1.0,1.0,1.0
CFA,Economy,6,26,21,0.04353186103831244,0.16609870819818406,0.6811444594447978,1.0,1.0,1.0
Aurora,Economy,6,26,21,0.06212706091469502,0.1928520588174699,0.5410603482379297,1.0,1.0,1.0
TaTS,Economy,8,25,18,0.05466831528136206,0.19328675563964579,0.5727196895471612,1.0,1.0,1.0
MM-TSFlib,Economy,8,25,18,0.09144978305699063,0.25996222636765903,0.41095345555147145,1.0,1.0,1.0
SpecTF,Economy,8,25,18,0.06366402183965587,0.1947017963975668,0.69949783619349,1.0,1.0,1.0
CFA,Economy,8,25,18,0.04182869522051044,0.16612832413779366,0.579270940483524,1.0,1.0,1.0
Aurora,Economy,8,25,18,0.06253235551863326,0.19498215222524273,0.3347379325391497,1.0,1.0,1.0
TaTS,Economy,10,23,14,0.05441137471173869,0.19321455593620027,0.5150081908100367,0.9110906672105037,1.0,1.0
MM-TSFlib,Economy,10,23,14,0.09111619270170339,0.2534328839608601,0.3937381651402698,0.9011530011772253,1.0,1.0
SpecTF,Economy,10,23,14,0.03964716842640314,0.1635511385543006,0.5298507279937702,0.9381553190024479,1.0,1.0
CFA,Economy,10,23,14,0.04966803285477706,0.18039270639419555,0.56082998556655,0.9328403084096721,1.0,1.0
Aurora,Economy,10,23,14,0.06161895220354987,0.19172172588961464,0.3198121993945565,0.8987228474347478,1.0,1.0
TaTS,Economy,12,22,11,0.05533414724806487,0.19978500631722537,0.3477734951243887,0.5390517938020937,1.0,1.0
MM-TSFlib,Economy,12,22,11,0.08541039661036319,0.25445568268046237,0.3051936033303599,0.47535947091779673,1.0,1.0
SpecTF,Economy,12,22,11,0.05048466457705583,0.18197484337019199,0.5530613651090125,0.7531634884708218,1.0,1.0
CFA,Economy,12,22,11,0.06099616951276512,0.20067429632851572,0.49048936782925195,0.6882691994249865,1.0,1.0
Aurora,Economy,12,22,11,0.061434307093996075,0.18949089334769684,0.33615567501318305,0.5068968738143644,1.0,1.0
TaTS,Energy,12,96,85,0.062167841706300214,0.18365755425281047,0.9934221971834108,0.9983999312620215,1.0,1.0
MM-TSFlib,Energy,12,96,85,0.0383681805537964,0.1560036931765567,0.9383834361421252,0.9763325919344475,1.0,1.0
SpecTF,Energy,12,96,85,0.021867205359580477,0.11345277399767142,0.9837566633539148,0.996776191048847,1.0,1.0
CFA,Energy,12,96,85,0.028057901185344847,0.12613021682208295,0.9818605115681537,0.9931732895998886,1.0,1.0
Aurora,Energy,12,96,85,0.0775744496748,0.21956849552657243,0.9918757621887477,0.9991392119090023,1.0,1.0
TaTS,Energy,24,88,65,0.07307003692136506,0.21569429188817502,0.9787336677799569,0.9957766539274563,0.9987677450778569,1.0
MM-TSFlib,Energy,24,88,65,0.08517535755798726,0.2284369791676186,0.9497827629874609,0.9649098449919078,0.9928516623149516,1.0
SpecTF,Energy,24,88,65,0.04286086928429578,0.15372954650307433,0.957497029994741,0.9911681002144084,0.9977529506582286,1.0
CFA,Energy,24,88,65,0.04294213858593742,0.15449434518426036,0.948471013085265,0.9842389795011044,0.9928283816961464,1.0
Aurora,Energy,24,88,65,0.0844414643121715,0.23613095014406077,0.9688710315104208,0.9943818747266714,0.9991624754485604,1.0
TaTS,Energy,36,79,44,0.07180479170968707,0.22386325348226377,0.9522887015235345,0.98752993497587,0.9950180226249735,0.9993214784212225
MM-TSFlib,Energy,36,79,44,0.09091991733741941,0.21915206890509875,0.9086814722461096,0.9491265403413544,0.9826062587241973,0.9962447531406733
SpecTF,Energy,36,79,44,0.05394852671985726,0.1933154274975302,0.9334733615635884,0.9877496244392419,0.9964350901465048,0.9996324488534226
CFA,Energy,36,79,44,0.06126997960580227,0.20183192889030901,0.9387308114294358,0.9828004006346018,0.9931542039502476,0.9987920021723115
Aurora,Energy,36,79,44,0.11067951762408615,0.280148423409174,0.9029439961408261,0.9829418368784361,0.9952547961543117,0.9994157147442887
TaTS,Energy,48,71,24,0.03853357287224826,0.15488806443875092,0.8348845713676546,0.9538038723342279,0.9828738831092398,0.9939827454613233
MM-TSFlib,Energy,48,71,24,0.08395171704406651,0.22912454183006048,0.8889693505970485,0.9499760142683383,0.9814851480026078,0.9944752184130998
SpecTF,Energy,48,71,24,0.058346602553539434,0.20251479008841974,0.8933937679884297,0.9747347348661515,0.9943902015003557,0.9986970376961174
CFA,Energy,48,71,24,0.06441832673821252,0.21155432886250006,0.8943801263491499,0.9601232020191329,0.979202663108281,0.991656506724334
Aurora,Energy,48,71,24,0.11546832981896614,0.2786069406985183,0.8658519317859884,0.9593280459247049,0.9904530247092626,0.998181619298966
TaTS,Environment,48,1035,988,0.3811040929293479,0.4829129697298685,0.2886473089837095,0.4302266639725497,0.7031315333931484,0.908793848782457
MM-TSFlib,Environment,48,1035,988,0.3626915819972752,0.4609976874154419,0.26086079579962923,0.4018412314963131,0.6869194152793707,0.9051409357802275
SpecTF,Environment,48,1035,988,0.4017070082583321,0.4687461681617211,0.33380731369494615,0.46074980306085445,0.718964358517238,0.9153171981594029
CFA,Environment,48,1035,988,0.44588219778997523,0.4738776523724817,0.3952390550790992,0.5117074679908202,0.7440201112575909,0.9219077513845256
Aurora,Environment,48,1035,988,0.5640341287538752,0.5310348658484677,0.34731427939046783,0.47234661652267185,0.7430191322309981,0.9293684028821598
TaTS,Environment,96,1001,906,0.3800657781585243,0.4854688954247436,0.20519920616292167,0.27994987446602965,0.42155100505307064,0.6974474327115863
MM-TSFlib,Environment,96,1001,906,0.4080811877989249,0.5021859235197278,0.25867586214404903,0.3312984348610251,0.46140439308406844,0.7187521392065612
SpecTF,Environment,96,1001,906,0.449314826513587,0.5017379979580048,0.32718108189867084,0.3920072387271196,0.5097680624409777,0.7445542708105038
CFA,Environment,96,1001,906,0.5073892487779523,0.5057275503966726,0.4036145709268782,0.4601997635836431,0.5650546116672638,0.7721855831679445
Aurora,Environment,96,1001,906,0.6685500362947656,0.5841207719456147,0.40496815484667714,0.4504530612617782,0.5585295915468218,0.7821172650320604
TaTS,Environment,192,934,743,0.3682354248468726,0.46819014523162805,0.19365007630573636,0.23950411465916024,0.3051281387951678,0.42907195201391096
MM-TSFlib,Environment,192,934,743,0.45443868695382333,0.5254621722322059,0.34665750167118226,0.3838856375170917,0.4380016655748151,0.5369830291835052
SpecTF,Environment,192,934,743,0.4335239632475883,0.49968433871499707,0.31321950119482034,0.3548543325418224,0.4104470675821175,0.5135241124925715
CFA,Environment,192,934,743,0.5016672406544775,0.49179720132612387,0.4040588004798795,0.4405723812440365,0.48876262183987507,0.5790654586187473
Aurora,Environment,192,934,743,0.6431864570642545,0.5710466750300207,0.4021676191631308,0.4306399321146892,0.4690514374911395,0.5619903384840383
TaTS,Environment,336,833,498,0.3751790721284878,0.4764563869633273,0.1376278783680327,0.18838812313796316,0.24821141258322638,0.2882085069528332
MM-TSFlib,Environment,336,833,498,0.403094827140498,0.4904315119027411,0.21732952280098516,0.24048729016881973,0.298765535859767,0.33801076713398387
SpecTF,Environment,336,833,498,0.42275008454028884,0.4805517926210517,0.18953281432277866,0.2759388277433492,0.32988831770146576,0.36566249441550963
CFA,Environment,336,833,498,0.5363889769905568,0.5132379730794856,0.34959570432885395,0.42994934560221404,0.47290216270387714,0.5009471319017242
Aurora,Environment,336,833,498,0.7148640385182167,0.6013745863772701,0.3712616696302211,0.43536035503455095,0.46771744607938126,0.49291114553560283
TaTS,Health,12,90,79,0.40923697891944016,0.3686797020019657,0.959636074661889,0.9945052730348758,1.0,1.0
MM-TSFlib,Health,12,90,79,0.20146785933846997,0.2783589455267642,0.8871137823651022,0.9713728971197964,1.0,1.0
SpecTF,Health,12,90,79,0.8727553923933713,0.6003323922094701,0.9804618689644843,0.9973400152779333,1.0,1.0
CFA,Health,12,90,79,0.7914674359791342,0.5387531278521326,0.9742655814702224,0.9946770235556754,1.0,1.0
Aurora,Health,12,90,79,2.0045839335125684,1.1055112777748524,0.9898886356141782,0.9986785316787636,1.0,1.0
TaTS,Health,24,81,58,0.1307545486957746,0.2392846796666717,0.7655752988440921,0.9043074708504646,0.9793745124820227,1.0
MM-TSFlib,Health,24,81,58,0.1889344947289824,0.33901474639223406,0.7697813989011216,0.8936789075914248,0.9729206371073386,1.0
SpecTF,Health,24,81,58,0.6847350908307053,0.5665907669658057,0.9499257580499987,0.97892618546344,0.9954631152537339,1.0
CFA,Health,24,81,58,0.3599645352257519,0.42671324114780873,0.904786132416501,0.9605987324431569,0.9905708440724874,1.0
Aurora,Health,24,81,58,2.3068463494722597,1.2571781394012917,0.9768666705334398,0.9928459856226379,0.9986254588104021,1.0
TaTS,Health,36,73,38,0.2706909559282791,0.3581103150695712,0.7409096376730012,0.8544104883205766,0.9724780276387232,0.9967452017427336
MM-TSFlib,Health,36,73,38,0.26410854089984626,0.3986772402232732,0.6574384014382648,0.8172324955900917,0.9574234115075407,0.9943979593742324
SpecTF,Health,36,73,38,0.5618933744756709,0.543364039720345,0.8616818874550141,0.9302246624792254,0.985857551264461,0.998443871137187
CFA,Health,36,73,38,0.42782976312902926,0.4449531256489467,0.8197226773190456,0.9091832802127319,0.9816314479586301,0.9976631648103479
Aurora,Health,36,73,38,1.6668983398100046,1.01066714897688,0.9375600334382955,0.9731000251791571,0.9941043840578151,0.9993415859883287
TaTS,Health,48,65,18,0.36033985827944615,0.3917315776753067,0.4483043930836359,0.8545178180521434,0.9602598004067491,0.9897060736166854
MM-TSFlib,Health,48,65,18,0.2641107635717072,0.3741831826283252,0.5477570172891171,0.7703012894313614,0.9040937314906118,0.9728046347342383
SpecTF,Health,48,65,18,0.4153061979690495,0.45450592747009205,0.7000323681866754,0.9116748305514764,0.9679962858776564,0.9918815471195735
CFA,Health,48,65,18,0.36345052891679086,0.4527935335516102,0.7130614191130143,0.8845019535290818,0.9572424813395969,0.9886114754186743
Aurora,Health,48,65,18,1.1311890190567904,0.835414930072181,0.9052888186046455,0.9561807071850563,0.9876878139861728,0.996658734398409
TaTS,Security,6,18,13,1.6112873019340788,0.8823022471549802,0.8477758633013094,1.0,1.0,1.0
MM-TSFlib,Security,6,18,13,1.4716509738149801,0.8942805134380857,0.8113434056858706,1.0,1.0,1.0
SpecTF,Security,6,18,13,2.1825099632570435,1.0422989199809634,0.874672858488336,1.0,1.0,1.0
CFA,Security,6,18,13,1.6308086868465315,0.9122214125087246,0.8592437159837008,1.0,1.0,1.0
Aurora,Security,6,18,13,2.9245302527714077,1.151770097518471,0.8348347943673974,1.0,1.0,1.0
TaTS,Security,8,16,9,1.2111580290188175,0.8428371823780859,0.7908043714726046,1.0,1.0,1.0
MM-TSFlib,Security,8,16,9,1.1618752111521948,0.7485275870033851,0.7204277942154184,1.0,1.0,1.0
SpecTF,Security,8,16,9,1.5948918950572746,0.9424377005133364,0.8182654750364706,1.0,1.0,1.0
CFA,Security,8,16,9,1.0616034095325984,0.7945488214285837,0.808483146371585,1.0,1.0,1.0
Aurora,Security,8,16,9,2.5122899093741404,1.0722125008388603,0.716330963360248,1.0,1.0,1.0
TaTS,Security,10,15,6,1.0814190046053371,0.7646588940367413,0.8082359317793838,0.9668693482407289,1.0,1.0
MM-TSFlib,Security,10,15,6,1.029506913378873,0.7456782735573749,0.6665710197659483,0.9076736681569472,1.0,1.0
SpecTF,Security,10,15,6,1.5115440881753373,0.9253433713379006,0.7648709394382144,0.937921599441356,1.0,1.0
CFA,Security,10,15,6,1.3870354026593192,0.8985828929270308,0.7662494829276016,0.9434385708888203,1.0,1.0
Aurora,Security,10,15,6,2.402769632869138,1.0169270774252557,0.6056217875701685,0.8191178760813079,1.0,1.0
TaTS,Security,12,14,3,1.303597059387308,0.9382047039301445,0.6889836601299906,0.8800040040078868,1.0,1.0
MM-TSFlib,Security,12,14,3,1.1346535548969983,0.7779188706384351,0.6127710380763506,0.8134848590611286,1.0,1.0
SpecTF,Security,12,14,3,1.2487549055338423,0.8391278552977989,0.6505463277488079,0.8308969397322054,1.0,1.0
CFA,Security,12,14,3,1.1144212998600116,0.7780061908738894,0.7176718891504685,0.879093127586767,1.0,1.0
Aurora,Security,12,14,3,2.270455661116577,0.9795097378179586,0.5098773616172411,0.7901224946202887,1.0,1.0
TaTS,SocialGood,6,59,54,0.08437301705025838,0.2307885337698584,0.9863500604619724,1.0,1.0,1.0
MM-TSFlib,SocialGood,6,59,54,0.06732519991926672,0.20678360696686546,0.9540913679847967,1.0,1.0,1.0
SpecTF,SocialGood,6,59,54,0.027819042465233732,0.13041033005639394,0.9426182101097847,1.0,1.0,1.0
CFA,SocialGood,6,59,54,0.03571460085530299,0.14100763040744227,0.9500927628616261,1.0,1.0,1.0
Aurora,SocialGood,6,59,54,0.29464812711221605,0.46014190967558355,0.9953414526681148,1.0,1.0,1.0
TaTS,SocialGood,8,58,51,0.1027811393082792,0.2504364650099602,0.9843679720544839,1.0,1.0,1.0
MM-TSFlib,SocialGood,8,58,51,0.06286513116998879,0.19609371644522375,0.9005978867486116,1.0,1.0,1.0
SpecTF,SocialGood,8,58,51,0.041101952764185316,0.16161480080250734,0.93606084208449,1.0,1.0,1.0
CFA,SocialGood,8,58,51,0.05668064370348782,0.1545311152277624,0.9593493303223077,1.0,1.0,1.0
Aurora,SocialGood,8,58,51,0.3184716385006822,0.4803058125253301,0.9919901066601405,1.0,1.0,1.0
TaTS,SocialGood,10,56,47,0.13231938135491011,0.2652013959870872,0.981525795350179,0.9938191416603167,1.0,1.0
MM-TSFlib,SocialGood,10,56,47,0.08342285468515653,0.22862263005623157,0.8256508124088281,0.9682283342097878,1.0,1.0
SpecTF,SocialGood,10,56,47,0.044393176610286016,0.1672010577779184,0.9282442086313635,0.9769098848846701,1.0,1.0
CFA,SocialGood,10,56,47,0.0909603546771277,0.19855584008421034,0.9701764084765696,0.9892662732318889,1.0,1.0
Aurora,SocialGood,10,56,47,0.3353790886371197,0.4913133005022091,0.9881802972430594,0.9971021447694769,1.0,1.0
TaTS,SocialGood,12,55,44,0.10312473484415324,0.2609644662937199,0.9635640890997923,0.9863119704471148,1.0,1.0
MM-TSFlib,SocialGood,12,55,44,0.09099043929797816,0.23474683101415972,0.8128701592900708,0.9232807914754112,1.0,1.0
SpecTF,SocialGood,12,55,44,0.05563947301831907,0.1908314527700537,0.9327658971057305,0.9716669496639675,1.0,1.0
CFA,SocialGood,12,55,44,0.08372155475818424,0.1980293160868865,0.9589209946234932,0.978944180432553,1.0,1.0
Aurora,SocialGood,12,55,44,0.3393113168503327,0.4935712589380494,0.9854079269001713,0.9956477379005341,1.0,1.0
TaTS,Traffic,6,34,29,0.011241364341375619,0.07993468368190458,0.9037098983665679,1.0,1.0,1.0
MM-TSFlib,Traffic,6,34,29,0.009175519946279435,0.07564065956521308,0.6860592943071331,1.0,1.0,1.0
SpecTF,Traffic,6,34,29,0.02326968084158692,0.12353124101271575,0.9075880836304299,1.0,1.0,1.0
CFA,Traffic,6,34,29,0.008756051126955555,0.07569541653682446,0.8456609254283498,1.0,1.0,1.0
Aurora,Traffic,6,34,29,0.00818340988602469,0.0736147281767308,0.6883040419188046,1.0,1.0,1.0
TaTS,Traffic,8,32,25,0.011668526526770156,0.08306378468871117,0.835453167757439,1.0,1.0,1.0
MM-TSFlib,Traffic,8,32,25,0.014143467771974512,0.09223045825958252,0.6393763485560882,1.0,1.0,1.0
SpecTF,Traffic,8,32,25,0.011369288672901448,0.08516737878322601,0.6602146166663663,1.0,1.0,1.0
CFA,Traffic,8,32,25,0.006678988671910884,0.06853303268551826,0.772989959340693,1.0,1.0,1.0
Aurora,Traffic,8,32,25,0.008166469952220718,0.07300663992762566,0.6015685699667468,1.0,1.0,1.0
TaTS,Traffic,10,31,22,0.012615360876203876,0.0877696389501745,0.8193489629860682,0.952522458328393,1.0,1.0
MM-TSFlib,Traffic,10,31,22,0.012595497075576844,0.08607158213853836,0.6138923803141787,0.8752718114651378,1.0,1.0
SpecTF,Traffic,10,31,22,0.011196038725283235,0.08839098716324026,0.7196227988401637,0.8894652603328066,1.0,1.0
CFA,Traffic,10,31,22,0.006510870220705265,0.0671440834348852,0.6604616393075434,0.8724607215585857,1.0,1.0
Aurora,Traffic,10,31,22,0.00835408314813275,0.0742462312633341,0.5609043279601885,0.7689013160105934,1.0,1.0
TaTS,Traffic,12,30,19,0.010646775062043493,0.08044794463274772,0.7375365798101561,0.8490406950180146,1.0,1.0
MM-TSFlib,Traffic,12,30,19,0.018090016667010645,0.10491810516830076,0.49326915230312557,0.7266831577266654,1.0,1.0
SpecTF,Traffic,12,30,19,0.008276361779833543,0.07580708463986714,0.7206786048395454,0.8232545441633645,1.0,1.0
CFA,Traffic,12,30,19,0.007166512481903508,0.06926060206534569,0.6882995968057438,0.8044750611377317,1.0,1.0
Aurora,Traffic,12,30,19,0.008711181657495572,0.07669749751425627,0.5480379352788175,0.6699165425769797,1.0,1.0
