variant,cases,score,mse_ratio,mae_ratio,raw_mse_ratio,raw_mae_ratio,enabled
numeric_ablation,9,0.9815100328783785,0.9762378491292036,0.9867822166275532,0.9854607106428587,1.0000408931052622,22
no_variance_shrink,9,0.9817399455889826,0.9765047504858956,0.9869751406920699,0.9930461536887669,1.0119191897285698,19
amplitude_2,9,0.9842531442611155,0.9789971872272301,0.9895091012950012,0.9981369949273351,1.0140970843342865,17
time_shuffle_ablation,9,0.985061842503899,0.9805647898199801,0.9895588951878184,0.9888594206341069,1.0017603670149848,21
combined,9,0.985170729880951,0.9804779149129822,0.9898635448489204,0.9899571930234248,1.0030251562254762,20
utility_005,9,0.9880787009922839,0.9841762287823794,0.9919811732021883,0.991809470129126,1.0043098957310377,18
nll_030,9,0.9881028139588413,0.9842470838407665,0.9919585440769159,0.9883124598286632,0.995941184934601,20
nll_010,9,0.9892886335954825,0.9855625098766891,0.9930147573142752,0.993731083816664,1.005122121042487,19
time_attention,9,0.9897021562896037,0.986433146633588,0.9929711659456193,0.9964153073843243,1.0062326495908953,21
amplitude_1,9,0.9902909608729726,0.9867702742417362,0.9938116475042089,0.9951300303113091,1.0066249677573362,14
model_condition,9,0.9909912137053237,0.9883901307351303,0.9935922966755175,0.9982020955790487,1.004847684064992,24
coeff_8,9,0.9924376617749885,0.990221748653181,0.9946535748967957,0.996764496909746,1.0040615870598901,16
coeff_16,9,0.9928243843755062,0.9908451027350839,0.9948036660159286,0.9971789865248462,1.0026727151826518,18
control,9,0.9984492412558903,0.997931678503494,0.9989668040082863,0.9980965927646948,0.9992334175445596,14
