domain,horizon,model,baseline_mse,baseline_mae,plugin_mse,plugin_mae,mse_std,mae_std,enabled_seeds,both_better_seeds,alpha_mean,gate_mean,correction_std_units,raw_mse,raw_mae,test_windows,mse_delta_pct,mae_delta_pct,previous_mse,previous_mae
Agriculture,6,TaTS,0.4957950760406532,0.597170186592332,0.40141006356562065,0.5338172227778334,0.0024008638302885454,0.0026158134087970095,3,3,1.0,0.4942382574081421,0.47804682453473407,0.40141006356562065,0.5338172227778334,94,-19.03710162448111,-10.608862471184876,0.4895441472344312,0.5934024330572034
Agriculture,6,MM-TSFlib,3.0201228416151027,1.2793749966097216,2.3529934533366266,1.1133580175415563,0.005466550254546072,0.0016740293404281393,3,3,1.0,0.4942382574081421,0.5037623345851898,2.3529934533366266,1.1133580175415563,94,-22.089478582987322,-12.976412663066094,2.9869416339468007,1.2718481719493866
Agriculture,6,SpecTF,0.2098411645526121,0.2994838838881634,0.19651182598102035,0.2960144819660953,0.0013933141987724467,0.0008746411201011118,3,3,0.25,0.4942382574081421,0.46218698223431903,0.18293688290860197,0.31699182082575256,94,-6.352108557922998,-1.1584603074546895,0.2061042700435952,0.2978842848158897
Agriculture,6,CFA,0.1678508874953943,0.289600725715042,0.1678508874953943,0.289600725715042,0.0,0.0,0,0,0.0,0.4942382574081421,0.4573491116364797,0.18634629460792562,0.333078544683772,94,0.0,0.0,0.1678508876614367,0.289600725715042
Agriculture,6,Aurora,0.9220825499208488,0.6908093629576636,0.6160362260564778,0.5857749518632325,0.002066565774840384,0.0016520201802301235,3,3,1.0,0.4942382574081421,0.496774156888326,0.6160362260564778,0.5857749518632325,94,-33.19077276656432,-15.204543644969126,0.9016764448228798,0.6843423870861107
Agriculture,8,TaTS,0.4841925676786266,0.572499158265798,0.4454232457565692,0.5359010637022447,0.0028440978157016922,0.0009318828786845017,3,3,1.0,0.49014485875765484,0.48591744899749756,0.4454232457565692,0.5359010637022447,92,-8.007004755965152,-6.392689672141261,0.4841925685073314,0.572499158265798
Agriculture,8,MM-TSFlib,3.1082829187258283,1.2896458072506862,2.4384060559873935,1.1267343282807565,0.0010675780073358529,0.0004407914320092749,3,3,1.0,0.49014485875765484,0.5083250403404236,2.4384060559873935,1.1267343282807565,92,-21.551347810161246,-12.632265235462626,3.108282920511877,1.2896458074126556
Agriculture,8,SpecTF,0.285905947009229,0.372190048351236,0.285905947009229,0.372190048351236,0.0,0.0,0,0,0.0,0.49014485875765484,0.4828743139902751,0.2536125559876658,0.3950137230365172,92,0.0,0.0,0.2859059478604212,0.372190048351236
Agriculture,8,CFA,0.2135153200313922,0.3195646000297173,0.2135153200313922,0.3195646000297173,0.0,0.0,0,0,0.0,0.49014485875765484,0.479576180378596,0.21883104530629713,0.35930235592135484,92,0.0,0.0,0.2135153207832156,0.3195646000297173
Agriculture,8,Aurora,1.000703602706396,0.7222759692889192,0.6853170219547481,0.6192304276037907,0.0010042763299421434,0.0008158675176516716,3,3,1.0,0.49014485875765484,0.5041221380233765,0.6853170219547481,0.6192304276037907,92,-31.516482992435236,-14.266782513417542,1.0007036012213404,0.7222759692889192
Agriculture,10,TaTS,0.6602757535858196,0.6446413748794132,0.5686819418319126,0.5874444594206634,0.0028409733585263316,0.003716453142391032,3,3,1.0,0.49159425497055054,0.49242963393529254,0.5686819418319126,0.5874444594206634,90,-13.87205440400926,-8.87267210694459,0.6526901484061455,0.6408557813697391
Agriculture,10,MM-TSFlib,3.1341403583348333,1.297273069355223,2.47127944390969,1.1364522715851113,0.0016015980623807374,0.0005294491137978787,3,3,1.0,0.49159425497055054,0.5110548535982767,2.47127944390969,1.1364522715851113,90,-21.149688228300057,-12.396834681077873,3.0940259259182707,1.2885265335771772
Agriculture,10,SpecTF,0.3745156939748262,0.44496886783176,0.3581096291920783,0.441791641358976,0.0013542802386861475,0.0008893421508261776,3,3,0.25,0.49159425497055054,0.4846450289090474,0.33776401340874923,0.45571693552864917,90,-4.3806080884425285,-0.7140334307579654,0.3745156943520879,0.44496886783176
Agriculture,10,CFA,0.295766570313701,0.3709826901223924,0.295766570313701,0.37098269012239243,0.0,6.798699777552591e-17,0,0,0.0,0.49159425497055054,0.4816173017024994,0.2689347011652976,0.3911048997331548,90,0.0,2.220446049250313e-14,0.2957665703977065,0.3709826901223924
Agriculture,10,Aurora,1.0489926219606276,0.7414448785781861,0.7377220533908361,0.6443196394708423,0.00584441640669035,0.003388366047977315,3,3,1.0,0.49159425497055054,0.5071070790290833,0.7377220533908361,0.6443196394708423,90,-29.673284830927493,-13.099455119791736,1.0272187977209082,0.7349022743437025
Agriculture,12,TaTS,0.8091895099223382,0.7172219355901083,0.6863416527450313,0.6543860853169904,0.0025764495365826322,0.002896333874566871,3,3,1.0,0.49712063868840534,0.4926151732603709,0.6863416527450313,0.6543860853169904,88,-15.181592898936259,-8.761005088532114,0.8006997975203692,0.713640864261172
Agriculture,12,MM-TSFlib,3.444487867309843,1.3908870386129075,2.77434436377026,1.2365333423620521,0.005726681374870221,0.0015052386671206563,3,3,1.0,0.49712063868840534,0.5105011860529581,2.77434436377026,1.2365333423620521,88,-19.45553386614097,-11.097500513398128,3.408319799724144,1.383409130979668
Agriculture,12,SpecTF,0.3578531802557803,0.4209169678841576,0.3578531802557803,0.4209169678841576,0.0,0.0,0,0,0.0,0.49712063868840534,0.4802395900090535,0.3550372682288297,0.45863286123582814,88,0.0,0.0,0.3578531809373068,0.4209169678841576
Agriculture,12,CFA,0.3755111673285137,0.4144204809810176,0.33713828455020556,0.4025452575749821,0.0018785671452999997,0.001435204110334945,3,3,0.5,0.49712063868840534,0.48304259777069086,0.3168343346175953,0.40803789035087884,88,-10.218839309441318,-2.8655010915301315,0.3695415103924373,0.4116665048129631
Agriculture,12,Aurora,1.0627157999916093,0.7462488257072188,0.7661386140071625,0.6554551684495175,0.004896930881937447,0.0026567033460312673,3,3,1.0,0.49712063868840534,0.505038857460022,0.7661386140071625,0.6554551684495175,88,-27.9074787433092,-12.166673384263804,1.042601719417036,0.7402405762536959
Climate,6,TaTS,1.1433486550950165,0.8512762332391258,1.1433486550950165,0.8512762332391258,0.0,0.0,0,0,0.0,0.5103706320126852,5.189428331497935e-10,1.1433486552388794,0.8512762332227678,94,0.0,0.0,1.1433486500492296,0.8512762325241211
Climate,6,MM-TSFlib,1.1941477400109357,0.8785688413343399,1.1941477400109357,0.8785688413343399,0.0,0.0,0,0,0.0,0.5103706320126852,5.134214164925766e-10,1.194147740167988,0.8785688413521299,94,0.0,0.0,1.1941477411059078,0.8785688414945142
Climate,6,SpecTF,1.0572414052259045,0.8341966694260531,1.0572414052271415,0.834196669431007,0.0,0.0,0,0,0.25,0.5103706320126852,6.865470414396667e-10,1.057241405126826,0.8341966693880737,94,1.16995302334999e-10,5.938582958719962e-10,1.0572414049925405,0.8341966693732121
Climate,6,CFA,1.2072524518723515,0.8877422128843658,1.207252451854487,0.8877422128738389,0.0,0.0,0,0,0.25,0.5103706320126852,5.039120232197547e-10,1.207252451944563,0.8877422129287441,94,-1.4797718606018861e-09,-1.1858070081416372e-09,1.2072524510127576,0.8877422131882016
Climate,6,Aurora,1.1349327105336318,0.8616187951697127,1.134932710586661,0.861618795189283,0.0,1.3597399555105182e-16,0,0,0.25,0.5103706320126852,5.265822222710881e-10,1.1349327103467834,0.8616187950804016,94,4.672440212516449e-09,2.2713386726991303e-09,1.1349327217499228,0.8616187974929492
Climate,8,TaTS,1.1675973042594807,0.8678113940556574,1.1675973044417802,0.8678113941195593,0.0,0.0,0,0,0.75,0.5103696087996165,3.1310382064830833e-10,1.1675973044655703,0.8678113941252535,92,1.5613221826527024e-08,7.363576415286843e-09,1.1675973013245315,0.867811391901974
Climate,8,MM-TSFlib,1.320285579060983,0.9247054916578116,1.3202855790920218,0.924705491645316,0.0,0.0,0,0,0.75,0.5103696087996165,3.0658717231624166e-10,1.3202855790903911,0.9247054916432598,92,2.3509194591042615e-09,-1.351296852192263e-09,1.3202855798503386,0.92470549085714
Climate,8,SpecTF,1.07353160690252,0.8403140751279945,1.07353160690252,0.8403140751279944,0.0,1.3597399555105182e-16,0,0,0.0,0.5103696087996165,4.73295735936574e-10,1.073531606988552,0.8403140751411821,92,0.0,-1.1102230246251565e-14,1.0735316048267858,0.8403140750015154
Climate,8,CFA,1.1615048166871749,0.8794871590760759,1.1615048166622173,0.8794871590719634,0.0,0.0,0,0,0.75,0.5103696087996165,3.245737567603157e-10,1.1615048166577386,0.8794871590700654,92,-2.148725641859528e-09,-4.676037335116234e-10,1.1615048121002265,0.8794871568882271
Climate,8,Aurora,1.1448523384243392,0.8674248015116993,1.1448523384243392,0.8674248015116993,0.0,0.0,0,0,0.0,0.5103696087996165,3.3832728285609903e-10,1.1448523383570175,0.8674248014254061,92,0.0,0.0,1.1448523517070182,0.8674248044541024
Climate,10,TaTS,1.1619446589645592,0.8608195766972171,1.161944659133274,0.8608195767164256,0.0,0.0,0,0,1.0,0.5103893975416819,7.216317543523586e-10,1.161944659133274,0.8608195767164256,90,1.4520029623099617e-08,2.2314150527336096e-09,1.1619446530906397,0.8608195755340987
Climate,10,MM-TSFlib,1.2405914477230615,0.8979152856917224,1.2405914477542117,0.8979152856909463,0.0,0.0,0,0,0.25,0.5103893975416819,6.69491295735014e-10,1.2405914477691566,0.8979152856179927,90,2.510924801413239e-09,-8.644196469731469e-11,1.240591446480515,0.89791528550701
Climate,10,SpecTF,1.1226732238917876,0.8515015271989331,1.1226732239063784,0.8515015272516111,0.0,0.0,0,0,0.75,0.5103893975416819,9.099440645421452e-10,1.122673223894881,0.8515015272415863,90,1.2996492770867007e-09,6.186473555658267e-09,1.122673221953801,0.8515015275155504
Climate,10,CFA,1.0921057930035716,0.8498655628878623,1.0921057929917808,0.8498655628868276,0.0,0.0,0,0,0.25,0.5103893975416819,5.712367245891413e-10,1.09210579286895,0.8498655627642032,90,-1.0796363802967335e-09,-1.2174705688039467e-10,1.092105793381428,0.84986556350357
Climate,10,Aurora,1.160987237939077,0.8762681714300561,1.1609872379800612,0.8762681714604049,0.0,0.0,0,0,1.0,0.5103893975416819,6.375994177076905e-10,1.1609872379800612,0.8762681714604049,90,3.5301095380191327e-09,3.463429543160146e-09,1.160987251945506,0.8762681745613615
Climate,12,TaTS,1.1409304660185635,0.8553936386050544,1.1409304660185635,0.8553936386050544,0.0,0.0,0,0,0.0,0.5104008118311564,5.47042022791544e-10,1.140930465972848,0.8553936385541882,88,0.0,0.0,1.140930466561277,0.8553936390552818
Climate,12,MM-TSFlib,1.216266717246754,0.8851447826729616,1.216266717246754,0.8851447826729616,0.0,0.0,0,0,0.0,0.5104008118311564,4.67448357799327e-10,1.2162667169327397,0.8851447825518335,88,0.0,0.0,1.216266716641858,0.8851447832580148
Climate,12,SpecTF,1.1263081593985549,0.8685202138501953,1.1263081593978777,0.8685202138540538,0.0,0.0,0,0,0.25,0.5104008118311564,5.982810358240441e-10,1.1263081596140254,0.8685202139825957,88,-6.012967901369848e-11,4.4426684553400264e-10,1.1263081595494997,0.8685202142964541
Climate,12,CFA,1.116828027737457,0.8532134292084569,1.116828027738776,0.8532134292128665,0.0,0.0,0,0,0.25,0.5104008118311564,5.524510293675178e-10,1.1168280276352485,0.8532134292170556,88,1.1812772982011666e-10,5.168310224235029e-10,1.1168280253274565,0.8532134279693392
Climate,12,Aurora,1.1706371855200317,0.8838027416239914,1.1706371855200317,0.8838027416239914,0.0,0.0,0,0,0.0,0.5104008118311564,4.692083388491142e-10,1.170637185544917,0.8838027416310538,88,0.0,0.0,1.170637196344912,0.8838027440554773
Economy,6,TaTS,0.1627107498136308,0.3214739915690844,0.16335456252721212,0.32244295376430243,0.001115116330481615,0.0016782917527310942,1,0,0.3333333333333333,0.48724424839019775,0.08658120920881623,0.16389538604713036,0.3230252053834885,79,0.39567927399926095,0.3014123134778668,0.1627107498702051,0.3214739915690844
Economy,6,MM-TSFlib,0.8565175914521214,0.7756360827116021,0.8429333360519163,0.7686573484946572,0.023608169158847687,0.012192289029499566,2,1,0.5833333333333334,0.48724424839019775,0.07501410692930217,0.8408312736296457,0.7675879830717203,79,-1.5859867369652725,-0.8997433683780476,0.856517587448229,0.7756360819571129
Economy,6,SpecTF,0.1539855809016127,0.3086953954103124,0.15425642061566033,0.3079669540525321,0.0002633644544735195,0.002163380875930246,3,0,1.0,0.48724424839019775,0.08808594538519776,0.15425642061566033,0.3079669540525321,79,0.17588641252110904,-0.2359741572471652,0.1539855806977665,0.3086953954103124
Economy,6,CFA,0.1715874554612611,0.3179805547879215,0.1749326826198689,0.32080062674738347,0.005297455318813516,0.004276327835233403,3,1,1.0,0.48724424839019775,0.0848293310652176,0.1749326826198689,0.32080062674738347,79,1.9495755966630446,0.8868693122894955,0.1715874561188315,0.3179805547879215
Economy,6,Aurora,0.276509449314873,0.3902720029344035,0.27723719080504783,0.3911281356747811,0.0012604852357587255,0.0014828654043571173,1,0,0.3333333333333333,0.48724424839019775,0.0758167820361753,0.2913333710663795,0.40143152669009274,79,0.2631886512298287,0.2193682185605006,0.2765094516955123,0.3902720031858999
Economy,8,TaTS,0.1719353053768912,0.3322616248065001,0.16786332463851814,0.3259376308102628,0.0027709993896166585,0.0023485542081694306,3,3,1.0,0.44836626450220746,0.2231679558753967,0.16786332463851814,0.3259376308102628,77,-2.368321462219214,-1.9033176039875976,0.1719353052738598,0.3322616248548805
Economy,8,MM-TSFlib,0.9900096828286012,0.8452098264129131,0.8157371040617059,0.7557611637688302,0.011642409563735101,0.005668946050648515,3,3,0.75,0.44836626450220746,0.3348736266295114,0.7628175606614503,0.7268862790101535,77,-17.603118614857728,-10.583012625835742,0.9900096772677194,0.845209825542066
Economy,8,SpecTF,0.2079403204932559,0.3618400586502893,0.199347131188731,0.3538780678789337,0.0010622918891517196,0.0014434318868478805,3,3,1.0,0.44836626450220746,0.22710323333740234,0.199347131188731,0.3538780678789337,77,-4.1325267192726,-2.200417168031321,0.2079403209510208,0.3618400586502893
Economy,8,CFA,0.1903033874572835,0.3428347496823831,0.18360899753852955,0.33364498808786464,0.001159369455359901,0.0011891917353730197,3,3,1.0,0.44836626450220746,0.21947571635246277,0.18360899753852955,0.33364498808786464,77,-3.5177460623272427,-2.6805222058243094,0.1903033874963145,0.3428347496823831
Economy,8,Aurora,0.3013488880013191,0.4055548918905196,0.3013488880013191,0.4055548918905196,0.0,0.0,0,0,0.0,0.44836626450220746,0.1920708566904068,0.28936240754755166,0.3995979419260314,77,0.0,0.0,0.3013488889278055,0.4055548917937588
Economy,10,TaTS,0.1805854888166059,0.3368168587684631,0.17703266374036633,0.33285214776462974,0.006153673542451706,0.006867080895966801,1,1,0.3333333333333333,0.5299992859363556,0.1414555485049883,0.17338499145114142,0.3305863812764485,75,-1.9673923411684835,-1.177111804417974,0.1805854886788782,0.3368168587684631
Economy,10,MM-TSFlib,0.9352328334071816,0.8021725076436996,0.8228521794903966,0.7482519001166027,0.08263761310903317,0.04457027897248863,3,3,1.0,0.5299992859363556,0.17492306232452384,0.8228521794903966,0.7482519001166027,75,-12.016328972045054,-6.721821928986726,0.9352328318386304,0.8021725075244903
Economy,10,SpecTF,0.198226024700599,0.3472177498340607,0.19630235563944598,0.34520640608999464,0.0033318925508653775,0.0034837495562081763,1,1,0.3333333333333333,0.5299992859363556,0.14038673291603723,0.1959765695779598,0.34534196949005125,75,-0.9704422333336571,-0.5792744596228916,0.198226023968898,0.3472177498340607
Economy,10,CFA,0.2358664331758692,0.3863797624111175,0.2314931586402473,0.3812654847304026,0.007574733691144318,0.008858188787013778,1,1,0.3333333333333333,0.5299992859363556,0.14225224653879798,0.23059922854819806,0.3789266531997257,75,-1.8541317968551518,-1.323640153614758,0.2358664328103562,0.3863797625700633
Economy,10,Aurora,0.3195063754148438,0.415448498169581,0.3195063754148438,0.415448498169581,0.0,0.0,0,0,0.0,0.5299992859363556,0.14084529131650925,0.30652843277166614,0.40881926986906264,75,0.0,0.0,0.3195063771898608,0.4154484982490539
Economy,12,TaTS,0.2026182845881424,0.3596185334196918,0.20261828458814243,0.3596185334196918,3.3993498887762956e-17,0.0,0,0,0.0,0.5141104757785797,0.054053172469139064,0.2029605893558106,0.3608211315657994,73,2.220446049250313e-14,0.0,0.2026182841727849,0.3596185333516499
Economy,12,MM-TSFlib,0.9899457956350604,0.8279729322551592,0.9709953451624463,0.8200304765180547,0.017508021499713894,0.007510138672766373,2,2,0.6666666666666666,0.5141104757785797,0.0492923855781555,0.9709953451624463,0.8200304765180547,73,-1.9142917275038362,-0.9592651435441968,0.98994579527304,0.8279729316087618
Economy,12,SpecTF,0.2284524186499808,0.373276615727982,0.2284524186499808,0.37327661572798193,0.0,6.798699777552591e-17,0,0,0.0,0.5141104757785797,0.05402733385562893,0.22938010753725613,0.37448188657992865,73,0.0,-1.1102230246251565e-14,0.2284524189522842,0.3732766157960238
Economy,12,CFA,0.236684661766423,0.3859899857817175,0.236684661766423,0.3859899857817175,0.0,0.0,0,0,0.0,0.5141104757785797,0.053796298801898935,0.23516797119089328,0.38468897671550734,73,0.0,0.0,0.2366846614918831,0.3859899857136757
Economy,12,Aurora,0.3338778963764754,0.4252906970373571,0.3338778963764754,0.4252906970373571,0.0,0.0,0,0,0.0,0.5141104757785797,0.0531228110194206,0.330873004449233,0.4249098726195287,73,0.0,0.0,0.3338778977769873,0.4252906971734408
Energy,12,TaTS,0.1838611601559035,0.3366886945189952,0.1838611601559035,0.33668869451899514,0.0,6.798699777552591e-17,0,0,0.0,0.5134228865305582,1.915552612363758e-11,0.1838611601541027,0.3366886945168773,284,0.0,-1.1102230246251565e-14,0.1838611594669525,0.3366886941402355
Energy,12,MM-TSFlib,0.1333271211084098,0.2584491496857998,0.1333271211084098,0.2584491496857998,0.0,0.0,0,0,0.0,0.5134228865305582,1.0342746797897816e-10,0.1333271211067732,0.2584491496855265,284,0.0,0.0,0.1333271210552185,0.2584491496077113
Energy,12,SpecTF,0.095777299901297,0.2174307895686855,0.095777299901297,0.21743078956868547,0.0,3.3993498887762956e-17,0,0,0.0,0.5134228865305582,3.628168598890369e-11,0.09577729990208168,0.21743078957061548,284,0.0,-1.1102230246251565e-14,0.0957772998405395,0.217430789418794
Energy,12,CFA,0.10983223824033,0.2396534410247386,0.10983223824033,0.2396534410247386,0.0,0.0,0,0,0.0,0.5134228865305582,3.679728050043352e-11,0.1098322382401807,0.23965344102490524,284,0.0,0.0,0.1098322380964366,0.2396534409965913
Energy,12,Aurora,0.2606396293829479,0.3967103799447993,0.2606396293829479,0.3967103799447993,0.0,0.0,0,0,0.0,0.5134228865305582,9.099421910407912e-11,0.260639629388713,0.3967103799463878,284,0.0,0.0,0.2606396295814447,0.3967103798435935
Energy,24,TaTS,0.2679513517190791,0.3922856409649374,0.2679513517190791,0.3922856409649374,0.0,0.0,0,0,0.0,0.5132321317990621,3.6024492416908416e-11,0.2679513517189092,0.3922856409656239,272,0.0,0.0,0.2679513516919662,0.3922856408794805
Energy,24,MM-TSFlib,0.1919605954890086,0.3260582216211261,0.1919605954890086,0.3260582216211261,0.0,0.0,0,0,0.0,0.5132321317990621,6.605430091788378e-11,0.1919605954862386,0.3260582216137075,272,0.0,0.0,0.1919605948267692,0.326058221294564
Energy,24,SpecTF,0.2114401345279641,0.3374395836808171,0.2114401345279641,0.3374395836808171,0.0,0.0,0,0,0.0,0.5132321317990621,7.599028351013004e-11,0.21144013452908497,0.3374395836869985,272,0.0,0.0,0.2114401345865756,0.3374395835384277
Energy,24,CFA,0.2225238188464963,0.3491063232834801,0.2225238188464963,0.3491063232834801,0.0,0.0,0,0,0.0,0.5132321317990621,7.390175277288691e-11,0.22252381884621966,0.3491063232800962,272,0.0,0.0,0.2225238188658893,0.3491063232386117
Energy,24,Aurora,0.3169472024030514,0.4405978372586386,0.3169472024030514,0.4405978372586386,0.0,0.0,0,0,0.0,0.5132321317990621,1.660841603134955e-10,0.3169472023966283,0.4405978372492895,272,0.0,0.0,0.3169472028399095,0.4405978372062022
Energy,36,TaTS,0.3669344975156553,0.4573445645811705,0.36693449751565527,0.4573445645811705,6.798699777552591e-17,0.0,0,0,0.0,0.5133073230584463,2.8363620480087448e-11,0.3669344975158904,0.4573445645829864,260,-1.1102230246251565e-14,0.0,0.3666938502267504,0.4573440400925221
Energy,36,MM-TSFlib,0.3349672405652987,0.4457369023789855,0.3349672405654161,0.4457369023793027,0.0,0.0,0,0,0.75,0.5133073230584463,6.380332373545626e-11,0.3349672405654695,0.4457369023793027,260,3.5060843117662444e-11,7.116529587847253e-11,0.3340951353476845,0.4449743123700181
Energy,36,SpecTF,0.3061597641637478,0.4083708781987655,0.3061597641637478,0.40837087819876555,0.0,6.798699777552591e-17,0,0,0.0,0.5133073230584463,1.3447767899243956e-10,0.3061597641638485,0.40837087820071655,260,0.0,2.220446049250313e-14,0.3060218274474907,0.4085041926543897
Energy,36,CFA,0.3763866597826456,0.4566299635600537,0.3763866597826457,0.4566299635600537,6.798699777552591e-17,0.0,0,0,0.0,0.5133073230584463,6.341220604166864e-11,0.37638665978520197,0.4566299635645592,260,2.220446049250313e-14,0.0,0.3767461477703485,0.4568488267380207
Energy,36,Aurora,0.3960474992539366,0.4908856648867456,0.3960474992539366,0.4908856648867456,0.0,0.0,0,0,0.0,0.5133073230584463,1.6598669660972118e-10,0.39604749924785293,0.4908856648834001,260,0.0,0.0,0.3954865656372958,0.490571891214812
Energy,48,TaTS,0.4090589788430405,0.4906507633676219,0.4090589788430405,0.49065076336762187,0.0,6.798699777552591e-17,0,0,0.0,0.5134657820065817,4.9157931197862936e-11,0.40905897884303394,0.4906507633669715,248,0.0,-1.1102230246251565e-14,0.4089842395323066,0.4907378599734417
Energy,48,MM-TSFlib,0.4709858384610746,0.5479251636393152,0.4709858384610746,0.5479251636393152,0.0,0.0,0,0,0.0,0.5134657820065817,1.1947261235878415e-10,0.4709858384596908,0.5479251636428822,248,0.0,0.0,0.4689306465013452,0.5464419801467566
Energy,48,SpecTF,0.3815823420985617,0.4718210801977909,0.3815823420985616,0.4718210801977909,6.798699777552591e-17,0.0,0,0,0.0,0.5134657820065817,1.0741146860837604e-10,0.3815823420983704,0.4718210801960099,248,-1.1102230246251565e-14,0.0,0.381443999766197,0.4721808272505602
Energy,48,CFA,0.3953827732857235,0.4816293025588268,0.3953827732857235,0.4816293025588268,0.0,0.0,0,0,0.0,0.5134657820065817,1.0598209115864066e-10,0.395382773287635,0.48162930256566144,248,0.0,0.0,0.395786661437024,0.4822790797308151
Energy,48,Aurora,0.4675554391113816,0.536317047074805,0.4675554391074759,0.5363170470721365,0.0,0.0,0,0,1.0,0.5134657820065817,1.6275125691578296e-10,0.4675554391074759,0.5363170470721365,248,-8.35342905958214e-10,-4.975686529462564e-10,0.466601983839677,0.5359925172731461
Environment,48,TaTS,0.3035071647381012,0.4307871740492354,0.28302694665506933,0.40524948715845616,0.0004407492418415878,0.00023633984802379275,3,3,1.0,0.5896599690119425,0.16776389380296072,0.28302694665506933,0.40524948715845616,3002,-6.7478532510770854,-5.928144668453028,0.3007891714999802,0.4278312850145659
Environment,48,MM-TSFlib,0.2959664750829074,0.4276555868102547,0.2788073084733371,0.4013196717282124,0.00036379065036279363,0.0004380752019924999,3,3,1.0,0.5896599690119425,0.16743275523185727,0.2788073084733371,0.4013196717282124,3002,-5.797672390010922,-6.158206719213788,0.2938084775388589,0.4249966148716965
Environment,48,SpecTF,0.3044369833193334,0.4044716125680934,0.29711484167947,0.3901213051237508,0.0007397297657203311,0.0004511057935744987,3,3,1.0,0.5896599690119425,0.16200210154056546,0.29711484167947,0.3901213051237508,3002,-2.4051419640375826,-3.547914612159997,0.3044369833964787,0.4044716126238725
Environment,48,CFA,0.3166463410168305,0.3964216256109698,0.3167987149282936,0.39203604138733744,0.00023690064750294673,0.001326562904789191,3,1,0.4166666666666667,0.5896599690119425,0.15937138100465137,0.32073935295664735,0.38845147985520795,3002,0.048121166021930506,-1.1062928811901296,0.3166463409683321,0.3964216255846258
Environment,48,Aurora,0.3948886375720721,0.4438528716551231,0.393716783496953,0.43719625859030353,0.0006946745999663104,0.0004516780215584089,3,3,1.0,0.5896599690119425,0.160193661848704,0.393716783496953,0.43719625859030353,3002,-0.29675558211148534,-1.4997341438835687,0.3948886373822743,0.4438528716078274
Environment,96,TaTS,0.2969700848024832,0.4222759690203475,0.28206895783471597,0.3995452771889038,0.004001593314594327,0.001144272307788625,3,3,1.0,0.6328895092010498,0.24952968458334598,0.28206895783471597,0.3995452771889038,2954,-5.017719874942317,-5.38289969097161,0.2969700848795675,0.4222759690162095
Environment,96,MM-TSFlib,0.3455599921922928,0.4633080829471417,0.3126893305492806,0.4283195012250575,0.0016933607106130858,0.005353807710461498,3,3,1.0,0.6328895092010498,0.2568680793046951,0.3126893305492806,0.4283195012250575,2954,-9.512287992158742,-7.551904015902089,0.3455599920406702,0.4633080828313224
Environment,96,SpecTF,0.3294876408245237,0.4130137946776878,0.32846585599687367,0.41115177210272474,0.0017697832358928597,0.003225117704676183,1,1,0.16666666666666666,0.6328895092010498,0.21627819041411078,0.3399553958110557,0.41688664859223296,2954,-0.31011324888942093,-0.4508378652137157,0.3251572565686073,0.4094069626620839
Environment,96,CFA,0.352617796823055,0.4128519849329427,0.3579362209717629,0.4125371100491959,0.000902808687943273,0.0012185617188743669,3,0,0.6666666666666666,0.6328895092010498,0.2047904282808303,0.36636226773510244,0.4167970305394211,2954,1.5082687818439133,-0.07626822571723535,0.3526177968237466,0.4128519849729309
Environment,96,Aurora,0.436249744171275,0.4676209816556689,0.4328776915258152,0.46322513160026474,0.0030534517833503342,0.003923259946719373,2,2,0.6666666666666666,0.6328895092010498,0.21546396116415656,0.43833125494438,0.46496656295537725,2954,-0.7729638104122083,-0.9400455128938279,0.436249744115291,0.4676209816124746
Environment,192,TaTS,0.2819047584851864,0.4112357700426708,0.2676948339702892,0.3924778775651135,0.007202076213364695,0.010013709371037235,3,3,0.9166666666666666,0.8352638880411783,0.33382339278856915,0.26982555633964966,0.3936567542423665,2858,-5.0406827437941,-4.561347490664769,0.2792282606791236,0.408833815592772
Environment,192,MM-TSFlib,0.424233536785341,0.5187985242389241,0.369430695422303,0.4764149757437623,0.011365127033913723,0.0115732062824125,3,3,1.0,0.8352638880411783,0.3683994313081105,0.369430695422303,0.4764149757437623,2858,-12.91808322800463,-8.169558415251544,0.417382549368506,0.5145323638163399
Environment,192,SpecTF,0.3021611736934637,0.4118383073853191,0.29465147392934427,0.3979568771361058,0.00428341535679895,0.003738194961407588,3,3,1.0,0.8352638880411783,0.28357646365960437,0.29465147392934427,0.3979568771361058,2858,-2.4853291613626927,-3.3706020057589714,0.2990854450765782,0.4089777437618921
Environment,192,CFA,0.3571774388988438,0.4129842269542921,0.3542128939425611,0.4118241802916989,0.0022901622710281297,0.0007926018559402629,3,3,0.4166666666666667,0.8352638880411783,0.1915325646599134,0.35832644055993274,0.4170108634363212,2858,-0.8299922205115107,-0.28089369687273047,0.3571774387519107,0.4129842268859791
Environment,192,Aurora,0.4248413094029132,0.4647797003051244,0.424342226660481,0.46424365548245056,0.0008644366670733687,0.0009284568680052609,1,1,0.08333333333333333,0.8352638880411783,0.19152865558862683,0.43349873668480976,0.4700553132818719,2858,-0.11747509749785445,-0.11533309701819983,0.4248413093516699,0.4647797003090438
Environment,336,TaTS,0.3033101027995199,0.4324199708525749,0.2822530272461836,0.4098963008442242,0.006291714774774949,0.005276370528464541,3,3,1.0,0.8265742460886637,0.36619213223457336,0.2822530272461836,0.4098963008442242,2714,-6.942424719447771,-5.208748792046358,0.2956823537472258,0.42667128359371
Environment,336,MM-TSFlib,0.4371093961378358,0.5207986573842119,0.3820149480228852,0.47898008867143443,0.005642544577010307,0.005502882367190309,3,3,1.0,0.8265742460886637,0.3837100565433502,0.3820149480228852,0.47898008867143443,2714,-12.604269915437227,-8.02969979277931,0.4221270155333321,0.5119486159593172
Environment,336,SpecTF,0.3039387794760956,0.4100298751343203,0.3038673986851944,0.4031595015927753,0.004685764215522801,0.00443187419966436,3,2,1.0,0.8265742460886637,0.3007601499557495,0.3038673986851944,0.4031595015927753,2714,-0.02348525286053338,-1.6755787707650294,0.2979346604610919,0.4047147787984408
Environment,336,CFA,0.348018376314761,0.4114714629534046,0.347615879441093,0.41198026481912065,0.00044464482018170083,0.0006359235899654904,2,0,0.16666666666666666,0.8265742460886637,0.2354478687047958,0.3589377200846755,0.42423337483754225,2714,-0.11565391400595315,0.12365422915698865,0.3480479363829644,0.4131199175144778
Environment,336,Aurora,0.4190524482224486,0.4656672907165616,0.4190524482224485,0.4656672907165616,6.798699777552591e-17,0.0,0,0,0.0,0.8265742460886637,0.2269017398357391,0.4328605111541324,0.47335263994001425,2714,-1.1102230246251565e-14,0.0,0.4190524478685099,0.4656672906307553
Health,12,TaTS,1.1624856639502126,0.6905360692734764,1.1638293362361292,0.6752910850989354,0.00826471029661306,0.01347664912651529,2,1,0.3333333333333333,0.5090061525503794,0.26020056878527004,1.2167606687895784,0.6913619597269137,265,0.11558613818518637,-2.2077028055291104,1.1624998511965263,0.6897405390570572
Health,12,MM-TSFlib,1.1136970518834708,0.7451287619688394,1.0568305574131764,0.7238743876589142,0.03895762212816332,0.013858773926201419,3,3,0.5,0.5090061525503794,0.25107287988066673,0.9674735170463418,0.6995828538381712,265,-5.1061008354222,-2.8524431473783363,1.1111347492765662,0.7439392722413858
Health,12,SpecTF,1.4038450804546994,0.7974180852255333,1.4038450804546994,0.7974180852255333,0.0,0.0,0,0,0.0,0.5090061525503794,0.2508825957775116,1.4397462981928684,0.8040785202522093,265,0.0,0.0,1.4038450793465198,0.7974180852525733
Health,12,CFA,1.2511063849645137,0.7273466204651196,1.2511063849645137,0.7273466204651196,0.0,0.0,0,0,0.0,0.5090061525503794,0.24392628918091452,1.3586817835314564,0.763999740387331,265,0.0,0.0,1.2511063900795063,0.7273466209799004
Health,12,Aurora,2.9515839192135958,1.2123253232125963,2.4638706674700726,1.0938811410669345,0.3918508526709224,0.09229073058765801,3,3,1.0,0.5090061525503794,0.3055142176647981,2.4638706674700726,1.0938811410669345,265,-16.523780623979924,-9.769999840619615,2.951583919706718,1.2123253222572494
Health,24,TaTS,1.9588399705676387,0.8594140174078031,1.9588399705676387,0.859414017407803,0.0,1.3597399555105182e-16,0,0,0.0,0.6047937373320261,0.30341649055480957,1.9518744668577173,0.8761892960012473,253,0.0,-1.1102230246251565e-14,1.9611298291681407,0.8594749112955843
Health,24,MM-TSFlib,1.2781150498056244,0.7995671803353506,1.221341402815614,0.7841846353856899,0.014399945086208626,0.004308776442771724,3,3,0.4166666666666667,0.6047937373320261,0.32340606053670246,1.192317313796839,0.79124051448138,253,-4.441982511562204,-1.9238589737023637,1.276106206752755,0.7989761076058655
Health,24,SpecTF,1.8081685181614635,0.91779143712086,1.8022039096851754,0.9146460541349235,0.010331004928187107,0.005447963140904548,1,1,0.08333333333333333,0.6047937373320261,0.27848633130391437,1.841257144917371,0.9249738152698015,253,-0.3298701651078928,-0.34271217389035824,1.8081685119737,0.9177914362801706
Health,24,CFA,2.2477706654605583,0.9273627421712928,2.2259954776742563,0.9266232470788758,0.02754730314004235,0.0029611800485348423,2,1,0.25,0.6047937373320261,0.28339079022407526,2.2598284636417163,0.9546184493870346,253,-0.9687459722160008,-0.07974172983115091,2.247770659152981,0.9273627418935746
Health,24,Aurora,3.68080986261969,1.37220746561938,3.0238987073662265,1.2268534240350524,0.18146995380230346,0.03374029765340531,3,3,1.0,0.6047937373320261,0.37286583582560223,3.0238987073662265,1.2268534240350524,253,-17.846919014336958,-10.59271613266718,3.6808098775478593,1.372207467117542
Health,36,TaTS,2.6637995198269984,0.9724688034767645,2.703586917288662,0.968630815801002,0.0171806637063221,0.004342337005107221,3,0,1.0,0.4608233571052551,0.0884871159990628,2.703586917288662,0.968630815801002,241,1.493633329592603,-0.3946643493386026,2.6637995121904203,0.9724688033589216
Health,36,MM-TSFlib,1.3416884662270774,0.7957999698718254,1.3416884662270772,0.7957999698718256,2.7194799110210365e-16,1.3597399555105182e-16,0,0,0.0,0.4608233571052551,0.0869944567481676,1.3178466018405008,0.8070952103821604,241,-1.1102230246251565e-14,2.220446049250313e-14,1.3416884651688017,0.7957999696227288
Health,36,SpecTF,1.9760118218181608,0.9709013853879775,1.9760118218181608,0.9709013853879775,0.0,0.0,0,0,0.0,0.4608233571052551,0.0893829762935638,2.0043615566783033,0.9818632838394531,241,0.0,0.0,1.976011818987007,0.9709013849676108
Health,36,CFA,3.2615469383600995,1.0605147466558815,3.2615469383600995,1.0605147466558815,0.0,0.0,0,0,0.0,0.4608233571052551,0.08851826190948482,3.333084050395057,1.074307853137052,241,0.0,0.0,3.26154692370146,1.060514745261922
Health,36,Aurora,3.214042558483849,1.2744120766422784,3.214042558483849,1.2744120766422784,0.0,0.0,0,0,0.0,0.4608233571052551,0.09102435161670043,3.240998798801994,1.280825543119976,241,0.0,0.0,3.214042561077896,1.2744120767663387
Health,48,TaTS,2.4391529485784003,0.9848521591679822,2.4356994251822064,0.9801171765350598,0.005423980719777495,0.007707762495181485,2,2,0.75,0.469227135181427,0.0870261480671352,2.450554354608058,0.9775268998470737,229,-0.1415869963466876,-0.4807810582374672,2.439152943043525,0.9848521590906262
Health,48,MM-TSFlib,1.52068206965631,0.8628716780061357,1.4874064551601134,0.852734774564984,0.05763505491083574,0.017557631772457814,1,1,0.5,0.469227135181427,0.09064666328030983,1.471403892675516,0.8541247643262269,229,-2.1882032516972627,-1.1747869004781086,1.5206820689309244,0.8628716777655208
Health,48,SpecTF,1.8182009804632493,0.9114058267188972,1.8182009804632493,0.9114058267188972,0.0,0.0,0,0,0.0,0.469227135181427,0.08665768316574636,1.880129651690888,0.9280053528018696,229,0.0,0.0,1.818200983433316,0.9114058270453634
Health,48,CFA,2.486236831301244,1.0196322224856411,2.486236831319511,1.0196322224976895,3.1639146067150346e-11,2.0868247467856173e-11,0,0,0.3333333333333333,0.469227135181427,0.08693493664285905,2.5741661929749524,1.0405473089818038,229,7.347233932364361e-10,1.1816325695690466e-09,2.486236821117312,1.0196322214681577
Health,48,Aurora,3.04441356828496,1.2394286782701736,3.0444135682598685,1.2394286782570998,4.345946950269641e-11,2.26441676080165e-11,0,0,0.3333333333333333,0.469227135181427,0.09820227303086433,3.0559469650142126,1.2432019038191866,229,-8.241851645607312e-10,-1.0548228956963612e-09,3.0444135682435243,1.2394286783697122
Security,6,TaTS,72.6991374139132,4.382157450728693,72.6991374139132,4.382157450728693,0.0,0.0,0,0,0.0,0.5438828816016515,0.3935275574525197,83.74591531514535,5.42471512261713,54,0.0,0.0,72.69913674090418,4.3821574355257145
Security,6,MM-TSFlib,93.2256797838897,6.123006931733179,74.56213668900959,4.389560479255884,1.2282592205380878,0.11056618750312801,3,3,1.0,0.5438828816016515,0.3854716916879018,74.56213668900959,4.389560479255884,54,-20.01974470783677,-28.3103787371775,93.22567973938234,6.1230069236990845
Security,6,SpecTF,67.14183396997961,3.852669790137076,67.14183396997961,3.852669790137076,0.0,0.0,0,0,0.0,0.5438828816016515,0.38540136814117426,78.49824014440532,5.10957336566342,54,0.0,0.0,67.14183349199133,3.8526697799931338
Security,6,CFA,73.16995799985796,4.528802161625253,73.16995799985796,4.528802161625253,0.0,0.0,0,0,0.0,0.5438828816016515,0.39163510998090106,93.0146386979477,6.041070826009583,54,0.0,0.0,73.1699577518967,4.5288021627031725
Security,6,Aurora,77.16228360015839,4.235003895715546,79.26871148753047,4.591067115736956,1.4029982137025188,0.13259154007283272,3,0,0.5833333333333334,0.5438828816016515,0.38981950283050537,84.70126308240667,5.062808494350907,54,2.729867221513582,8.407624379794099,77.16228135948103,4.235003875361548
Security,8,TaTS,72.97911949508219,4.433972100317567,72.97911949508219,4.433972100317567,0.0,0.0,0,0,0.0,0.534198005994161,0.08645887176634041,75.96259105569708,4.656866322649876,52,0.0,0.0,72.97911925256292,4.433972103807789
Security,8,MM-TSFlib,96.53889005739344,6.252864701323023,95.16251837244492,6.068789214196538,2.383945515342348,0.3188280799787571,1,1,0.75,0.534198005994161,0.08432897021080181,95.0785189021231,6.035488273562618,52,-1.4257173291823189,-2.943858469983174,96.53889037487308,6.252864701964427
Security,8,SpecTF,70.6990198622295,4.002957388563887,70.6990198622295,4.002957388563887,0.0,0.0,0,0,0.0,0.534198005994161,0.08991779883702596,72.78386334081547,4.20320568152163,52,0.0,0.0,70.69901896497308,4.00295739248395
Security,8,CFA,91.43265867362122,5.660050303552103,91.43265867362122,5.660050303552102,0.0,1.0877919644084146e-15,0,0,0.0,0.534198005994161,0.08523172143731372,96.02871634285913,5.894664745308453,52,0.0,-1.1102230246251565e-14,91.4326587562948,5.660050311555656
Security,8,Aurora,81.18467338330083,4.406378367935899,81.83985014317712,4.465204161970178,1.1347994387566713,0.10188926505563013,1,0,0.8333333333333334,0.534198005994161,0.08832565947002856,83.28825919863688,4.58521777561803,52,0.8070202571154983,1.335014588450667,81.18467217771146,4.406378358029402
Security,10,TaTS,83.39170242577858,4.783439267786219,83.39170242202844,4.783439267649626,3.2477003984847734e-09,1.1829348540617675e-10,0,0,0.3333333333333333,0.49529369672139484,0.0012268159533662594,83.40565072292297,4.784563190044214,50,-4.4970027701651816e-09,-2.85556023271738e-09,83.39170232092721,4.78343926948309
Security,10,MM-TSFlib,97.48980175008192,6.213066877869424,97.42273116585936,6.2066737339229645,0.11616951059815475,0.01107323932317736,1,1,0.8333333333333334,0.49529369672139484,0.0012533008146594056,97.42273114672234,6.2066737325160455,50,-0.06879753883847206,-0.10289836037707945,96.44926803863416,6.115814939752221
Security,10,SpecTF,73.9949897801101,4.140486573921517,73.9949897801101,4.140486573921517,0.0,0.0,0,0,0.3333333333333333,0.49529369672139484,0.0012048675368229332,74.00645593692532,4.1425633150606105,50,0.0,0.0,73.99498989666476,4.140486572742463
Security,10,CFA,81.72534727849892,4.891687168585136,81.72534727525014,4.8916871682604155,2.8135272168856447e-09,2.8121662720721467e-10,0,0,0.6666666666666666,0.49529369672139484,0.001194652695934684,81.74143521483772,4.893427546501159,50,-3.975231255282097e-09,-6.638212202147997e-09,81.7253473516777,4.8916871753335
Security,10,Aurora,84.90057875764339,4.551266480373219,84.90970712465128,4.552287215219811,0.01581080916476973,0.00176796554449773,1,0,1.0,0.49529369672139484,0.0012090648862838024,84.90970712465128,4.552287215219811,50,0.010751831308408732,0.022427490260001903,85.02049202730926,4.563542530179023
Security,12,TaTS,80.98327342565297,4.631983135304633,80.98327342565297,4.631983135304633,0.0,0.0,0,0,0.0,0.4921473761399587,0.0019877942721112573,81.02981247085408,4.636009987863535,48,0.0,0.0,80.98327353058404,4.631983137844752
Security,12,MM-TSFlib,96.64963786673496,5.996091651229411,96.55755921964204,5.987335984941975,0.15948491746679486,0.015165260151583246,1,1,0.8333333333333334,0.4921473761399587,0.002071306348798162,96.55755922478694,5.987335985435485,48,-0.09527055571577625,-0.14602288952071385,96.649637989393,5.996091662857604
Security,12,SpecTF,78.07562570941445,4.343691432009412,78.07562570941445,4.343691432009412,0.0,0.0,0,0,0.6666666666666666,0.4921473761399587,0.0019653084067006664,78.11654829251819,4.348906004893554,48,0.0,0.0,78.0756260248761,4.343691425191032
Security,12,CFA,101.22611710260573,5.842459637763871,101.22611710260573,5.842459637763871,0.0,0.0,0,0,0.0,0.4921473761399587,0.001965224000889084,101.31990768513033,5.846653562575402,48,0.0,0.0,101.2261177744636,5.842459636533426
Security,12,Aurora,89.22429087175277,4.707309610690572,89.24185827990551,4.709025669581563,0.03042764347785926,0.0029723011879758568,1,0,0.3333333333333333,0.4921473761399587,0.0019617844727658957,89.24185828527744,4.709025669736783,48,0.019689042054693573,0.03645519485468984,89.22429023995113,4.707309598103166
SocialGood,6,TaTS,1.064878293277627,0.6525321386822702,1.0527372131845916,0.6470958333059921,0.02102896733066433,0.009415956957495586,1,1,1.0,0.5355188449223837,0.0209407186087113,1.0527372131845916,0.6470958333059921,173,-1.1401378138403029,-0.8331092147056962,1.0648782938669898,0.6525321384759077
SocialGood,6,MM-TSFlib,0.7169099234673274,0.4204102437799664,0.7169099234673274,0.4204102437799664,0.0,0.0,0,0,0.0,0.5355188449223837,0.020491672172020588,0.7160171363679805,0.418931871455213,173,0.0,0.0,0.7169099200156654,0.4204102434372253
SocialGood,6,SpecTF,0.9929525026766164,0.4120125625714765,0.9929525026766163,0.4120125625714765,1.3597399555105182e-16,0.0,0,0,0.0,0.5355188449223837,0.020566569091800522,0.9888915991320625,0.41199759586348433,173,-1.1102230246251565e-14,0.0,0.9929524954321776,0.4120125620606174
SocialGood,6,CFA,0.9942550612647436,0.4034629328022056,0.9942550613355706,0.40346293284721657,6.133802278271754e-11,3.8980633010732424e-11,0,0,0.6666666666666666,0.5355188449223837,0.020814704465938267,0.9905687254695063,0.4027210918173503,173,7.1236350152048544e-09,1.1156164880787856e-08,0.9942550496840478,0.403462932055712
SocialGood,6,Aurora,1.6768303961171411,0.8500577690591676,1.6768303961538482,0.8500577690866827,3.178926535368125e-11,2.382871262227542e-11,0,0,0.3333333333333333,0.5355188449223837,0.021620663609538942,1.6783132771276466,0.8475424105090053,173,2.189071146574406e-09,3.236855228294644e-09,1.6768303964901885,0.8500577699687325
SocialGood,8,TaTS,1.162219106256675,0.6840515832269662,1.119536851802468,0.6616923434820505,0.07392783329626916,0.03872733925680734,1,1,0.3333333333333333,0.5717230836550394,0.0630750209863072,1.119536851855108,0.6616923435256992,171,-3.6724791585710292,-3.2686481974703585,1.162219097543434,0.6840515820914063
SocialGood,8,MM-TSFlib,0.845313280627705,0.4727616383156627,0.845313280627705,0.4727616383156627,0.0,0.0,0,0,0.0,0.5717230836550394,0.04595199739947683,0.8412605610657864,0.4660525500490713,171,0.0,0.0,0.8453132897591976,0.4727616396443972
SocialGood,8,SpecTF,1.0952617932062745,0.446760548192314,1.0952617932440492,0.4467605482172196,3.271382581329447e-11,2.1568910971821244e-11,0,0,0.3333333333333333,0.5717230836550394,0.04445331798091071,1.071672408656779,0.4413423507848117,171,3.4489078259980488e-09,5.5747184646293135e-09,1.0952617962044382,0.4467605487470738
SocialGood,8,CFA,0.8982351742735893,0.4057707521759452,0.8982351742735893,0.4057707521759452,0.0,0.0,0,0,0.0,0.5717230836550394,0.044757917578722335,0.8854104652984996,0.4030451874175385,171,0.0,0.0,0.89823517771868,0.4057707524428155
SocialGood,8,Aurora,1.787518923563987,0.8869289833702908,1.7228704943837283,0.8560472454876956,0.11197436396972632,0.05348873903867944,1,1,0.3333333333333333,0.5717230836550394,0.069685379742358,1.7228704941946587,0.8560472454753846,171,-3.6166570506208418,-3.4818726709376357,1.7875189295430172,0.8869289855543546
SocialGood,10,TaTS,1.2931527146674997,0.7389791462934141,1.1891637380044262,0.6899610194331679,0.09546604142269373,0.04545720962161543,2,2,0.5833333333333334,0.5758735338846842,0.17158131806110313,1.1789651252804632,0.6846333017526494,169,-8.041507819114123,-6.633221939497513,1.293152702071202,0.7389791452364456
SocialGood,10,MM-TSFlib,0.8738624749434614,0.4942628199982694,0.8738624749434614,0.49426281999826943,0.0,6.798699777552591e-17,0,0,0.0,0.5758735338846842,0.1344165753660599,0.8618244064460887,0.47352875409405804,169,0.0,2.220446049250313e-14,0.8738624770825355,0.4942628199631381
SocialGood,10,SpecTF,1.3973327760600354,0.5299950604018419,1.3973327760557368,0.5299950603988569,7.44519873217931e-12,5.170141577565735e-12,0,0,0.08333333333333333,0.5758735338846842,0.13394639395973398,1.3199445549966984,0.5167106667288057,169,-3.076316978933846e-10,-5.632050381620957e-10,1.397332768674239,0.5299950597851851
SocialGood,10,CFA,0.9862629560847868,0.448480175912777,0.9862629560665819,0.4484801758992756,3.153171655125085e-11,2.3385181278499608e-11,0,0,0.16666666666666666,0.5758735338846842,0.13729902608923264,0.9534886824422619,0.44005012909056984,169,-1.845845698511539e-09,-3.0104807535735745e-09,0.9862629585341308,0.4484801761872141
SocialGood,10,Aurora,1.8458122988986667,0.9116577562991084,1.7435693389433606,0.8661782715711613,0.17709000135882016,0.07877277825085692,1,1,0.3333333333333333,0.5758735338846842,0.19252703592776296,1.6798417285987235,0.8350205005281118,169,-5.539185106541488,-4.988657685815334,1.8458123105731856,0.9116577583965818
SocialGood,12,TaTS,1.322838435281429,0.7108686566817576,1.322838435281429,0.7108686566817576,0.0,0.0,0,0,0.0,0.5255986650784811,0.018197956280544863,1.3236452277350865,0.7113831218115604,167,0.0,0.0,1.3228384370664317,0.7108686566194835
SocialGood,12,MM-TSFlib,0.9595029697920976,0.5390425408569243,0.9594038890906965,0.539588933951115,0.00017161330419699405,0.0009463803949345206,1,0,1.0,0.5255986650784811,0.020514855939482112,0.9594038890906965,0.539588933951115,167,-0.010326252707959505,0.10136363139763294,0.9595029720529904,0.5390425416345368
SocialGood,12,SpecTF,1.302310829209715,0.5596722319171236,1.302310829209715,0.5596722319171236,0.0,0.0,0,0,0.0,0.5255986650784811,0.020234440819553636,1.3006797329689253,0.5595259809249393,167,0.0,0.0,1.3023108138924064,0.5596722309159751
SocialGood,12,CFA,1.1426291047109751,0.4946390308919335,1.1426291047489645,0.49463903090246736,3.289971220643643e-11,9.12259908298799e-12,0,0,0.6666666666666666,0.5255986650784811,0.02055685105334164,1.1395789036418849,0.4931302284554646,167,3.3247404829239713e-09,2.1296076013754828e-09,1.1426290902530842,0.4946390299113493
SocialGood,12,Aurora,1.8754868897925865,0.9264776484421876,1.8754868897925865,0.9264776484421876,0.0,0.0,0,0,0.0,0.5255986650784811,0.01877407863195162,1.864503099370749,0.923600950682736,167,0.0,0.0,1.87548689678394,0.9264776503217376
Traffic,6,TaTS,0.2472338900095212,0.2870771830821588,0.2472338900095212,0.2870771830821588,0.0,0.0,0,0,0.0,0.4821799596150716,0.047628900657097434,0.23843950502488395,0.2862450919299498,101,0.0,0.0,0.247233890091207,0.2870771832788738
Traffic,6,MM-TSFlib,0.1518417784302557,0.2889693409401198,0.1518417784302557,0.2889693409401198,0.0,0.0,0,0,0.0,0.4821799596150716,0.0478122731049855,0.15892224264543595,0.3023699090884726,101,0.0,0.0,0.1518417787161155,0.2889693411860135
Traffic,6,SpecTF,0.1675784833883808,0.2319923746507159,0.1675784833883808,0.2319923746507159,0.0,0.0,0,0,0.0,0.4821799596150716,0.04798399905363717,0.1639982306371285,0.2307359466556668,101,0.0,0.0,0.1675784847702594,0.231992375044146
Traffic,6,CFA,0.1581198310846701,0.2111115239240942,0.1562562155008141,0.20756123330530155,0.0002301587248808571,0.0005158715490244427,3,3,1.0,0.4821799596150716,0.0476396692295869,0.1562562155008141,0.20756123330530155,101,-1.1786096475514651,-1.6817133204292456,0.1581198299266444,0.2111115237273792
Traffic,6,Aurora,0.1560285901263201,0.2350649409758375,0.1560285901263201,0.2350649409758375,0.0,0.0,0,0,0.0,0.4821799596150716,0.04785954579710953,0.15920061594065887,0.24678825837026197,101,0.0,0.0,0.1560285923625199,0.2350649415659825
Traffic,8,TaTS,0.2387636346591621,0.2842959060963958,0.23678287310674473,0.2837547774266715,0.0017343405687926614,0.00047862822539157274,2,2,0.6666666666666666,0.47610632578531903,0.0102664620305101,0.23678287310674473,0.2837547774266715,99,-0.8295909698497139,-0.1903399444453724,0.2387636348891446,0.2842959066984629
Traffic,8,MM-TSFlib,0.1581991720588987,0.2910953816214595,0.1581991720588987,0.2910953816214595,0.0,0.0,0,0,0.0,0.47610632578531903,0.010350058165689267,0.15919848374931708,0.2937269027937542,99,0.0,0.0,0.1581991739480319,0.2910953821482682
Traffic,8,SpecTF,0.1859094056423465,0.2304044176187634,0.1857856012875755,0.23020038649395516,0.0001154762777851011,0.00019716205240599542,2,2,0.4166666666666667,0.47610632578531903,0.010280243130900485,0.1857299032960583,0.2301078764263267,99,-0.0665939167215468,-0.08855347780086786,0.185909403052948,0.2304044170211059
Traffic,8,CFA,0.1592893267290143,0.2056880030367109,0.1592893267290143,0.2056880030367109,0.0,0.0,0,0,0.0,0.47610632578531903,0.0102742230519652,0.15936752431610354,0.2058541835121095,99,0.0,0.0,0.1592893258038743,0.2056880028861941
Traffic,8,Aurora,0.1619088245339784,0.2416489091936988,0.1619088245339784,0.24164890919369877,0.0,3.3993498887762956e-17,0,0,0.0,0.47610632578531903,0.010311490856111034,0.16245326900959142,0.24377568280606554,99,0.0,-1.1102230246251565e-14,0.1619088261432561,0.2416489097205075
Traffic,10,TaTS,0.2455571883151983,0.2908947578410512,0.24441621069551708,0.290521691601301,0.0010353702755988021,0.000374219464313917,2,2,0.5,0.4793088932832082,0.007473313560088434,0.24395617977998674,0.29040306487034273,97,-0.46464842976482457,-0.12824783867505518,0.2455571864377533,0.2908947578410512
Traffic,10,MM-TSFlib,0.1666901516930486,0.3120483236214549,0.1666901516930486,0.3120483236214549,0.0,0.0,0,0,0.0,0.4793088932832082,0.007589827912549166,0.16784815291819366,0.31420846417597476,97,0.0,0.0,0.1666901523675845,0.3120483235292828
Traffic,10,SpecTF,0.1998679457142848,0.2395610991538953,0.1998679457142848,0.2395610991538953,0.0,0.0,0,0,0.0,0.4793088932832082,0.0074927120852089565,0.1997046368619093,0.23912226827975194,97,0.0,0.0,0.1998679458837737,0.2395610991519751
Traffic,10,CFA,0.1732082597712524,0.2199239148921573,0.1732082597712524,0.21992391489215732,0.0,3.3993498887762956e-17,0,0,0.0,0.4793088932832082,0.007511592470109434,0.17337565539372765,0.22027032118021825,97,0.0,2.220446049250313e-14,0.1732082579442522,0.2199239142776764
Traffic,10,Aurora,0.1672121864395234,0.248815129804857,0.1672121864395234,0.248815129804857,0.0,0.0,0,0,0.0,0.4793088932832082,0.007548251810173166,0.1676473173054891,0.2505315291820113,97,0.0,0.0,0.1672121884100846,0.2488151304500619
Traffic,12,TaTS,0.2223404415807981,0.2859304013482311,0.2223404415807981,0.2859304013482311,0.0,0.0,0,0,0.0,0.5083729525407156,0.0,0.2223404415807981,0.2859304013482311,95,0.0,0.0,0.2223404424172898,0.2859304015573702
Traffic,12,MM-TSFlib,0.1754925299691905,0.3309463593259192,0.1754925299691905,0.3309463593259192,0.0,0.0,0,0,0.0,0.5083729525407156,0.0,0.1754925299691905,0.3309463593259192,95,0.0,0.0,0.1754925285456282,0.3309463587769291
Traffic,12,SpecTF,0.1889477128070527,0.2395439922286753,0.1889477128070527,0.2395439922286753,0.0,0.0,0,0,0.0,0.5083729525407156,0.0,0.1889477128070527,0.2395439922286753,95,0.0,0.0,0.1889477112484695,0.239543991470546
Traffic,12,CFA,0.1769906016029538,0.2268597012549116,0.1769906016029538,0.2268597012549116,0.0,0.0,0,0,0.0,0.5083729525407156,0.0,0.1769906016029538,0.2268597012549116,95,0.0,0.0,0.1769906006536231,0.2268597009412029
Traffic,12,Aurora,0.1734998747451153,0.257084223079054,0.1734998747451153,0.257084223079054,0.0,0.0,0,0,0.0,0.5083729525407156,0.0,0.1734998747451153,0.257084223079054,95,0.0,0.0,0.1734998762860518,0.2570842235234746
