model,domain,horizon,seed_count,enabled_seeds,baseline_mse,plugin_mse,mse_std,mse_delta_pct,baseline_mae,plugin_mae,mae_std,mae_delta_pct
TaTS,Agriculture,6,3,3,0.49579507604065326,0.4014099573914715,0.0024008868843883773,-19.037123039407224,0.597170186592332,0.5338171457708868,0.0026158442253271913,-10.608875366494841
MM-TSFlib,Agriculture,6,3,3,3.0201228416151027,2.352992130939326,0.005466591557002553,-22.089522369196356,1.2793749966097216,1.1133576649159684,0.0016740388206342852,-12.976440225398388
SpecTF,Agriculture,6,3,3,0.2098411645526121,0.19651180213955355,0.0013933143249008253,-6.352119919595934,0.29948388388816344,0.29601447872518083,0.0008746385534979832,-1.1584613896212792
CFA,Agriculture,6,3,0,0.16785088749539434,0.16785088749539434,0.0,0.0,0.28960072571504203,0.28960072571504203,0.0,0.0
Aurora,Agriculture,6,3,3,0.9220825499208489,0.6160356474338037,0.00206655053441503,-33.19083551828588,0.6908093629576636,0.5857747328901404,0.0016519979560237342,-15.204575343018378
TaTS,Agriculture,8,3,3,0.4841925676786266,0.44542332624822273,0.002844132098787155,-8.006988132072323,0.572499158265798,0.5359012409504773,0.0009319148938085393,-6.3926587117057565
MM-TSFlib,Agriculture,8,3,3,3.1082829187258283,2.438409532022639,0.0010674888940163099,-21.5512359787953,1.2896458072506862,1.1267352222424487,0.0004407682095924957,-12.632195917074018
SpecTF,Agriculture,8,3,0,0.285905947009229,0.285905947009229,0.0,0.0,0.37219004835123604,0.372190048351236,6.798699777552591e-17,-1.1102230246251565e-14
CFA,Agriculture,8,3,0,0.2135153200313922,0.2135153200313922,0.0,0.0,0.3195646000297173,0.3195646000297173,0.0,0.0
Aurora,Agriculture,8,3,3,1.000703602706396,0.6853185893626463,0.0010042129732207568,-31.51632636185111,0.7222759692889192,0.6192309787847857,0.0008158289662913646,-14.26670620172803
TaTS,Agriculture,10,3,3,0.6602757535858196,0.5686815968912184,0.0028409512747111154,-13.872106645923676,0.6446413748794132,0.5874441651061729,0.003716437114044563,-8.872717762482996
MM-TSFlib,Agriculture,10,3,3,3.1341403583348333,2.471275613394934,0.0016016412351206708,-21.14981044729213,1.297273069355223,1.136451283207646,0.000529459865971775,-12.396910869930366
SpecTF,Agriculture,10,3,3,0.3745156939748262,0.3581095384883252,0.0013542650702246426,-4.380632307388366,0.44496886783176,0.44179163067429156,0.0008893338862304821,-0.7140358319786322
CFA,Agriculture,10,3,0,0.29576657031370107,0.29576657031370107,0.0,0.0,0.37098269012239243,0.37098269012239243,0.0,0.0
Aurora,Agriculture,10,3,3,1.0489926219606276,0.7377202577328122,0.005844206073499604,-29.6734560102081,0.7414448785781861,0.644319008588791,0.00338827816847943,-13.099540207985005
TaTS,Agriculture,12,3,3,0.8091895099223382,0.6863420606258496,0.0025764124131789578,-15.181542492843104,0.7172219355901083,0.6543863240742321,0.0028963007932355125,-8.760971799360394
MM-TSFlib,Agriculture,12,3,3,3.444487867309843,2.7743474664125984,0.005726612593368974,-19.455443790563464,1.3908870386129075,1.2365340930644912,0.001505220941721963,-11.097446540471623
SpecTF,Agriculture,12,3,0,0.35785318025578033,0.35785318025578033,0.0,0.0,0.42091696788415767,0.4209169678841576,6.798699777552591e-17,-1.1102230246251565e-14
CFA,Agriculture,12,3,3,0.37551116732851375,0.33713840813842477,0.001878547522028126,-10.218806397445645,0.4144204809810176,0.40254526352039494,0.0014351898184501934,-2.8654996568971636
Aurora,Agriculture,12,3,3,1.0627157999916093,0.7661397881194146,0.004896795891610178,-27.907368261066246,0.7462488257072188,0.6554555491817118,0.0026566430600673224,-12.166622364794
TaTS,Climate,6,3,0,1.1433486550950163,1.1433486550950163,0.0,0.0,0.8512762332391258,0.8512762332391258,0.0,0.0
MM-TSFlib,Climate,6,3,0,1.1941477400109357,1.1941477400109357,0.0,0.0,0.8785688413343399,0.8785688413343399,0.0,0.0
SpecTF,Climate,6,3,0,1.0572414052259043,1.0572414052328372,0.0,6.55764331725095e-10,0.8341966694260531,0.8341966694384378,1.3597399555105182e-16,1.4846346374497443e-09
CFA,Climate,6,3,0,1.2072524518723515,1.207252451827332,0.0,-3.7290948107226995e-09,0.8877422128843658,0.887742212835653,1.3597399555105182e-16,-5.48726619697959e-09
Aurora,Climate,6,3,0,1.1349327105336318,1.1349327105976588,0.0,5.6414872773302704e-09,0.8616187951697127,0.8616187952014096,0.0,3.678768401016441e-09
TaTS,Climate,8,3,0,1.1675973042594807,1.1675973043756265,0.0,9.947420664957463e-09,0.8678113940556574,0.8678113940455342,1.3597399555105182e-16,-1.1665224342038982e-09
MM-TSFlib,Climate,8,3,0,1.3202855790609833,1.3202855790648724,0.0,2.9456437289354653e-10,0.9247054916578117,0.924705491632504,0.0,-2.736832982463966e-09
SpecTF,Climate,8,3,0,1.07353160690252,1.07353160690252,0.0,0.0,0.8403140751279945,0.8403140751279944,1.3597399555105182e-16,-1.1102230246251565e-14
CFA,Climate,8,3,0,1.1615048166871749,1.1615048166871749,0.0,0.0,0.8794871590760759,0.8794871590760759,0.0,0.0
Aurora,Climate,8,3,0,1.1448523384243392,1.1448523384243392,0.0,0.0,0.8674248015116993,0.8674248015116993,0.0,0.0
TaTS,Climate,10,3,0,1.1619446589645592,1.1619446589774514,0.0,1.109534686349889e-09,0.8608195766972171,0.8608195766846701,0.0,-1.4575562978791368e-09
MM-TSFlib,Climate,10,3,0,1.2405914477230617,1.2405914477497597,0.0,2.152034106472911e-09,0.8979152856917224,0.8979152856996128,0.0,8.787415239908114e-10
SpecTF,Climate,10,3,0,1.1226732238917876,1.1226732238917876,0.0,0.0,0.8515015271989331,0.8515015271989331,0.0,0.0
CFA,Climate,10,3,0,1.0921057930035716,1.0921057930063105,0.0,2.5079938126282286e-10,0.8498655628878623,0.8498655628920014,1.3597399555105182e-16,4.870326364425637e-10
Aurora,Climate,10,3,0,1.160987237939077,1.1609872381995572,0.0,2.243607521990043e-08,0.8762681714300561,0.8762681715233095,1.3597399555105182e-16,1.0642109415925916e-08
TaTS,Climate,12,3,0,1.1409304660185637,1.1409304659432564,0.0,-6.600520130461973e-09,0.8553936386050544,0.8553936385356399,0.0,-8.114919847201918e-09
MM-TSFlib,Climate,12,3,0,1.216266717246754,1.2162667169387846,0.0,-2.5320878727086438e-08,0.8851447826729616,0.8851447825359621,0.0,-1.54776413907598e-08
SpecTF,Climate,12,3,0,1.1263081593985549,1.1263081593985549,0.0,0.0,0.8685202138501953,0.8685202138501952,1.3597399555105182e-16,-1.1102230246251565e-14
CFA,Climate,12,3,0,1.116828027737457,1.1168280277392026,0.0,1.5631940186722204e-10,0.8532134292084569,0.8532134292290721,0.0,2.416178368491728e-09
Aurora,Climate,12,3,0,1.1706371855200317,1.1706371855200317,0.0,0.0,0.8838027416239914,0.8838027416239914,0.0,0.0
TaTS,Economy,6,3,1,0.16271074981363087,0.16335459751249948,0.0011151769267767303,0.395700775521024,0.32147399156908446,0.32244299362648055,0.0016783607960487597,0.30142471329219767
MM-TSFlib,Economy,6,3,2,0.8565175914521214,0.8429338381750222,0.023607298217655375,-1.5859281131715641,0.7756360827116021,0.7686576299191192,0.012191801594014567,-0.89970708532362
SpecTF,Economy,6,3,3,0.15398558090161274,0.1542564141217095,0.0002633619371624608,0.17588219527504556,0.3086953954103124,0.3079669504058344,0.0021633865939947026,-0.2359753385727581
CFA,Economy,6,3,3,0.17158745546126114,0.1749326772734787,0.0052974473095667865,1.949572480823214,0.3179805547879215,0.32080059857978765,0.004276281526638643,0.886860454013294
Aurora,Economy,6,3,1,0.276509449314873,0.2772371906169744,0.00126048491000593,0.26318858321283667,0.39027200293440356,0.3911281356747811,0.0014828654043570855,0.2193682185605006
TaTS,Economy,8,3,3,0.17193530537689122,0.16786330002046856,0.0027710577836031,-2.36833578042428,0.3322616248065001,0.32593760652330533,0.0023485962451105374,-1.9033249135760766
MM-TSFlib,Economy,8,3,3,0.9900096828286012,0.8157366025368908,0.011641535037303495,-17.60316927343447,0.8452098264129131,0.7557608910969326,0.005668479455897935,-10.583044886688498
SpecTF,Economy,8,3,3,0.20794032049325598,0.19934704701231057,0.001062371380598909,-4.132567200320391,0.3618400586502893,0.35387797269857285,0.0014434942000902523,-2.2004434725707456
CFA,Economy,8,3,3,0.19030338745728353,0.1836090674726584,0.0011593369915555468,-3.5177093135705606,0.3428347496823831,0.33364505640098024,0.001189207378279128,-2.68050227986415
Aurora,Economy,8,3,0,0.30134888800131915,0.30134888800131915,0.0,0.0,0.40555489189051963,0.40555489189051963,0.0,0.0
TaTS,Economy,10,3,1,0.18058548881660597,0.17703266322367373,0.006153674437389679,-1.9673926272892994,0.3368168587684631,0.33285214840041266,0.006867079794758502,-1.1771116156557682
MM-TSFlib,Economy,10,3,3,0.9352328334071817,0.8228522108370374,0.08263758115724845,-12.016325620297808,0.8021725076436996,0.748251916885376,0.04457026024214248,-6.721819838566889
SpecTF,Economy,10,3,1,0.19822602470059905,0.19630235467279442,0.0033318942251550645,-0.9704427209848765,0.3472177498340607,0.3452064050303565,0.0034837513915552663,-0.5792747648026175
CFA,Economy,10,3,1,0.23586643317586922,0.23149315931431738,0.007574732523620712,-1.8541315110705003,0.38637976241111754,0.38126548642582364,0.008858185850458453,-1.3236397148182366
Aurora,Economy,10,3,0,0.31950637541484384,0.31950637541484384,0.0,0.0,0.41544849816958107,0.415448498169581,6.798699777552591e-17,-1.1102230246251565e-14
TaTS,Economy,12,3,0,0.20261828458814246,0.20261828458814246,0.0,0.0,0.3596185334196918,0.3596185334196918,0.0,0.0
MM-TSFlib,Economy,12,3,2,0.9899457956350605,0.9709953251999625,0.017508040019527285,-1.9142937440267738,0.8279729322551592,0.8200304678427212,0.007510146229878342,-0.9592661913240486
SpecTF,Economy,12,3,0,0.22845241864998087,0.22845241864998087,0.0,0.0,0.37327661572798204,0.37327661572798204,0.0,0.0
CFA,Economy,12,3,0,0.23668466176642305,0.23668466176642303,3.3993498887762956e-17,-1.1102230246251565e-14,0.3859899857817175,0.3859899857817175,0.0,0.0
Aurora,Economy,12,3,0,0.3338778963764754,0.3338778963764754,0.0,0.0,0.42529069703735717,0.42529069703735717,0.0,0.0
TaTS,Energy,12,3,0,0.1838611601559035,0.1838611601559035,0.0,0.0,0.3366886945189952,0.33668869451899514,6.798699777552591e-17,-1.1102230246251565e-14
MM-TSFlib,Energy,12,3,0,0.1333271211084098,0.1333271211084098,0.0,0.0,0.2584491496857998,0.2584491496857998,0.0,0.0
SpecTF,Energy,12,3,0,0.09577729990129709,0.09577729990129709,0.0,0.0,0.21743078956868556,0.21743078956868556,0.0,0.0
CFA,Energy,12,3,0,0.10983223824033,0.10983223824033,0.0,0.0,0.23965344102473868,0.2396534410247387,3.3993498887762956e-17,2.220446049250313e-14
Aurora,Energy,12,3,0,0.2606396293829479,0.2606396293829479,0.0,0.0,0.39671037994479935,0.39671037994479935,0.0,0.0
TaTS,Energy,24,3,0,0.2679513517190791,0.2679513517190791,0.0,0.0,0.3922856409649374,0.3922856409649374,0.0,0.0
MM-TSFlib,Energy,24,3,0,0.19196059548900862,0.1919605954890086,3.3993498887762956e-17,-1.1102230246251565e-14,0.32605822162112613,0.32605822162112613,0.0,0.0
SpecTF,Energy,24,3,0,0.2114401345279641,0.2114401345279641,0.0,0.0,0.3374395836808171,0.3374395836808171,0.0,0.0
CFA,Energy,24,3,0,0.22252381884649639,0.22252381884649639,0.0,0.0,0.3491063232834801,0.3491063232834801,0.0,0.0
Aurora,Energy,24,3,0,0.3169472024030514,0.3169472024030514,0.0,0.0,0.4405978372586386,0.4405978372586386,0.0,0.0
TaTS,Energy,36,3,0,0.3669344975156553,0.36693449751565527,6.798699777552591e-17,-1.1102230246251565e-14,0.4573445645811705,0.4573445645811705,0.0,0.0
MM-TSFlib,Energy,36,3,0,0.33496724056529875,0.3349672405660706,0.0,2.30415686530705e-10,0.44573690237898556,0.44573690237907887,0.0,2.0938806244430452e-11
SpecTF,Energy,36,3,0,0.30615976416374785,0.30615976416374785,0.0,0.0,0.40837087819876555,0.40837087819876555,0.0,0.0
CFA,Energy,36,3,0,0.3763866597826456,0.3763866597826457,6.798699777552591e-17,2.220446049250313e-14,0.45662996356005375,0.45662996356005375,0.0,0.0
Aurora,Energy,36,3,0,0.3960474992539366,0.3960474992539366,0.0,0.0,0.4908856648867456,0.4908856648867456,0.0,0.0
TaTS,Energy,48,3,0,0.40905897884304054,0.40905897884304054,0.0,0.0,0.4906507633676219,0.49065076336762187,6.798699777552591e-17,-1.1102230246251565e-14
MM-TSFlib,Energy,48,3,0,0.47098583846107467,0.4709858384610747,6.798699777552591e-17,2.220446049250313e-14,0.5479251636393152,0.5479251636393152,0.0,0.0
SpecTF,Energy,48,3,0,0.3815823420985617,0.3815823420985616,6.798699777552591e-17,-1.1102230246251565e-14,0.47182108019779095,0.47182108019779095,0.0,0.0
CFA,Energy,48,3,0,0.3953827732857235,0.3953827732857235,0.0,0.0,0.4816293025588268,0.4816293025588268,0.0,0.0
Aurora,Energy,48,3,0,0.4675554391113816,0.46755543909884273,0.0,-2.6817881249030506e-09,0.536317047074805,0.5363170470703638,0.0,-8.280931496074118e-10
TaTS,Environment,48,3,3,0.3035071647381012,0.2830269421453498,0.00044074871000199006,-6.747854736946312,0.4307871740492354,0.4052494792911007,0.00023633658857024126,-5.928146494727327
MM-TSFlib,Environment,48,3,3,0.29596647508290747,0.27880730590540437,0.00036378956617389064,-5.797673257654057,0.4276555868102547,0.40131966389484514,0.0004380746646493015,-6.158208550913768
SpecTF,Environment,48,3,3,0.30443698331933344,0.2971148428935524,0.0007397305472913575,-2.405141565241642,0.40447161256809344,0.390121302430847,0.0004511039431369784,-3.547915277943159
CFA,Environment,48,3,3,0.31664634101683053,0.3167987155848255,0.00023690103041528948,0.04812137336109856,0.39642162561096983,0.3920360404894691,0.0013265628484322323,-1.1062931076834204
Aurora,Environment,48,3,3,0.39488863757207215,0.3937167859329862,0.0006946759083264637,-0.29675496522031386,0.4438528716551231,0.43719625836843123,0.00045167841780340814,-1.4997341938713715
TaTS,Environment,96,3,3,0.29697008480248327,0.28206907585868085,0.004001794796607575,-5.01768013223055,0.42227596902034753,0.3995454283523787,0.0011440570798347497,-5.382863893652812
MM-TSFlib,Environment,96,3,3,0.3455599921922928,0.3126895143997499,0.0016930419021850475,-9.512234788525964,0.46330808294714176,0.4283196969371826,0.005353468240385148,-7.551861773573021
SpecTF,Environment,96,3,1,0.3294876408245237,0.3284657818383463,0.0017699116822300549,-0.31013575611523736,0.41301379467768784,0.41115173565194735,0.003225180839274833,-0.4508466907730324
CFA,Environment,96,3,3,0.35261779682305505,0.35793619412366623,0.0009027666491681623,1.5082611679069435,0.4128519849329427,0.4125371313069806,0.0012185976633220174,-0.07626307670852706
Aurora,Environment,96,3,2,0.43624974417127504,0.43287769144768995,0.003053451757445374,-0.7729638283205942,0.4676209816556689,0.46322513149805405,0.003923260011258432,-0.9400455347514103
TaTS,Environment,192,3,3,0.2819047584851864,0.2676948192214623,0.0072020579141013315,-5.040687975641534,0.4112357700426708,0.39247785424050935,0.010013685298606249,-4.561353162497294
MM-TSFlib,Environment,192,3,3,0.424233536785341,0.3694306601731849,0.011365087128409125,-12.91809153689939,0.5187985242389241,0.47641493784168604,0.011573168177694819,-8.1695657209925
SpecTF,Environment,192,3,3,0.3021611736934637,0.2946514782892825,0.004283415776457467,-2.4853277184445965,0.4118383073853191,0.39795686899979316,0.003738181488398585,-3.3706039813674704
CFA,Environment,192,3,3,0.35717743889884385,0.3542128981426486,0.002290161004455873,-0.8299910446008973,0.41298422695429216,0.4118241776111768,0.0007926014267487805,-0.28089434593436824
Aurora,Environment,192,3,1,0.4248413094029132,0.4243422256382483,0.0008644384376323846,-0.11747533811302668,0.46477970030512444,0.4642436540510804,0.000928459347211217,-0.11533340498565137
TaTS,Environment,336,3,3,0.3033101027995199,0.2822530093932814,0.006291689767679253,-6.942430605470696,0.4324199708525749,0.40989628208762047,0.005276356245239798,-5.2087531296359675
MM-TSFlib,Environment,336,3,3,0.4371093961378358,0.3820149120554676,0.005642545771543705,-12.604278143907699,0.5207986573842119,0.4789800580253831,0.005502885923366026,-8.02970567721294
SpecTF,Environment,336,3,3,0.3039387794760956,0.30386739224670056,0.0046857438573207205,-0.023487371212749242,0.4100298751343203,0.4031594885168895,0.004431852001106978,-1.675581959773098
CFA,Environment,336,3,2,0.34801837631476107,0.3476158792907182,0.0004446453447131805,-0.11565395721484517,0.4114714629534046,0.4119802640970925,0.0006359233139513862,0.12365405368233162
Aurora,Environment,336,3,0,0.4190524482224486,0.4190524482224485,6.798699777552591e-17,-1.1102230246251565e-14,0.46566729071656165,0.4656672907165616,6.798699777552591e-17,-1.1102230246251565e-14
TaTS,Health,12,3,2,1.1624856639502126,1.1638449843361165,0.008261347662747802,0.11693222790247759,0.6905360692734764,0.6753150650402558,0.013453990991554659,-2.204230149662545
MM-TSFlib,Health,12,3,3,1.1136970518834708,1.056841375269993,0.03894795350729993,-5.105129488968673,0.7451287619688394,0.7238839657866268,0.013850350595142008,-2.8511577148193523
SpecTF,Health,12,3,0,1.4038450804546994,1.4038450804546994,0.0,0.0,0.7974180852255333,0.7974180852255333,0.0,0.0
CFA,Health,12,3,0,1.2511063849645137,1.2511063849645137,0.0,0.0,0.7273466204651196,0.7273466204651196,0.0,0.0
Aurora,Health,12,3,3,2.9515839192135953,2.4638170217101805,0.3918978411477765,-16.525598148446786,1.2123253232125963,1.0938653927518338,0.09230436648701673,-9.771298857871757
TaTS,Health,24,3,0,1.9588399705676387,1.9588399705676387,0.0,0.0,0.8594140174078031,0.859414017407803,1.3597399555105182e-16,-1.1102230246251565e-14
MM-TSFlib,Health,24,3,3,1.2781150498056244,1.2213412369038972,0.014400199188801512,-4.441995492531081,0.7995671803353506,0.7841845786423209,0.004308845476682058,-1.9238660704630095
SpecTF,Health,24,3,1,1.8081685181614635,1.8022039352865777,0.010330960585257268,-0.3298687492330976,0.91779143712086,0.9146460728680635,0.0054479306941542785,-0.34271013277956675
CFA,Health,24,3,2,2.2477706654605583,2.22599654140789,0.027545640684226814,-0.9686986482763338,0.9273627421712928,0.926623445013477,0.002961377418962957,-0.07972038601472553
Aurora,Health,24,3,3,3.68080986261969,3.0239001352480686,0.18146979816193834,-17.84688022173708,1.3722074656193801,1.226853909028134,0.03374001231643717,-10.592680788661724
TaTS,Health,36,3,3,2.6637995198269984,2.7035868261574847,0.01718063976535849,1.4936299084951532,0.9724688034767643,0.9686308138210068,0.004342330858769767,-0.39466455294360214
MM-TSFlib,Health,36,3,0,1.3416884662270774,1.3416884662270772,2.7194799110210365e-16,-1.1102230246251565e-14,0.7957999698718254,0.7957999698718256,1.3597399555105182e-16,2.220446049250313e-14
SpecTF,Health,36,3,0,1.9760118218181606,1.9760118218181606,0.0,0.0,0.9709013853879775,0.9709013853879775,0.0,0.0
CFA,Health,36,3,0,3.2615469383600995,3.2615469383600995,0.0,0.0,1.0605147466558817,1.0605147466558817,0.0,0.0
Aurora,Health,36,3,0,3.2140425584838486,3.2140425584838486,0.0,0.0,1.2744120766422784,1.2744120766422784,0.0,0.0
TaTS,Health,48,3,2,2.4391529485784003,2.4356994289580025,0.005423975210683196,-0.14158684154720325,0.9848521591679822,0.9801171916783419,0.0077077385987562325,-0.48077952061763574
MM-TSFlib,Health,48,3,1,1.5206820696563101,1.4874065586171585,0.057634875675984173,-2.188196448365587,0.8628716780061357,0.8527347888391691,0.017557606996927752,-1.174785246213006
SpecTF,Health,48,3,0,1.8182009804632495,1.8182009804611994,3.550942896675889e-12,-1.127542503809309e-10,0.9114058267188971,0.9114058267171222,3.0741122505455105e-12,-1.947442207494987e-10
CFA,Health,48,3,0,2.486236831301244,2.486236831301244,0.0,0.0,1.0196322224856413,1.0196322224856413,0.0,0.0
Aurora,Health,48,3,0,3.04441356828496,3.0444135682849605,5.438959822042073e-16,2.220446049250313e-14,1.2394286782701736,1.2394286782701736,0.0,0.0
TaTS,Security,6,3,0,72.6991374139132,72.6991374139132,0.0,0.0,4.382157450728693,4.382157450728693,0.0,0.0
MM-TSFlib,Security,6,3,3,93.2256797838897,74.55925241876317,1.2317455625733875,-20.022838565938006,6.123006931733179,4.389661030854394,0.1103872890150678,-28.308736544058487
SpecTF,Security,6,3,0,67.14183396997961,67.14183396997961,0.0,0.0,3.8526697901370763,3.8526697901370763,0.0,0.0
CFA,Security,6,3,0,73.16995799985796,73.16995799985796,0.0,0.0,4.528802161625253,4.528802161625253,0.0,0.0
Aurora,Security,6,3,3,77.16228360015839,79.28809600617852,1.382930589449574,2.7549889749708845,4.235003895715546,4.592488765282511,0.13124476436298207,8.441193405480064
TaTS,Security,8,3,0,72.97911949508219,72.97911949508219,0.0,0.0,4.433972100317567,4.433972100317567,0.0,0.0
MM-TSFlib,Security,8,3,1,96.53889005739344,95.16251747405742,2.383947179933249,-1.4257182597787854,6.252864701323023,6.068789878250428,0.31882693937757123,-2.9438478499886234
SpecTF,Security,8,3,0,70.6990198622295,70.6990198622295,0.0,0.0,4.002957388563887,4.002957388563887,0.0,0.0
CFA,Security,8,3,0,91.43265867362122,91.43265867362122,0.0,0.0,5.660050303552103,5.660050303552102,1.0877919644084146e-15,-1.1102230246251565e-14
Aurora,Security,8,3,1,81.18467338330083,81.83984320753761,1.1347874231640809,0.8070117140750233,4.406378367935899,4.465203512289102,0.1018881387823213,1.3349998443451527
TaTS,Security,10,3,0,83.39170242577858,83.3917024227843,2.5931095419041793e-09,-3.5906055906309575e-09,4.783439267786219,4.783439267689362,8.388117075020016e-11,-2.0248580590020993e-09
MM-TSFlib,Security,10,3,1,97.48980175008192,97.42273132558635,0.1161693323502495,-0.0687973749987747,6.213066877869424,6.206673749258198,0.01107322129929374,-0.10289811355480571
SpecTF,Security,10,3,0,73.9949897801101,73.9949897801101,0.0,0.0,4.140486573921517,4.140486573921517,0.0,0.0
CFA,Security,10,3,0,81.72534727849892,81.72534727800492,4.278063805025755e-10,-6.044609257571665e-10,4.891687168585136,4.891687168511251,6.398594240287836e-11,-1.5104140160815405e-09
Aurora,Security,10,3,1,84.90057875764339,84.9097071622486,0.015810862027212946,0.01075187559234081,4.551266480373219,4.552287217127159,0.0017679678157397263,0.022427532168056707
TaTS,Security,12,3,0,80.98327342565297,80.98327342565297,0.0,0.0,4.631983135304633,4.631983135304633,0.0,0.0
MM-TSFlib,Security,12,3,1,96.64963786673496,96.55755705345467,0.1594885376035543,-0.09527279699408364,5.996091651229411,5.98733577907677,0.015165604906943525,-0.14602632284390626
SpecTF,Security,12,3,0,78.07562570941445,78.07562570941445,0.0,0.0,4.343691432009412,4.343691432009412,0.0,0.0
CFA,Security,12,3,0,101.22611710260571,101.2261170885544,1.2168803246516268e-08,-1.3881107374658086e-08,5.842459637763871,5.8424596370265744,6.385179652489002e-10,-1.2619627565157998e-08
Aurora,Security,12,3,1,89.22429087175277,89.24185869772852,0.030428377468241025,0.019689510338616323,4.707309610690572,4.709025714129826,0.0029723787959141505,0.036456141218255134
TaTS,SocialGood,6,3,1,1.064878293277627,1.0527372108545727,0.021028971273652396,-1.1401380326464206,0.6525321386822702,0.6470958319111016,0.009415959279108307,-0.8331094284714791
MM-TSFlib,SocialGood,6,3,0,0.7169099234673274,0.7169099234673274,0.0,0.0,0.4204102437799664,0.4204102437799664,0.0,0.0
SpecTF,SocialGood,6,3,0,0.9929525026766165,0.9929525026766165,0.0,0.0,0.41201256257147656,0.41201256257147656,0.0,0.0
CFA,SocialGood,6,3,0,0.9942550612647435,0.9942550613286398,5.533575115234641e-11,6.426548182503211e-09,0.4034629328022056,0.40346293283211315,2.5900736966069308e-11,7.412714886356753e-09
Aurora,SocialGood,6,3,0,1.6768303961171411,1.6768303962961066,1.5498848496753019e-10,1.067284038924754e-08,0.8500577690591676,0.850057769146797,7.588920962809119e-11,1.0308642828249504e-08
TaTS,SocialGood,8,3,1,1.1622191062566747,1.1195366188388725,0.07392823684079107,-3.672499203293589,0.6840515832269662,0.6616922041995145,0.038727580545160456,-3.2686685588786957
MM-TSFlib,SocialGood,8,3,0,0.845313280627705,0.845313280627705,0.0,0.0,0.47276163831566276,0.47276163831566276,0.0,0.0
SpecTF,SocialGood,8,3,0,1.0952617932062743,1.095261793243276,3.204437840353635e-11,3.378342050552874e-09,0.446760548192314,0.4467605482142695,1.9014030697367958e-11,4.914380014042763e-09
CFA,SocialGood,8,3,0,0.8982351742735893,0.8982351743012068,2.391742530070149e-11,3.074629439936416e-09,0.40577075217594527,0.4057707521967094,1.7982265067949114e-11,5.1171955561812865e-09
Aurora,SocialGood,8,3,1,1.787518923563987,1.7228705185063113,0.11197432218818677,-3.6166557011199973,0.8869289833702908,0.8560472290238913,0.05348876755482494,-3.481874527208506
TaTS,SocialGood,10,3,2,1.2931527146674995,1.1891676277675314,0.09546090932585279,-8.04120702222747,0.7389791462934141,0.6899622577062535,0.045455532283324517,-6.633054374134972
MM-TSFlib,SocialGood,10,3,0,0.8738624749434614,0.8738624749434614,0.0,0.0,0.4942628199982694,0.49426281999826943,6.798699777552591e-17,2.220446049250313e-14
SpecTF,SocialGood,10,3,0,1.3973327760600354,1.397332776017638,7.343474005540146e-11,-3.0341729129190753e-09,0.5299950604018419,0.5299950603759757,4.480163335868069e-11,-4.880462700640464e-09
CFA,SocialGood,10,3,0,0.9862629560847868,0.9862629560847868,0.0,0.0,0.448480175912777,0.448480175912777,0.0,0.0
Aurora,SocialGood,10,3,1,1.8458122988986667,1.7435649850457795,0.1770975425306416,-5.539420986299348,0.9116577562991083,0.8661770324646615,0.07877492444627077,-4.988793603761643
TaTS,SocialGood,12,3,0,1.322838435281429,1.322838435281429,0.0,0.0,0.7108686566817576,0.7108686566817576,0.0,0.0
MM-TSFlib,SocialGood,12,3,1,0.9595029697920977,0.959403889069738,0.00017161284517778848,-0.010326254892278897,0.5390425408569243,0.5395889340582163,0.0009463807855480462,0.10136365126645064
SpecTF,SocialGood,12,3,0,1.302310829209715,1.302310829209715,0.0,0.0,0.5596722319171236,0.5596722319171236,0.0,0.0
CFA,SocialGood,12,3,0,1.1426291047109751,1.1426291047609711,4.3297940637041596e-11,4.375522166810697e-09,0.4946390308919335,0.4946390309060304,1.2208217059098322e-11,2.849942504212777e-09
Aurora,SocialGood,12,3,0,1.8754868897925865,1.8754868897925865,0.0,0.0,0.9264776484421877,0.9264776484421877,0.0,0.0
TaTS,Traffic,6,3,0,0.24723389000952123,0.24723389000952123,0.0,0.0,0.2870771830821588,0.2870771830821588,0.0,0.0
MM-TSFlib,Traffic,6,3,0,0.15184177843025573,0.15184177843025573,0.0,0.0,0.2889693409401198,0.2889693409401198,0.0,0.0
SpecTF,Traffic,6,3,0,0.16757848338838088,0.16757848338838088,0.0,0.0,0.23199237465071598,0.23199237465071598,0.0,0.0
CFA,Traffic,6,3,3,0.15811983108467015,0.15625621720979446,0.00023015931550876076,-1.1786085667380708,0.2111115239240942,0.20756123517409408,0.000515871955158878,-1.681712435213456
Aurora,Traffic,6,3,0,0.15602859012632012,0.15602859012632012,0.0,0.0,0.23506494097583758,0.23506494097583755,3.3993498887762956e-17,-1.1102230246251565e-14
TaTS,Traffic,8,3,2,0.23876363465916217,0.2367828702141799,0.0017343429329646062,-0.8295921813260332,0.2842959060963958,0.2837547770002073,0.0004786285793556525,-0.19034009445252353
MM-TSFlib,Traffic,8,3,0,0.15819917205889875,0.15819917205889875,0.0,0.0,0.29109538162145954,0.29109538162145954,0.0,0.0
SpecTF,Traffic,8,3,2,0.18590940564234654,0.1857856013000482,0.00011547635075838397,-0.06659391001254678,0.23040441761876343,0.2302003867929309,0.0001971612877741044,-0.08855334803958836
CFA,Traffic,8,3,0,0.15928932672901436,0.15928932672901436,0.0,0.0,0.20568800303671095,0.20568800303671095,0.0,0.0
Aurora,Traffic,8,3,0,0.16190882453397848,0.16190882453397848,0.0,0.0,0.2416489091936988,0.24164890919369877,3.3993498887762956e-17,-1.1102230246251565e-14
TaTS,Traffic,10,3,2,0.24555718831519832,0.24441621153902268,0.0010353694811029528,-0.464648086258046,0.29089475784105123,0.29052169199047223,0.0003742191578318653,-0.12824770489087145
MM-TSFlib,Traffic,10,3,0,0.1666901516930486,0.1666901516930486,0.0,0.0,0.3120483236214549,0.3120483236214549,0.0,0.0
SpecTF,Traffic,10,3,0,0.19986794571428487,0.19986794571428487,0.0,0.0,0.23956109915389534,0.23956109915389534,0.0,0.0
CFA,Traffic,10,3,0,0.1732082597712524,0.1732082597712524,0.0,0.0,0.21992391489215732,0.21992391489215732,0.0,0.0
Aurora,Traffic,10,3,0,0.16721218643952346,0.16721218643952343,3.3993498887762956e-17,-1.1102230246251565e-14,0.248815129804857,0.248815129804857,0.0,0.0
TaTS,Traffic,12,3,0,0.22234044158079816,0.22234044158079816,0.0,0.0,0.2859304013482311,0.2859304013482311,0.0,0.0
MM-TSFlib,Traffic,12,3,0,0.17549252996919057,0.1754925299691906,3.3993498887762956e-17,2.220446049250313e-14,0.33094635932591926,0.33094635932591926,0.0,0.0
SpecTF,Traffic,12,3,0,0.18894771280705278,0.18894771280705278,0.0,0.0,0.2395439922286753,0.2395439922286753,0.0,0.0
CFA,Traffic,12,3,0,0.17699060160295385,0.17699060160295385,0.0,0.0,0.2268597012549116,0.2268597012549116,0.0,0.0
Aurora,Traffic,12,3,0,0.17349987474511538,0.17349987474511538,0.0,0.0,0.257084223079054,0.257084223079054,0.0,0.0
