model,domain,horizon,alpha,best_epoch,baseline_mse,baseline_mae,plugin_mse,plugin_mae,mse_delta_pct,mae_delta_pct,test_windows
Aurora,Agriculture,10,1.0,11,1.0489926215870151,0.7414448785781861,1.0272187977209082,0.7349022743437025,-2.0756889436615578,-0.8824127623660805,90
CFA,Agriculture,10,0.0,0,0.2957665703977065,0.3709826901223924,0.2957665703977065,0.3709826901223924,0.0,0.0,90
MM-TSFlib,Agriculture,10,1.0,0,3.1341403346513683,1.297273066441218,3.0940259259182707,1.2885265335771772,-1.2799174398666402,-0.6742245014023873,90
SpecTF,Agriculture,10,0.0,0,0.3745156943520879,0.44496886783176,0.3745156943520879,0.44496886783176,0.0,0.0,90
TaTS,Agriculture,10,1.0,0,0.660275754443527,0.6446413750118679,0.6526901484061455,0.6408557813697391,-1.1488542455681428,-0.5872402530878729,90
Aurora,Agriculture,12,1.0,20,1.0627158001504788,0.7462488257072188,1.042601719417036,0.7402405762536959,-1.8927055314877816,-0.8051268218518093,88
CFA,Agriculture,12,1.0,0,0.375511166311505,0.4144204809810176,0.3695415103924373,0.4116665048129631,-1.589741252625121,-0.6645366950820741,88
MM-TSFlib,Agriculture,12,1.0,0,3.444487873004784,1.390887039064458,3.408319799724144,1.383409130979668,-1.0500275981256024,-0.5376359024683697,88
SpecTF,Agriculture,12,0.0,0,0.3578531809373068,0.4209169678841576,0.3578531809373068,0.4209169678841576,0.0,0.0,88
TaTS,Agriculture,12,1.0,0,0.8091895123824263,0.717221935928771,0.8006997975203692,0.713640864261172,-1.049162740266063,-0.4992975658171583,88
Aurora,Agriculture,6,1.0,20,0.9220825470752548,0.6908093629576636,0.9016764448228798,0.6843423870861107,-2.2130450594798567,-0.9361447916491517,94
CFA,Agriculture,6,0.0,0,0.1678508876614367,0.289600725715042,0.1678508876614367,0.289600725715042,0.0,0.0,94
MM-TSFlib,Agriculture,6,1.0,0,3.020122845355682,1.2793749970324495,2.9869416339468007,1.2718481719493866,-1.0986709186319057,-0.5883204768360795,94
SpecTF,Agriculture,6,1.0,0,0.2098411646022834,0.2994838838881634,0.2061042700435952,0.2978842848158897,-1.7808205390828946,-0.5341185814429439,94
TaTS,Agriculture,6,1.0,0,0.4957950753569448,0.597170186592332,0.4895441472344312,0.5934024330572034,-1.2607886671753166,-0.6309346346690115,94
Aurora,Agriculture,8,0.0,0,1.0007036012213404,0.7222759692889192,1.0007036012213404,0.7222759692889192,0.0,0.0,92
CFA,Agriculture,8,0.0,0,0.2135153207832156,0.3195646000297173,0.2135153207832156,0.3195646000297173,0.0,0.0,92
MM-TSFlib,Agriculture,8,0.0,0,3.108282920511877,1.2896458074126556,3.108282920511877,1.2896458074126556,0.0,0.0,92
SpecTF,Agriculture,8,0.0,0,0.2859059478604212,0.372190048351236,0.2859059478604212,0.372190048351236,0.0,0.0,92
TaTS,Agriculture,8,0.0,0,0.4841925685073314,0.572499158265798,0.4841925685073314,0.572499158265798,0.0,0.0,92
Aurora,Climate,10,0.0,0,1.160987251945506,0.8762681745613615,1.160987251945506,0.8762681745613615,0.0,0.0,90
CFA,Climate,10,0.0,0,1.092105793381428,0.84986556350357,1.092105793381428,0.84986556350357,0.0,0.0,90
MM-TSFlib,Climate,10,0.0,0,1.240591446480515,0.89791528550701,1.240591446480515,0.89791528550701,0.0,0.0,90
SpecTF,Climate,10,0.0,0,1.122673221953801,0.8515015275155504,1.122673221953801,0.8515015275155504,0.0,0.0,90
TaTS,Climate,10,0.0,0,1.1619446530906397,0.8608195755340987,1.1619446530906397,0.8608195755340987,0.0,0.0,90
Aurora,Climate,12,0.0,0,1.170637196344912,0.8838027440554773,1.170637196344912,0.8838027440554773,0.0,0.0,88
CFA,Climate,12,0.0,0,1.1168280253274565,0.8532134279693392,1.1168280253274565,0.8532134279693392,0.0,0.0,88
MM-TSFlib,Climate,12,0.0,0,1.216266716641858,0.8851447832580148,1.216266716641858,0.8851447832580148,0.0,0.0,88
SpecTF,Climate,12,0.0,0,1.1263081595494997,0.8685202142964541,1.1263081595494997,0.8685202142964541,0.0,0.0,88
TaTS,Climate,12,0.0,0,1.140930466561277,0.8553936390552818,1.140930466561277,0.8553936390552818,0.0,0.0,88
Aurora,Climate,6,0.0,0,1.1349327217499228,0.8616187974929492,1.1349327217499228,0.8616187974929492,0.0,0.0,94
CFA,Climate,6,0.0,0,1.2072524510127576,0.8877422131882016,1.2072524510127576,0.8877422131882016,0.0,0.0,94
MM-TSFlib,Climate,6,0.0,0,1.1941477411059078,0.8785688414945142,1.1941477411059078,0.8785688414945142,0.0,0.0,94
SpecTF,Climate,6,0.0,0,1.0572414049925405,0.8341966693732121,1.0572414049925405,0.8341966693732121,0.0,0.0,94
TaTS,Climate,6,0.0,0,1.1433486500492296,0.8512762325241211,1.1433486500492296,0.8512762325241211,0.0,0.0,94
Aurora,Climate,8,0.0,0,1.1448523517070182,0.8674248044541024,1.1448523517070182,0.8674248044541024,0.0,0.0,92
CFA,Climate,8,0.0,0,1.1615048121002265,0.8794871568882271,1.1615048121002265,0.8794871568882271,0.0,0.0,92
MM-TSFlib,Climate,8,0.0,0,1.3202855798503386,0.92470549085714,1.3202855798503386,0.92470549085714,0.0,0.0,92
SpecTF,Climate,8,0.0,0,1.0735316048267858,0.8403140750015154,1.0735316048267858,0.8403140750015154,0.0,0.0,92
TaTS,Climate,8,0.0,0,1.1675973013245315,0.867811391901974,1.1675973013245315,0.867811391901974,0.0,0.0,92
Aurora,Economy,10,0.0,0,0.3195063771898608,0.4154484982490539,0.3195063771898608,0.4154484982490539,0.0,0.0,75
CFA,Economy,10,0.0,0,0.2358664328103562,0.3863797625700633,0.2358664328103562,0.3863797625700633,0.0,0.0,75
MM-TSFlib,Economy,10,0.0,0,0.9352328318386304,0.8021725075244903,0.9352328318386304,0.8021725075244903,0.0,0.0,75
SpecTF,Economy,10,0.0,0,0.198226023968898,0.3472177498340607,0.198226023968898,0.3472177498340607,0.0,0.0,75
TaTS,Economy,10,0.0,0,0.1805854886788782,0.3368168587684631,0.1805854886788782,0.3368168587684631,0.0,0.0,75
Aurora,Economy,12,0.0,0,0.3338778977769873,0.4252906971734408,0.3338778977769873,0.4252906971734408,0.0,0.0,73
CFA,Economy,12,0.0,0,0.2366846614918831,0.3859899857136757,0.2366846614918831,0.3859899857136757,0.0,0.0,73
MM-TSFlib,Economy,12,0.0,0,0.98994579527304,0.8279729316087618,0.98994579527304,0.8279729316087618,0.0,0.0,73
SpecTF,Economy,12,0.0,0,0.2284524189522842,0.3732766157960238,0.2284524189522842,0.3732766157960238,0.0,0.0,73
TaTS,Economy,12,0.0,0,0.2026182841727849,0.3596185333516499,0.2026182841727849,0.3596185333516499,0.0,0.0,73
Aurora,Economy,6,0.0,0,0.2765094516955123,0.3902720031858999,0.2765094516955123,0.3902720031858999,0.0,0.0,79
CFA,Economy,6,0.0,0,0.1715874561188315,0.3179805547879215,0.1715874561188315,0.3179805547879215,0.0,0.0,79
MM-TSFlib,Economy,6,0.0,0,0.856517587448229,0.7756360819571129,0.856517587448229,0.7756360819571129,0.0,0.0,79
SpecTF,Economy,6,0.0,0,0.1539855806977665,0.3086953954103124,0.1539855806977665,0.3086953954103124,0.0,0.0,79
TaTS,Economy,6,0.0,0,0.1627107498702051,0.3214739915690844,0.1627107498702051,0.3214739915690844,0.0,0.0,79
Aurora,Economy,8,0.0,0,0.3013488889278055,0.4055548917937588,0.3013488889278055,0.4055548917937588,0.0,0.0,77
CFA,Economy,8,0.0,0,0.1903033874963145,0.3428347496823831,0.1903033874963145,0.3428347496823831,0.0,0.0,77
MM-TSFlib,Economy,8,0.0,0,0.9900096772677194,0.845209825542066,0.9900096772677194,0.845209825542066,0.0,0.0,77
SpecTF,Economy,8,0.0,0,0.2079403209510208,0.3618400586502893,0.2079403209510208,0.3618400586502893,0.0,0.0,77
TaTS,Economy,8,0.0,0,0.1719353052738598,0.3322616248548805,0.1719353052738598,0.3322616248548805,0.0,0.0,77
Aurora,Energy,12,0.0,0,0.2606396295814447,0.3967103798435935,0.2606396295814447,0.3967103798435935,0.0,0.0,284
CFA,Energy,12,0.0,0,0.1098322380964366,0.2396534409965913,0.1098322380964366,0.2396534409965913,0.0,0.0,284
MM-TSFlib,Energy,12,0.0,0,0.1333271210552185,0.2584491496077113,0.1333271210552185,0.2584491496077113,0.0,0.0,284
SpecTF,Energy,12,0.0,0,0.0957772998405395,0.217430789418794,0.0957772998405395,0.217430789418794,0.0,0.0,284
TaTS,Energy,12,0.0,0,0.1838611594669525,0.3366886941402355,0.1838611594669525,0.3366886941402355,0.0,0.0,284
Aurora,Energy,24,0.0,0,0.3169472028399095,0.4405978372062022,0.3169472028399095,0.4405978372062022,0.0,0.0,272
CFA,Energy,24,0.0,0,0.2225238188658893,0.3491063232386117,0.2225238188658893,0.3491063232386117,0.0,0.0,272
MM-TSFlib,Energy,24,0.0,0,0.1919605948267692,0.326058221294564,0.1919605948267692,0.326058221294564,0.0,0.0,272
SpecTF,Energy,24,0.0,0,0.2114401345865756,0.3374395835384277,0.2114401345865756,0.3374395835384277,0.0,0.0,272
TaTS,Energy,24,0.0,0,0.2679513516919662,0.3922856408794805,0.2679513516919662,0.3922856408794805,0.0,0.0,272
Aurora,Energy,36,1.0,20,0.3960474991106734,0.4908856645673981,0.3954865656372958,0.490571891214812,-0.1416328785403542,-0.0639198443211142,260
CFA,Energy,36,1.0,0,0.3763866601028168,0.4566299636721905,0.3767461477703485,0.4568488267380207,0.0955102041696687,0.0479300710076069,260
MM-TSFlib,Energy,36,1.0,0,0.3349672402421823,0.4457369022195737,0.3340951353476845,0.4449743123700181,-0.2603552794796293,-0.1710851952706038,260
SpecTF,Energy,36,1.0,20,0.306159764058636,0.4083708780128648,0.3060218274474907,0.4085041926543897,-0.0450538010993595,0.0326454820122279,260
TaTS,Energy,36,1.0,0,0.3669344974042282,0.457344564584454,0.3666938502267504,0.4573440400925221,-0.0655831433621467,-0.0001146820083786,260
Aurora,Energy,48,1.0,7,0.4675554385570295,0.5363170466955458,0.466601983839677,0.5359925172731461,-0.2039233508426496,-0.0605107416218109,248
CFA,Energy,48,1.0,3,0.3953827733198286,0.4816293024375608,0.395786661437024,0.4822790797308151,0.1021511670334707,0.1349123257172291,248
MM-TSFlib,Energy,48,1.0,0,0.4709858388990688,0.5479251636342886,0.4689306465013452,0.5464419801467566,-0.4363597008622544,-0.2706908873639335,248
SpecTF,Energy,48,1.0,20,0.381582341708379,0.4718210799986483,0.381443999766197,0.4721808272505602,-0.0362548071702328,0.0762465407253332,248
TaTS,Energy,48,1.0,0,0.4090589781089583,0.490650763065787,0.4089842395323066,0.4907378599734417,-0.0182708559526401,0.0177513038215781,248
Aurora,Environment,192,0.0,0,0.4248413093516699,0.4647797003090438,0.4248413093516699,0.4647797003090438,0.0,0.0,2858
CFA,Environment,192,0.0,0,0.3571774387519107,0.4129842268859791,0.3571774387519107,0.4129842268859791,0.0,0.0,2858
MM-TSFlib,Environment,192,1.0,3,0.4242335365095049,0.5187985240273155,0.417382549368506,0.5145323638163399,-1.6149093721744,-0.8223154102017016,2858
SpecTF,Environment,192,1.0,0,0.3021611736320699,0.4118383073517193,0.2990854450765782,0.4089777437618921,-1.0179099182467954,-0.6945841459532365,2858
TaTS,Environment,192,1.0,0,0.2819047584465879,0.4112357700223958,0.2792282606791236,0.408833815592772,-0.9494333413217038,-0.5840820776590094,2858
Aurora,Environment,336,0.0,0,0.4190524478685099,0.4656672906307553,0.4190524478685099,0.4656672906307553,0.0,0.0,2714
CFA,Environment,336,1.0,0,0.3480183759933066,0.4114714628463914,0.3480479363829644,0.4131199175144778,0.0084939163265129,0.4006243000870935,2714
MM-TSFlib,Environment,336,1.0,2,0.4371093961338869,0.5207986572771367,0.4221270155333321,0.5119486159593172,-3.427604332707068,-1.699321070466986,2714
SpecTF,Environment,336,1.0,0,0.3039387796526263,0.4100298752127239,0.2979346604610919,0.4047147787984408,-1.975437026626392,-1.296270524562515,2714
TaTS,Environment,336,1.0,2,0.3033101027547769,0.4324199708049835,0.2956823537472258,0.42667128359371,-2.5148351269123514,-1.329422228249999,2714
Aurora,Environment,48,0.0,0,0.3948886373822743,0.4438528716078274,0.3948886373822743,0.4438528716078274,0.0,0.0,3002
CFA,Environment,48,0.0,0,0.3166463409683321,0.3964216255846258,0.3166463409683321,0.3964216255846258,0.0,0.0,3002
MM-TSFlib,Environment,48,1.0,7,0.2959664751371086,0.4276555868260661,0.2938084775388589,0.4249966148716965,-0.7291358243361579,-0.6217554584294738,3002
SpecTF,Environment,48,0.0,0,0.3044369833964787,0.4044716126238725,0.3044369833964787,0.4044716126238725,0.0,0.0,3002
TaTS,Environment,48,1.0,7,0.3035071647855435,0.4307871740670092,0.3007891714999802,0.4278312850145659,-0.8955285413060343,-0.6861599486672421,3002
Aurora,Environment,96,0.0,0,0.436249744115291,0.4676209816124746,0.436249744115291,0.4676209816124746,0.0,0.0,2954
CFA,Environment,96,0.0,0,0.3526177968237466,0.4128519849729309,0.3526177968237466,0.4128519849729309,0.0,0.0,2954
MM-TSFlib,Environment,96,0.0,0,0.3455599920406702,0.4633080828313224,0.3455599920406702,0.4633080828313224,0.0,0.0,2954
SpecTF,Environment,96,1.0,0,0.3294876407837262,0.4130137946963252,0.3251572565686073,0.4094069626620839,-1.3142781941133053,-0.8732957786296902,2954
TaTS,Environment,96,0.0,0,0.2969700848795675,0.4222759690162095,0.2969700848795675,0.4222759690162095,0.0,0.0,2954
Aurora,Health,12,0.0,0,2.951583919706718,1.2123253222572494,2.951583919706718,1.2123253222572494,0.0,0.0,265
CFA,Health,12,0.0,0,1.2511063900795063,0.7273466209799004,1.2511063900795063,0.7273466209799004,0.0,0.0,265
MM-TSFlib,Health,12,1.0,0,1.1136970432833555,0.745128760355636,1.1111347492765662,0.7439392722413858,-0.2300710073931067,-0.1596352439385828,265
SpecTF,Health,12,0.0,0,1.4038450793465198,0.7974180852525733,1.4038450793465198,0.7974180852525733,0.0,0.0,265
TaTS,Health,12,1.0,0,1.162485666759557,0.6905360702575702,1.1624998511965263,0.6897405390570572,0.0012201816654844,-0.1152048726746901,265
Aurora,Health,24,0.0,0,3.6808098775478593,1.372207467117542,3.6808098775478593,1.372207467117542,0.0,0.0,253
CFA,Health,24,0.0,0,2.247770659152981,0.9273627418935746,2.247770659152981,0.9273627418935746,0.0,0.0,253
MM-TSFlib,Health,24,1.0,0,1.278115050167505,0.7995671802470325,1.276106206752755,0.7989761076058655,-0.1571723464555474,-0.0739240748956815,253
SpecTF,Health,24,0.0,0,1.8081685119737,0.9177914362801706,1.8081685119737,0.9177914362801706,0.0,0.0,253
TaTS,Health,24,1.0,0,1.9588399699566217,0.8594140176587997,1.9611298291681412,0.8594749112955843,0.116898738367599,0.0070854833099653,253
Aurora,Health,36,0.0,0,3.214042561077896,1.2744120767663387,3.214042561077896,1.2744120767663387,0.0,0.0,241
CFA,Health,36,0.0,0,3.26154692370146,1.060514745261922,3.26154692370146,1.060514745261922,0.0,0.0,241
MM-TSFlib,Health,36,0.0,0,1.3416884651688017,0.7957999696227288,1.3416884651688017,0.7957999696227288,0.0,0.0,241
SpecTF,Health,36,0.0,0,1.976011818987007,0.9709013849676108,1.976011818987007,0.9709013849676108,0.0,0.0,241
TaTS,Health,36,0.0,0,2.6637995121904203,0.9724688033589216,2.6637995121904203,0.9724688033589216,0.0,0.0,241
Aurora,Health,48,0.0,0,3.0444135682435243,1.2394286783697122,3.0444135682435243,1.2394286783697122,0.0,0.0,229
CFA,Health,48,0.0,0,2.486236821117312,1.0196322214681577,2.486236821117312,1.0196322214681577,0.0,0.0,229
MM-TSFlib,Health,48,0.0,0,1.5206820689309244,0.8628716777655208,1.5206820689309244,0.8628716777655208,0.0,0.0,229
SpecTF,Health,48,0.0,0,1.8182009834333157,0.9114058270453634,1.8182009834333157,0.9114058270453634,0.0,0.0,229
TaTS,Health,48,0.0,0,2.439152943043525,0.9848521590906262,2.439152943043525,0.9848521590906262,0.0,0.0,229
Aurora,Security,10,1.0,0,84.90057840505591,4.551266473531723,85.02049202730926,4.563542530179023,0.1412400533730817,0.2697283650318516,50
CFA,Security,10,0.0,0,81.7253473516777,4.8916871753335,81.7253473516777,4.8916871753335,0.0,0.0,50
MM-TSFlib,Security,10,1.0,0,97.48980132754843,6.213066874310374,96.44926803863416,6.115814939752221,-1.067325273767128,-1.565280666143598,50
SpecTF,Security,10,0.0,0,73.99498989666476,4.140486572742463,73.99498989666476,4.140486572742463,0.0,0.0,50
TaTS,Security,10,0.0,0,83.39170232092721,4.78343926948309,83.39170232092721,4.78343926948309,0.0,0.0,50
Aurora,Security,12,0.0,0,89.22429023995113,4.707309598103166,89.22429023995113,4.707309598103166,0.0,0.0,48
CFA,Security,12,0.0,0,101.2261177744636,5.842459636533426,101.2261177744636,5.842459636533426,0.0,0.0,48
MM-TSFlib,Security,12,0.0,0,96.649637989393,5.996091662857604,96.649637989393,5.996091662857604,0.0,0.0,48
SpecTF,Security,12,0.0,0,78.0756260248761,4.343691425191032,78.0756260248761,4.343691425191032,0.0,0.0,48
TaTS,Security,12,0.0,0,80.98327353058404,4.631983137844752,80.98327353058404,4.631983137844752,0.0,0.0,48
Aurora,Security,6,0.0,0,77.16228135948103,4.235003875361548,77.16228135948103,4.235003875361548,0.0,0.0,54
CFA,Security,6,0.0,0,73.1699577518967,4.5288021627031725,73.1699577518967,4.5288021627031725,0.0,0.0,54
MM-TSFlib,Security,6,0.0,0,93.22567973938234,6.1230069236990845,93.22567973938234,6.1230069236990845,0.0,0.0,54
SpecTF,Security,6,0.0,0,67.14183349199133,3.8526697799931338,67.14183349199133,3.8526697799931338,0.0,0.0,54
TaTS,Security,6,0.0,0,72.69913674090418,4.3821574355257145,72.69913674090418,4.3821574355257145,0.0,0.0,54
Aurora,Security,8,0.0,0,81.18467217771146,4.406378358029402,81.18467217771146,4.406378358029402,0.0,0.0,52
CFA,Security,8,0.0,0,91.4326587562948,5.660050311555656,91.4326587562948,5.660050311555656,0.0,0.0,52
MM-TSFlib,Security,8,0.0,0,96.53889037487308,6.252864701964427,96.53889037487308,6.252864701964427,0.0,0.0,52
SpecTF,Security,8,0.0,0,70.69901896497308,4.00295739248395,70.69901896497308,4.00295739248395,0.0,0.0,52
TaTS,Security,8,0.0,0,72.97911925256292,4.433972103807789,72.97911925256292,4.433972103807789,0.0,0.0,52
Aurora,SocialGood,10,0.0,0,1.8458123105731856,0.9116577583965818,1.8458123105731856,0.9116577583965818,0.0,0.0,169
CFA,SocialGood,10,0.0,0,0.9862629585341308,0.4484801761872141,0.9862629585341308,0.4484801761872141,0.0,0.0,169
MM-TSFlib,SocialGood,10,0.0,0,0.8738624770825355,0.4942628199631381,0.8738624770825355,0.4942628199631381,0.0,0.0,169
SpecTF,SocialGood,10,0.0,0,1.397332768674239,0.5299950597851851,1.397332768674239,0.5299950597851851,0.0,0.0,169
TaTS,SocialGood,10,0.0,0,1.293152702071202,0.7389791452364456,1.293152702071202,0.7389791452364456,0.0,0.0,169
Aurora,SocialGood,12,0.0,0,1.87548689678394,0.9264776503217376,1.87548689678394,0.9264776503217376,0.0,0.0,167
CFA,SocialGood,12,0.0,0,1.1426290902530842,0.4946390299113493,1.1426290902530842,0.4946390299113493,0.0,0.0,167
MM-TSFlib,SocialGood,12,0.0,0,0.9595029720529904,0.5390425416345368,0.9595029720529904,0.5390425416345368,0.0,0.0,167
SpecTF,SocialGood,12,0.0,0,1.3023108138924064,0.5596722309159751,1.3023108138924064,0.5596722309159751,0.0,0.0,167
TaTS,SocialGood,12,0.0,0,1.3228384370664317,0.7108686566194835,1.3228384370664317,0.7108686566194835,0.0,0.0,167
Aurora,SocialGood,6,0.0,0,1.6768303964901885,0.8500577699687325,1.6768303964901885,0.8500577699687325,0.0,0.0,173
CFA,SocialGood,6,0.0,0,0.9942550496840478,0.403462932055712,0.9942550496840478,0.403462932055712,0.0,0.0,173
MM-TSFlib,SocialGood,6,0.0,0,0.7169099200156654,0.4204102434372253,0.7169099200156654,0.4204102434372253,0.0,0.0,173
SpecTF,SocialGood,6,0.0,0,0.9929524954321776,0.4120125620606174,0.9929524954321776,0.4120125620606174,0.0,0.0,173
TaTS,SocialGood,6,0.0,0,1.0648782938669898,0.6525321384759077,1.0648782938669898,0.6525321384759077,0.0,0.0,173
Aurora,SocialGood,8,0.0,0,1.7875189295430172,0.8869289855543546,1.7875189295430172,0.8869289855543546,0.0,0.0,171
CFA,SocialGood,8,0.0,0,0.89823517771868,0.4057707524428155,0.89823517771868,0.4057707524428155,0.0,0.0,171
MM-TSFlib,SocialGood,8,0.0,0,0.8453132897591976,0.4727616396443972,0.8453132897591976,0.4727616396443972,0.0,0.0,171
SpecTF,SocialGood,8,0.0,0,1.0952617962044382,0.4467605487470738,1.0952617962044382,0.4467605487470738,0.0,0.0,171
TaTS,SocialGood,8,0.0,0,1.162219097543434,0.6840515820914063,1.162219097543434,0.6840515820914063,0.0,0.0,171
Aurora,Traffic,10,0.0,0,0.1672121884100846,0.2488151304500619,0.1672121884100846,0.2488151304500619,0.0,0.0,97
CFA,Traffic,10,0.0,0,0.1732082579442522,0.2199239142776764,0.1732082579442522,0.2199239142776764,0.0,0.0,97
MM-TSFlib,Traffic,10,0.0,0,0.1666901523675845,0.3120483235292828,0.1666901523675845,0.3120483235292828,0.0,0.0,97
SpecTF,Traffic,10,0.0,0,0.1998679458837737,0.2395610991519751,0.1998679458837737,0.2395610991519751,0.0,0.0,97
TaTS,Traffic,10,0.0,0,0.2455571864377533,0.2908947578410512,0.2455571864377533,0.2908947578410512,0.0,0.0,97
Aurora,Traffic,12,0.0,0,0.1734998762860518,0.2570842235234746,0.1734998762860518,0.2570842235234746,0.0,0.0,95
CFA,Traffic,12,0.0,0,0.1769906006536231,0.2268597009412029,0.1769906006536231,0.2268597009412029,0.0,0.0,95
MM-TSFlib,Traffic,12,0.0,0,0.1754925285456282,0.3309463587769291,0.1754925285456282,0.3309463587769291,0.0,0.0,95
SpecTF,Traffic,12,0.0,0,0.1889477112484695,0.239543991470546,0.1889477112484695,0.239543991470546,0.0,0.0,95
TaTS,Traffic,12,0.0,0,0.2223404424172898,0.2859304015573702,0.2223404424172898,0.2859304015573702,0.0,0.0,95
Aurora,Traffic,6,0.0,0,0.1560285923625199,0.2350649415659825,0.1560285923625199,0.2350649415659825,0.0,0.0,101
CFA,Traffic,6,0.0,0,0.1581198299266444,0.2111115237273792,0.1581198299266444,0.2111115237273792,0.0,0.0,101
MM-TSFlib,Traffic,6,0.0,0,0.1518417787161155,0.2889693411860135,0.1518417787161155,0.2889693411860135,0.0,0.0,101
SpecTF,Traffic,6,0.0,0,0.1675784847702594,0.231992375044146,0.1675784847702594,0.231992375044146,0.0,0.0,101
TaTS,Traffic,6,0.0,0,0.247233890091207,0.2870771832788738,0.247233890091207,0.2870771832788738,0.0,0.0,101
Aurora,Traffic,8,0.0,0,0.1619088261432561,0.2416489097205075,0.1619088261432561,0.2416489097205075,0.0,0.0,99
CFA,Traffic,8,0.0,0,0.1592893258038743,0.2056880028861941,0.1592893258038743,0.2056880028861941,0.0,0.0,99
MM-TSFlib,Traffic,8,0.0,0,0.1581991739480319,0.2910953821482682,0.1581991739480319,0.2910953821482682,0.0,0.0,99
SpecTF,Traffic,8,0.0,0,0.185909403052948,0.2304044170211059,0.185909403052948,0.2304044170211059,0.0,0.0,99
TaTS,Traffic,8,0.0,0,0.2387636348891446,0.2842959066984629,0.2387636348891446,0.2842959066984629,0.0,0.0,99
